2026-06-28T17:51:15.266209Z  INFO herdr::api::server: api server listening path=/home/aoeu/.config/herdr/herdr.sock
2026-06-28T17:51:15.266868Z  INFO herdr::app: using pane scrollback configuration pane_scrollback_limit_bytes=10000000
2026-06-28T17:51:15.303691Z  INFO herdr::logging: checking for updates event="update.check.start" subsystem="update" outcome="started"
2026-06-28T17:51:15.303753Z  INFO herdr::logging: spawning pane terminal event="pane.spawn.start" subsystem="pane" outcome="started" pane_id=1 rows=24 cols=80 scrollback_limit_bytes=10000000
2026-06-28T17:51:15.304671Z  INFO herdr::logging: pane child spawned event="pane.spawned" subsystem="pane" outcome="ok" pane_id=1 pid=25969
2026-06-28T17:51:15.304850Z  INFO herdr::logging: workspace created event="workspace.create" subsystem="workspace" outcome="ok" workspace_id="w1" pane_id=1
2026-06-28T17:51:15.304858Z  INFO herdr::logging: workspace focused event="workspace.focus" subsystem="workspace" outcome="ok" workspace_id="w1"
2026-06-28T17:51:15.304870Z  INFO herdr::logging: tab focused event="tab.focus" subsystem="tab" outcome="ok" workspace_id="w1" tab_id="w1:t1"
2026-06-28T17:51:15.304876Z  INFO herdr::server::headless: created startup workspace cwd=/ManifoldOS
2026-06-28T17:51:15.304957Z  INFO herdr::server::headless: client protocol socket listening path=/home/aoeu/.config/herdr/herdr-client.sock
2026-06-28T17:51:15.304991Z  INFO herdr::server::headless: herdr server started api_socket=/home/aoeu/.config/herdr/herdr.sock client_socket=/home/aoeu/.config/herdr/herdr-client.sock
2026-06-28T17:51:15.305010Z  INFO herdr::logging: herdr starting event="app.startup" subsystem="server" outcome="started" pid=25959
2026-06-28T17:51:15.505710Z  INFO herdr::server::headless: client connected client_id=2 cols=96 rows=50 cell_width_px=0 cell_height_px=0 render_encoding=SemanticFrame
2026-06-28T17:51:20.306835Z  INFO herdr::logging: session saved event="persist.save" subsystem="persist" outcome="ok" path=/home/aoeu/.config/herdr/session.json workspaces=1
2026-06-28T17:51:21.702488Z  INFO herdr::logging: pane child exited event="pane.exit" subsystem="pane" outcome="completed" pane_id=1 status="ExitStatus { code: 0, signal: None }"
2026-06-28T17:51:21.702581Z  INFO herdr::pane: pane session terminated pane=1 pid=25969 signal=Hangup
2026-06-28T17:51:21.702672Z  INFO herdr::logging: spawning pane terminal event="pane.spawn.start" subsystem="pane" outcome="started" pane_id=2 rows=49 cols=70 scrollback_limit_bytes=10000000
2026-06-28T17:51:21.703909Z  INFO herdr::logging: pane child spawned event="pane.spawned" subsystem="pane" outcome="ok" pane_id=2 pid=26289
2026-06-28T17:51:21.704113Z  INFO herdr::logging: workspace created event="workspace.create" subsystem="workspace" outcome="ok" workspace_id="w2" pane_id=2
2026-06-28T17:51:21.704122Z  INFO herdr::logging: workspace focused event="workspace.focus" subsystem="workspace" outcome="ok" workspace_id="w2"
2026-06-28T17:51:21.704132Z  INFO herdr::logging: tab focused event="tab.focus" subsystem="tab" outcome="ok" workspace_id="w2" tab_id="w2:t1"
2026-06-28T17:51:22.874859Z  INFO herdr::logging: pane child exited event="pane.exit" subsystem="pane" outcome="completed" pane_id=2 status="ExitStatus { code: 0, signal: None }"
2026-06-28T17:51:22.875286Z  INFO herdr::pane: pane session terminated pane=2 pid=26289 signal=Hangup
2026-06-28T17:51:22.875631Z  INFO herdr::logging: spawning pane terminal event="pane.spawn.start" subsystem="pane" outcome="started" pane_id=3 rows=49 cols=70 scrollback_limit_bytes=10000000
2026-06-28T17:51:22.876881Z  INFO herdr::logging: pane child spawned event="pane.spawned" subsystem="pane" outcome="ok" pane_id=3 pid=26330
2026-06-28T17:51:22.877062Z  INFO herdr::logging: workspace created event="workspace.create" subsystem="workspace" outcome="ok" workspace_id="w3" pane_id=3
2026-06-28T17:51:22.877071Z  INFO herdr::logging: workspace focused event="workspace.focus" subsystem="workspace" outcome="ok" workspace_id="w3"
2026-06-28T17:51:22.877082Z  INFO herdr::logging: tab focused event="tab.focus" subsystem="tab" outcome="ok" workspace_id="w3" tab_id="w3:t1"
2026-06-28T17:51:23.991434Z  INFO herdr::logging: pane child exited event="pane.exit" subsystem="pane" outcome="completed" pane_id=3 status="ExitStatus { code: 0, signal: None }"
2026-06-28T17:51:23.991521Z  INFO herdr::pane: pane session terminated pane=3 pid=26330 signal=Hangup
2026-06-28T17:51:23.991769Z  INFO herdr::logging: spawning pane terminal event="pane.spawn.start" subsystem="pane" outcome="started" pane_id=4 rows=49 cols=70 scrollback_limit_bytes=10000000
2026-06-28T17:51:23.992840Z  INFO herdr::logging: pane child spawned event="pane.spawned" subsystem="pane" outcome="ok" pane_id=4 pid=26371
2026-06-28T17:51:23.992992Z  INFO herdr::logging: workspace created event="workspace.create" subsystem="workspace" outcome="ok" workspace_id="w4" pane_id=4
2026-06-28T17:51:23.993000Z  INFO herdr::logging: workspace focused event="workspace.focus" subsystem="workspace" outcome="ok" workspace_id="w4"
2026-06-28T17:51:23.993009Z  INFO herdr::logging: tab focused event="tab.focus" subsystem="tab" outcome="ok" workspace_id="w4" tab_id="w4:t1"
2026-06-28T17:51:26.068418Z  INFO herdr::logging: pane child exited event="pane.exit" subsystem="pane" outcome="completed" pane_id=4 status="ExitStatus { code: 0, signal: None }"
2026-06-28T17:51:26.068523Z  INFO herdr::pane: pane session terminated pane=4 pid=26371 signal=Hangup
2026-06-28T17:51:26.068627Z  INFO herdr::logging: spawning pane terminal event="pane.spawn.start" subsystem="pane" outcome="started" pane_id=5 rows=49 cols=70 scrollback_limit_bytes=10000000
2026-06-28T17:51:26.069606Z  INFO herdr::logging: pane child spawned event="pane.spawned" subsystem="pane" outcome="ok" pane_id=5 pid=26420
2026-06-28T17:51:26.069735Z  INFO herdr::logging: workspace created event="workspace.create" subsystem="workspace" outcome="ok" workspace_id="w5" pane_id=5
2026-06-28T17:51:26.069742Z  INFO herdr::logging: workspace focused event="workspace.focus" subsystem="workspace" outcome="ok" workspace_id="w5"
2026-06-28T17:51:26.069752Z  INFO herdr::logging: tab focused event="tab.focus" subsystem="tab" outcome="ok" workspace_id="w5" tab_id="w5:t1"
2026-06-28T17:51:28.453261Z  INFO herdr::logging: pane child exited event="pane.exit" subsystem="pane" outcome="completed" pane_id=5 status="ExitStatus { code: 0, signal: None }"
2026-06-28T17:51:28.453497Z  INFO herdr::pane: pane session terminated pane=5 pid=26420 signal=Hangup
2026-06-28T17:51:28.453762Z  INFO herdr::logging: spawning pane terminal event="pane.spawn.start" subsystem="pane" outcome="started" pane_id=6 rows=49 cols=70 scrollback_limit_bytes=10000000
2026-06-28T17:51:28.456754Z  INFO herdr::logging: pane child spawned event="pane.spawned" subsystem="pane" outcome="ok" pane_id=6 pid=26469
2026-06-28T17:51:28.457170Z  INFO herdr::logging: workspace created event="workspace.create" subsystem="workspace" outcome="ok" workspace_id="w6" pane_id=6
2026-06-28T17:51:28.457193Z  INFO herdr::logging: workspace focused event="workspace.focus" subsystem="workspace" outcome="ok" workspace_id="w6"
2026-06-28T17:51:28.457219Z  INFO herdr::logging: tab focused event="tab.focus" subsystem="tab" outcome="ok" workspace_id="w6" tab_id="w6:t1"
2026-06-28T17:51:33.463357Z  INFO herdr::logging: session saved event="persist.save" subsystem="persist" outcome="ok" path=/home/aoeu/.config/herdr/session.json workspaces=1
2026-06-28T17:51:46.352004Z  WARN herdr::raw_input: flushing lone escape after input timeout; if this follows an alt chord or focus switch it may reach the pane as plain esc bytes=[27]
2026-06-28T17:51:46.663900Z  WARN herdr::raw_input: flushing lone escape after input timeout; if this follows an alt chord or focus switch it may reach the pane as plain esc bytes=[27]
2026-06-28T17:52:18.697774Z  INFO herdr::server::headless: client detach requested via keybind client_id=2
2026-06-28T17:52:18.699973Z  INFO herdr::server::headless: client disconnected client_id=2
2026-06-28T17:56:43.795439Z  INFO herdr::server::headless: client connected client_id=4 cols=96 rows=50 cell_width_px=0 cell_height_px=0 render_encoding=SemanticFrame
2026-06-28T17:56:57.976678Z  INFO herdr::pane: agent changed pane=6 previous_agent=None agent=Some(OpenCode) process=opencode pgid=Some(32689)
2026-06-28T17:56:58.784572Z  INFO herdr::logging: session saved event="persist.save" subsystem="persist" outcome="ok" path=/home/aoeu/.config/herdr/session.json workspaces=1
2026-06-28T17:57:02.595461Z  WARN herdr::raw_input: flushing lone escape after input timeout; if this follows an alt chord or focus switch it may reach the pane as plain esc bytes=[27]
2026-06-28T17:57:05.043981Z  INFO herdr::server::headless: client resize client_id=4 cols=106 rows=57 cell_width_px=0 cell_height_px=0
2026-06-28T17:57:22.509896Z  WARN herdr::raw_input: flushing lone escape after input timeout; if this follows an alt chord or focus switch it may reach the pane as plain esc bytes=[27]
2026-06-28T17:59:03.992512Z  INFO herdr::logging: integration action finished event="integration.action" subsystem="integration" outcome="ok" action="install" target="opencode"
2026-06-28T17:59:08.995886Z  INFO herdr::logging: session saved event="persist.save" subsystem="persist" outcome="ok" path=/home/aoeu/.config/herdr/session.json workspaces=1
2026-06-28T17:59:11.568880Z  WARN herdr::raw_input: flushing lone escape after input timeout; if this follows an alt chord or focus switch it may reach the pane as plain esc bytes=[27]
2026-06-28T17:59:27.087390Z  WARN herdr::raw_input: flushing lone escape after input timeout; if this follows an alt chord or focus switch it may reach the pane as plain esc bytes=[27]
2026-06-28T18:00:05.755111Z  INFO herdr::server::headless: client resize client_id=4 cols=81 rows=46 cell_width_px=0 cell_height_px=0
2026-06-28T18:00:07.058129Z  INFO herdr::server::headless: client resize client_id=4 cols=106 rows=57 cell_width_px=0 cell_height_px=0
2026-06-28T18:00:07.258440Z  INFO herdr::server::headless: client resize client_id=4 cols=133 rows=73 cell_width_px=0 cell_height_px=0
2026-06-28T18:00:07.358773Z  INFO herdr::server::headless: client resize client_id=4 cols=152 rows=87 cell_width_px=0 cell_height_px=0
2026-06-28T18:00:12.169902Z  INFO herdr::server::headless: client resize client_id=4 cols=133 rows=73 cell_width_px=0 cell_height_px=0
2026-06-28T18:00:12.470437Z  INFO herdr::server::headless: client resize client_id=4 cols=118 rows=65 cell_width_px=0 cell_height_px=0
2026-06-28T18:00:12.971394Z  INFO herdr::server::headless: client resize client_id=4 cols=106 rows=57 cell_width_px=0 cell_height_px=0
2026-06-28T18:00:13.872964Z  INFO herdr::server::headless: client resize client_id=4 cols=96 rows=50 cell_width_px=0 cell_height_px=0
2026-06-28T18:00:16.743643Z  INFO herdr::logging: workspace focused event="workspace.focus" subsystem="workspace" outcome="ok" workspace_id="w6"
2026-06-28T18:00:16.743716Z  INFO herdr::logging: tab focused event="tab.focus" subsystem="tab" outcome="ok" workspace_id="w6" tab_id="w6:t1"
2026-06-28T18:00:21.746841Z  INFO herdr::logging: session saved event="persist.save" subsystem="persist" outcome="ok" path=/home/aoeu/.config/herdr/session.json workspaces=1
2026-06-28T18:01:01.722886Z  WARN herdr::raw_input: flushing lone escape after input timeout; if this follows an alt chord or focus switch it may reach the pane as plain esc bytes=[27]
2026-06-28T18:01:14.026324Z  INFO herdr::logging: spawning pane terminal event="pane.spawn.start" subsystem="pane" outcome="started" pane_id=7 rows=49 cols=70 scrollback_limit_bytes=10000000
2026-06-28T18:01:14.029658Z  INFO herdr::logging: pane child spawned event="pane.spawned" subsystem="pane" outcome="ok" pane_id=7 pid=856
2026-06-28T18:01:14.030218Z  INFO herdr::logging: tab focused event="tab.focus" subsystem="tab" outcome="ok" workspace_id="w6" tab_id="w6:t2"
2026-06-28T18:01:14.030269Z  INFO herdr::logging: tab created event="tab.create" subsystem="tab" outcome="ok" workspace_id="w6" tab_id="w6:t2" pane_id=7
2026-06-28T18:01:21.654605Z  INFO herdr::pane: agent changed pane=7 previous_agent=None agent=Some(OpenCode) process=opencode pgid=Some(1020)
2026-06-28T18:01:22.724503Z  INFO herdr::logging: session saved event="persist.save" subsystem="persist" outcome="ok" path=/home/aoeu/.config/herdr/session.json workspaces=1
2026-06-28T18:01:37.022013Z  INFO herdr::logging: spawning pane terminal event="pane.spawn.start" subsystem="pane" outcome="started" pane_id=8 rows=49 cols=70 scrollback_limit_bytes=10000000
2026-06-28T18:01:37.025287Z  INFO herdr::logging: pane child spawned event="pane.spawned" subsystem="pane" outcome="ok" pane_id=8 pid=1088
2026-06-28T18:01:37.025950Z  INFO herdr::logging: tab focused event="tab.focus" subsystem="tab" outcome="ok" workspace_id="w6" tab_id="w6:t3"
2026-06-28T18:01:37.025999Z  INFO herdr::logging: tab created event="tab.create" subsystem="tab" outcome="ok" workspace_id="w6" tab_id="w6:t3" pane_id=8
2026-06-28T18:01:42.038583Z  INFO herdr::logging: session saved event="persist.save" subsystem="persist" outcome="ok" path=/home/aoeu/.config/herdr/session.json workspaces=1
2026-06-28T18:01:53.213559Z  INFO herdr::logging: tab focused event="tab.focus" subsystem="tab" outcome="ok" workspace_id="w6" tab_id="w6:t2"
2026-06-28T18:01:54.052823Z  INFO herdr::logging: tab focused event="tab.focus" subsystem="tab" outcome="ok" workspace_id="w6" tab_id="w6:t1"
2026-06-28T18:01:54.930295Z  INFO herdr::logging: tab focused event="tab.focus" subsystem="tab" outcome="ok" workspace_id="w6" tab_id="w6:t2"
2026-06-28T18:01:55.667864Z  INFO herdr::logging: tab focused event="tab.focus" subsystem="tab" outcome="ok" workspace_id="w6" tab_id="w6:t1"
2026-06-28T18:01:56.326476Z  INFO herdr::logging: tab focused event="tab.focus" subsystem="tab" outcome="ok" workspace_id="w6" tab_id="w6:t2"
2026-06-28T18:01:57.678682Z  INFO herdr::logging: tab focused event="tab.focus" subsystem="tab" outcome="ok" workspace_id="w6" tab_id="w6:t1"
2026-06-28T18:02:02.683297Z  INFO herdr::logging: session saved event="persist.save" subsystem="persist" outcome="ok" path=/home/aoeu/.config/herdr/session.json workspaces=1
2026-06-28T18:02:09.683101Z  WARN herdr::raw_input: flushing lone escape after input timeout; if this follows an alt chord or focus switch it may reach the pane as plain esc bytes=[27]
2026-06-28T18:02:23.509558Z  INFO herdr::logging: tab focused event="tab.focus" subsystem="tab" outcome="ok" workspace_id="w6" tab_id="w6:t2"
2026-06-28T18:02:24.215894Z  INFO herdr::logging: tab focused event="tab.focus" subsystem="tab" outcome="ok" workspace_id="w6" tab_id="w6:t3"
2026-06-28T18:02:24.956864Z  INFO herdr::logging: tab focused event="tab.focus" subsystem="tab" outcome="ok" workspace_id="w6" tab_id="w6:t1"
2026-06-28T18:02:27.619683Z  INFO herdr::logging: workspace focused event="workspace.focus" subsystem="workspace" outcome="ok" workspace_id="w6"
2026-06-28T18:02:27.619746Z  INFO herdr::logging: tab focused event="tab.focus" subsystem="tab" outcome="ok" workspace_id="w6" tab_id="w6:t1"
2026-06-28T18:02:29.038393Z  INFO herdr::logging: tab focused event="tab.focus" subsystem="tab" outcome="ok" workspace_id="w6" tab_id="w6:t2"
2026-06-28T18:02:29.656500Z  INFO herdr::logging: tab focused event="tab.focus" subsystem="tab" outcome="ok" workspace_id="w6" tab_id="w6:t1"
2026-06-28T18:02:30.117538Z  INFO herdr::logging: tab focused event="tab.focus" subsystem="tab" outcome="ok" workspace_id="w6" tab_id="w6:t2"
2026-06-28T18:02:31.245672Z  INFO herdr::logging: tab focused event="tab.focus" subsystem="tab" outcome="ok" workspace_id="w6" tab_id="w6:t1"
2026-06-28T18:02:36.250780Z  INFO herdr::logging: session saved event="persist.save" subsystem="persist" outcome="ok" path=/home/aoeu/.config/herdr/session.json workspaces=1
2026-06-28T18:02:44.392963Z  INFO herdr::logging: workspace renamed event="workspace.rename" subsystem="workspace" outcome="ok" workspace_id="w6"
2026-06-28T18:02:49.401490Z  INFO herdr::logging: session saved event="persist.save" subsystem="persist" outcome="ok" path=/home/aoeu/.config/herdr/session.json workspaces=1
2026-06-28T18:03:05.864958Z  WARN herdr::raw_input: flushing lone escape after input timeout; if this follows an alt chord or focus switch it may reach the pane as plain esc bytes=[27]
2026-06-28T18:03:18.348658Z  INFO herdr::logging: tab renamed event="tab.rename" subsystem="tab" outcome="ok" workspace_id="w6" tab_id="w6:t1"
2026-06-28T18:03:23.351730Z  INFO herdr::logging: session saved event="persist.save" subsystem="persist" outcome="ok" path=/home/aoeu/.config/herdr/session.json workspaces=1
2026-06-28T18:03:26.660839Z  INFO herdr::logging: tab renamed event="tab.rename" subsystem="tab" outcome="ok" workspace_id="w6" tab_id="w6:t1"
2026-06-28T18:03:31.664290Z  INFO herdr::logging: session saved event="persist.save" subsystem="persist" outcome="ok" path=/home/aoeu/.config/herdr/session.json workspaces=1
2026-06-28T18:03:50.999130Z  WARN herdr::raw_input: flushing lone escape after input timeout; if this follows an alt chord or focus switch it may reach the pane as plain esc bytes=[27]
2026-06-28T18:03:55.125360Z  INFO herdr::logging: tab focused event="tab.focus" subsystem="tab" outcome="ok" workspace_id="w6" tab_id="w6:t2"
2026-06-28T18:03:55.705561Z  INFO herdr::logging: tab focused event="tab.focus" subsystem="tab" outcome="ok" workspace_id="w6" tab_id="w6:t3"
2026-06-28T18:03:56.463459Z  INFO herdr::logging: tab focused event="tab.focus" subsystem="tab" outcome="ok" workspace_id="w6" tab_id="w6:t1"
2026-06-28T18:03:57.423793Z  INFO herdr::logging: tab focused event="tab.focus" subsystem="tab" outcome="ok" workspace_id="w6" tab_id="w6:t3"
2026-06-28T18:03:58.921953Z  INFO herdr::logging: tab focused event="tab.focus" subsystem="tab" outcome="ok" workspace_id="w6" tab_id="w6:t1"
2026-06-28T18:03:59.577490Z  INFO herdr::logging: tab focused event="tab.focus" subsystem="tab" outcome="ok" workspace_id="w6" tab_id="w6:t2"
2026-06-28T18:04:00.421060Z  INFO herdr::logging: tab focused event="tab.focus" subsystem="tab" outcome="ok" workspace_id="w6" tab_id="w6:t3"
2026-06-28T18:04:02.125544Z  INFO herdr::logging: tab focused event="tab.focus" subsystem="tab" outcome="ok" workspace_id="w6" tab_id="w6:t2"
2026-06-28T18:04:02.561735Z  INFO herdr::logging: tab focused event="tab.focus" subsystem="tab" outcome="ok" workspace_id="w6" tab_id="w6:t3"
2026-06-28T18:04:09.265923Z  INFO herdr::pane: agent changed pane=8 previous_agent=None agent=Some(OpenCode) process=opencode pgid=Some(1391)
2026-06-28T18:04:10.271182Z  INFO herdr::logging: tab focused event="tab.focus" subsystem="tab" outcome="ok" workspace_id="w6" tab_id="w6:t2"
2026-06-28T18:04:12.087803Z  INFO herdr::logging: tab focused event="tab.focus" subsystem="tab" outcome="ok" workspace_id="w6" tab_id="w6:t1"
2026-06-28T18:04:14.815028Z  INFO herdr::logging: tab focused event="tab.focus" subsystem="tab" outcome="ok" workspace_id="w6" tab_id="w6:t2"
2026-06-28T18:04:16.159706Z  WARN herdr::raw_input: flushing lone escape after input timeout; if this follows an alt chord or focus switch it may reach the pane as plain esc bytes=[27]
2026-06-28T18:04:19.831148Z  INFO herdr::logging: session saved event="persist.save" subsystem="persist" outcome="ok" path=/home/aoeu/.config/herdr/session.json workspaces=1
2026-06-28T18:04:40.513469Z  INFO herdr::pane: agent changed pane=7 previous_agent=None agent=Some(OpenCode) process=opencode pgid=Some(1020)
2026-06-28T18:04:42.252855Z  INFO herdr::logging: tab focused event="tab.focus" subsystem="tab" outcome="ok" workspace_id="w6" tab_id="w6:t3"
2026-06-28T18:04:47.258428Z  INFO herdr::logging: session saved event="persist.save" subsystem="persist" outcome="ok" path=/home/aoeu/.config/herdr/session.json workspaces=1
2026-06-28T18:05:01.086747Z  INFO herdr::pane: agent changed pane=8 previous_agent=None agent=Some(OpenCode) process=opencode pgid=Some(1391)
2026-06-28T18:05:02.603186Z  INFO herdr::logging: tab focused event="tab.focus" subsystem="tab" outcome="ok" workspace_id="w6" tab_id="w6:t1"
2026-06-28T18:05:07.610771Z  INFO herdr::logging: session saved event="persist.save" subsystem="persist" outcome="ok" path=/home/aoeu/.config/herdr/session.json workspaces=1
2026-06-28T18:05:13.661393Z  INFO herdr::logging: tab focused event="tab.focus" subsystem="tab" outcome="ok" workspace_id="w6" tab_id="w6:t3"
2026-06-28T18:05:18.665638Z  INFO herdr::logging: session saved event="persist.save" subsystem="persist" outcome="ok" path=/home/aoeu/.config/herdr/session.json workspaces=1
2026-06-28T18:05:21.646514Z  INFO herdr::logging: tab focused event="tab.focus" subsystem="tab" outcome="ok" workspace_id="w6" tab_id="w6:t1"
2026-06-28T18:05:26.651476Z  INFO herdr::logging: session saved event="persist.save" subsystem="persist" outcome="ok" path=/home/aoeu/.config/herdr/session.json workspaces=1
2026-06-28T18:05:35.484033Z  INFO herdr::logging: spawning pane terminal event="pane.spawn.start" subsystem="pane" outcome="started" pane_id=9 rows=49 cols=92 scrollback_limit_bytes=10000000
2026-06-28T18:05:35.485153Z  INFO herdr::logging: pane child spawned event="pane.spawned" subsystem="pane" outcome="ok" pane_id=9 pid=2260
2026-06-28T18:05:35.485372Z  INFO herdr::logging: tab focused event="tab.focus" subsystem="tab" outcome="ok" workspace_id="w6" tab_id="w6:t4"
2026-06-28T18:05:35.485384Z  INFO herdr::logging: tab created event="tab.create" subsystem="tab" outcome="ok" workspace_id="w6" tab_id="w6:t4" pane_id=9
2026-06-28T18:05:40.491273Z  INFO herdr::logging: session saved event="persist.save" subsystem="persist" outcome="ok" path=/home/aoeu/.config/herdr/session.json workspaces=1
2026-06-28T18:05:41.411417Z  WARN herdr::raw_input: flushing lone escape after input timeout; if this follows an alt chord or focus switch it may reach the pane as plain esc bytes=[27]
2026-06-28T18:06:15.717710Z  WARN herdr::raw_input: flushing lone escape after input timeout; if this follows an alt chord or focus switch it may reach the pane as plain esc bytes=[27]
2026-06-28T18:06:43.597438Z  WARN herdr::raw_input: flushing lone escape after input timeout; if this follows an alt chord or focus switch it may reach the pane as plain esc bytes=[27]
2026-06-28T18:06:50.914472Z  INFO herdr::logging: tab focused event="tab.focus" subsystem="tab" outcome="ok" workspace_id="w6" tab_id="w6:t2"
2026-06-28T18:06:55.931626Z  INFO herdr::logging: session saved event="persist.save" subsystem="persist" outcome="ok" path=/home/aoeu/.config/herdr/session.json workspaces=1
2026-06-28T18:06:58.220441Z  INFO herdr::logging: pane child exited event="pane.exit" subsystem="pane" outcome="completed" pane_id=9 status="ExitStatus { code: 1, signal: Some(\"Hangup\") }"
2026-06-28T18:06:58.238626Z  INFO herdr::pane: pane session terminated pane=9 pid=2260 signal=Hangup
2026-06-28T18:06:58.239242Z  WARN herdr::app::actions: PaneDied for unknown pane pane=9
2026-06-28T18:06:58.523952Z  INFO herdr::pane: agent changed pane=7 previous_agent=Some(OpenCode) agent=None pgid=Some(856)
2026-06-28T18:07:03.245632Z  INFO herdr::logging: session saved event="persist.save" subsystem="persist" outcome="ok" path=/home/aoeu/.config/herdr/session.json workspaces=1
2026-06-28T18:07:23.028039Z  INFO herdr::logging: spawning pane terminal event="pane.spawn.start" subsystem="pane" outcome="started" pane_id=10 rows=49 cols=92 scrollback_limit_bytes=10000000
2026-06-28T18:07:23.031664Z  INFO herdr::logging: pane child spawned event="pane.spawned" subsystem="pane" outcome="ok" pane_id=10 pid=2669
2026-06-28T18:07:23.032174Z  INFO herdr::logging: tab focused event="tab.focus" subsystem="tab" outcome="ok" workspace_id="w6" tab_id="w6:t5"
2026-06-28T18:07:23.032225Z  INFO herdr::logging: tab created event="tab.create" subsystem="tab" outcome="ok" workspace_id="w6" tab_id="w6:t5" pane_id=10
2026-06-28T18:07:24.628371Z  INFO herdr::logging: tab focused event="tab.focus" subsystem="tab" outcome="ok" workspace_id="w6" tab_id="w6:t2"
2026-06-28T18:07:27.578517Z  INFO herdr::logging: tab focused event="tab.focus" subsystem="tab" outcome="ok" workspace_id="w6" tab_id="w6:t5"
2026-06-28T18:07:30.122562Z  INFO herdr::pane: agent changed pane=10 previous_agent=None agent=Some(OpenCode) process=opencode pgid=Some(2736)
2026-06-28T18:07:30.790341Z  INFO herdr::logging: tab focused event="tab.focus" subsystem="tab" outcome="ok" workspace_id="w6" tab_id="w6:t2"
2026-06-28T18:07:44.191127Z  INFO herdr::logging: session saved event="persist.save" subsystem="persist" outcome="ok" path=/home/aoeu/.config/herdr/session.json workspaces=1
2026-06-28T18:08:01.085009Z  WARN herdr::raw_input: flushing lone escape after input timeout; if this follows an alt chord or focus switch it may reach the pane as plain esc bytes=[27]
2026-06-28T18:08:12.095523Z  INFO herdr::logging: tab renamed event="tab.rename" subsystem="tab" outcome="ok" workspace_id="w6" tab_id="w6:t2"
2026-06-28T18:08:14.440709Z  INFO herdr::logging: tab focused event="tab.focus" subsystem="tab" outcome="ok" workspace_id="w6" tab_id="w6:t5"
2026-06-28T18:08:15.708947Z  WARN herdr::raw_input: flushing lone escape after input timeout; if this follows an alt chord or focus switch it may reach the pane as plain esc bytes=[27]
2026-06-28T18:08:16.568590Z  INFO herdr::logging: tab focused event="tab.focus" subsystem="tab" outcome="ok" workspace_id="w6" tab_id="w6:t3"
2026-06-28T18:08:18.012247Z  INFO herdr::logging: tab focused event="tab.focus" subsystem="tab" outcome="ok" workspace_id="w6" tab_id="w6:t2"
2026-06-28T18:08:18.870218Z  INFO herdr::logging: tab focused event="tab.focus" subsystem="tab" outcome="ok" workspace_id="w6" tab_id="w6:t1"
2026-06-28T18:08:23.881172Z  INFO herdr::logging: session saved event="persist.save" subsystem="persist" outcome="ok" path=/home/aoeu/.config/herdr/session.json workspaces=1
2026-06-28T18:08:38.736564Z  INFO herdr::logging: tab focused event="tab.focus" subsystem="tab" outcome="ok" workspace_id="w6" tab_id="w6:t3"
2026-06-28T18:08:42.479776Z  INFO herdr::logging: tab focused event="tab.focus" subsystem="tab" outcome="ok" workspace_id="w6" tab_id="w6:t1"
2026-06-28T18:08:47.499010Z  INFO herdr::logging: session saved event="persist.save" subsystem="persist" outcome="ok" path=/home/aoeu/.config/herdr/session.json workspaces=1
2026-06-28T18:11:16.724769Z  INFO herdr::server::headless: client resize client_id=4 cols=96 rows=76 cell_width_px=0 cell_height_px=0
2026-06-28T18:11:17.125452Z  INFO herdr::server::headless: client resize client_id=4 cols=96 rows=50 cell_width_px=0 cell_height_px=0
2026-06-28T18:11:21.821839Z  INFO herdr::logging: tab focused event="tab.focus" subsystem="tab" outcome="ok" workspace_id="w6" tab_id="w6:t3"
2026-06-28T18:11:22.622470Z  INFO herdr::logging: tab focused event="tab.focus" subsystem="tab" outcome="ok" workspace_id="w6" tab_id="w6:t5"
2026-06-28T18:11:23.965253Z  INFO herdr::logging: tab focused event="tab.focus" subsystem="tab" outcome="ok" workspace_id="w6" tab_id="w6:t3"
2026-06-28T18:11:24.517051Z  INFO herdr::logging: tab focused event="tab.focus" subsystem="tab" outcome="ok" workspace_id="w6" tab_id="w6:t1"
2026-06-28T18:11:29.524088Z  INFO herdr::logging: session saved event="persist.save" subsystem="persist" outcome="ok" path=/home/aoeu/.config/herdr/session.json workspaces=1
2026-06-28T18:11:33.397322Z  INFO herdr::logging: tab focused event="tab.focus" subsystem="tab" outcome="ok" workspace_id="w6" tab_id="w6:t2"
2026-06-28T18:11:33.905584Z  INFO herdr::logging: tab focused event="tab.focus" subsystem="tab" outcome="ok" workspace_id="w6" tab_id="w6:t3"
2026-06-28T18:11:34.549823Z  INFO herdr::logging: tab focused event="tab.focus" subsystem="tab" outcome="ok" workspace_id="w6" tab_id="w6:t5"
2026-06-28T18:11:35.151185Z  INFO herdr::logging: tab focused event="tab.focus" subsystem="tab" outcome="ok" workspace_id="w6" tab_id="w6:t2"
2026-06-28T18:11:38.635008Z  INFO herdr::logging: tab focused event="tab.focus" subsystem="tab" outcome="ok" workspace_id="w6" tab_id="w6:t1"
2026-06-28T18:11:43.642743Z  INFO herdr::logging: session saved event="persist.save" subsystem="persist" outcome="ok" path=/home/aoeu/.config/herdr/session.json workspaces=1
2026-06-28T18:11:46.239603Z  INFO herdr::logging: tab focused event="tab.focus" subsystem="tab" outcome="ok" workspace_id="w6" tab_id="w6:t2"
2026-06-28T18:11:51.252921Z  INFO herdr::logging: session saved event="persist.save" subsystem="persist" outcome="ok" path=/home/aoeu/.config/herdr/session.json workspaces=1
2026-06-28T18:11:53.407678Z  INFO herdr::server::headless: client resize client_id=4 cols=96 rows=76 cell_width_px=0 cell_height_px=0
2026-06-28T18:11:54.308565Z  INFO herdr::server::headless: client resize client_id=4 cols=96 rows=50 cell_width_px=0 cell_height_px=0
2026-06-28T18:21:15.305808Z  INFO herdr::logging: checking for updates event="update.check.start" subsystem="update" outcome="started"
2026-06-28T18:51:15.307214Z  INFO herdr::logging: checking for updates event="update.check.start" subsystem="update" outcome="started"
2026-06-28T19:21:15.309195Z  INFO herdr::logging: checking for updates event="update.check.start" subsystem="update" outcome="started"
2026-06-28T19:51:15.310398Z  INFO herdr::logging: checking for updates event="update.check.start" subsystem="update" outcome="started"
2026-06-28T20:21:15.311961Z  INFO herdr::logging: checking for updates event="update.check.start" subsystem="update" outcome="started"
2026-06-28T20:51:15.313103Z  INFO herdr::logging: checking for updates event="update.check.start" subsystem="update" outcome="started"
2026-06-28T21:21:15.314831Z  INFO herdr::logging: checking for updates event="update.check.start" subsystem="update" outcome="started"
2026-06-28T21:51:15.316802Z  INFO herdr::logging: checking for updates event="update.check.start" subsystem="update" outcome="started"
2026-06-28T22:21:15.318406Z  INFO herdr::logging: checking for updates event="update.check.start" subsystem="update" outcome="started"
2026-06-28T22:51:15.319484Z  INFO herdr::logging: checking for updates event="update.check.start" subsystem="update" outcome="started"
2026-06-28T23:21:15.320928Z  INFO herdr::logging: checking for updates event="update.check.start" subsystem="update" outcome="started"
2026-06-28T23:51:15.322986Z  INFO herdr::logging: checking for updates event="update.check.start" subsystem="update" outcome="started"
2026-06-29T00:21:15.324834Z  INFO herdr::logging: checking for updates event="update.check.start" subsystem="update" outcome="started"
2026-06-29T00:51:15.326934Z  INFO herdr::logging: checking for updates event="update.check.start" subsystem="update" outcome="started"
2026-06-29T01:21:15.328734Z  INFO herdr::logging: checking for updates event="update.check.start" subsystem="update" outcome="started"
2026-06-29T01:51:15.330049Z  INFO herdr::logging: checking for updates event="update.check.start" subsystem="update" outcome="started"
2026-06-29T02:21:15.331984Z  INFO herdr::logging: checking for updates event="update.check.start" subsystem="update" outcome="started"
2026-06-29T02:51:15.333613Z  INFO herdr::logging: checking for updates event="update.check.start" subsystem="update" outcome="started"
2026-06-29T03:21:15.334455Z  INFO herdr::logging: checking for updates event="update.check.start" subsystem="update" outcome="started"
2026-06-29T03:51:15.335601Z  INFO herdr::logging: checking for updates event="update.check.start" subsystem="update" outcome="started"
2026-06-29T04:21:15.336494Z  INFO herdr::logging: checking for updates event="update.check.start" subsystem="update" outcome="started"
2026-06-29T04:51:15.337787Z  INFO herdr::logging: checking for updates event="update.check.start" subsystem="update" outcome="started"
2026-06-29T04:52:21.069792Z  INFO herdr::logging: tab focused event="tab.focus" subsystem="tab" outcome="ok" workspace_id="w6" tab_id="w6:t1"
2026-06-29T04:52:21.943148Z  INFO herdr::logging: tab focused event="tab.focus" subsystem="tab" outcome="ok" workspace_id="w6" tab_id="w6:t2"
2026-06-29T04:52:23.211029Z  INFO herdr::logging: tab focused event="tab.focus" subsystem="tab" outcome="ok" workspace_id="w6" tab_id="w6:t1"
2026-06-29T04:52:23.657164Z  INFO herdr::logging: tab focused event="tab.focus" subsystem="tab" outcome="ok" workspace_id="w6" tab_id="w6:t2"
2026-06-29T04:52:28.671914Z  INFO herdr::logging: session saved event="persist.save" subsystem="persist" outcome="ok" path=/home/aoeu/.config/herdr/session.json workspaces=1
2026-06-29T04:52:33.889937Z  INFO herdr::logging: tab focused event="tab.focus" subsystem="tab" outcome="ok" workspace_id="w6" tab_id="w6:t1"
2026-06-29T04:52:38.902954Z  INFO herdr::logging: session saved event="persist.save" subsystem="persist" outcome="ok" path=/home/aoeu/.config/herdr/session.json workspaces=1
2026-06-29T04:52:43.594834Z  INFO herdr::logging: tab focused event="tab.focus" subsystem="tab" outcome="ok" workspace_id="w6" tab_id="w6:t2"
2026-06-29T04:52:48.604756Z  INFO herdr::logging: session saved event="persist.save" subsystem="persist" outcome="ok" path=/home/aoeu/.config/herdr/session.json workspaces=1
2026-06-29T04:52:51.797905Z  INFO herdr::logging: tab focused event="tab.focus" subsystem="tab" outcome="ok" workspace_id="w6" tab_id="w6:t1"
2026-06-29T04:52:56.812193Z  INFO herdr::logging: session saved event="persist.save" subsystem="persist" outcome="ok" path=/home/aoeu/.config/herdr/session.json workspaces=1
2026-06-29T04:53:50.381149Z  INFO herdr::server::headless: client resize client_id=4 cols=96 rows=38 cell_width_px=0 cell_height_px=0
2026-06-29T04:53:52.784142Z  INFO herdr::server::headless: client resize client_id=4 cols=96 rows=76 cell_width_px=0 cell_height_px=0
2026-06-29T04:53:52.884224Z  INFO herdr::server::headless: client resize client_id=4 cols=96 rows=38 cell_width_px=0 cell_height_px=0
2026-06-29T04:53:53.584962Z  INFO herdr::server::headless: client resize client_id=4 cols=96 rows=50 cell_width_px=0 cell_height_px=0
2026-06-29T05:09:31.046386Z  INFO herdr::server::headless: client resize client_id=4 cols=96 rows=76 cell_width_px=0 cell_height_px=0
2026-06-29T05:09:31.344923Z  INFO herdr::server::headless: client resize client_id=4 cols=96 rows=50 cell_width_px=0 cell_height_px=0
2026-06-29T05:16:43.924843Z  INFO herdr::server::headless: client resize client_id=4 cols=96 rows=76 cell_width_px=0 cell_height_px=0
2026-06-29T05:16:44.325297Z  INFO herdr::server::headless: client resize client_id=4 cols=96 rows=50 cell_width_px=0 cell_height_px=0
2026-06-29T05:16:48.130904Z  INFO herdr::server::headless: client resize client_id=4 cols=96 rows=76 cell_width_px=0 cell_height_px=0
2026-06-29T05:16:48.430069Z  INFO herdr::server::headless: client resize client_id=4 cols=96 rows=50 cell_width_px=0 cell_height_px=0
2026-06-29T05:16:56.913145Z  WARN herdr::raw_input: flushing lone escape after input timeout; if this follows an alt chord or focus switch it may reach the pane as plain esc bytes=[27]
2026-06-29T05:16:57.078120Z  WARN herdr::raw_input: flushing lone escape after input timeout; if this follows an alt chord or focus switch it may reach the pane as plain esc bytes=[27]
2026-06-29T05:16:57.185142Z  WARN herdr::raw_input: flushing lone escape after input timeout; if this follows an alt chord or focus switch it may reach the pane as plain esc bytes=[27]
2026-06-29T05:16:57.355164Z  WARN herdr::raw_input: flushing lone escape after input timeout; if this follows an alt chord or focus switch it may reach the pane as plain esc bytes=[27]
2026-06-29T05:17:17.170494Z  INFO herdr::logging: tab focused event="tab.focus" subsystem="tab" outcome="ok" workspace_id="w6" tab_id="w6:t3"
2026-06-29T05:17:22.183998Z  INFO herdr::logging: session saved event="persist.save" subsystem="persist" outcome="ok" path=/home/aoeu/.config/herdr/session.json workspaces=1
2026-06-29T05:17:50.003270Z  INFO herdr::logging: tab focused event="tab.focus" subsystem="tab" outcome="ok" workspace_id="w6" tab_id="w6:t1"
2026-06-29T05:17:55.019124Z  INFO herdr::logging: session saved event="persist.save" subsystem="persist" outcome="ok" path=/home/aoeu/.config/herdr/session.json workspaces=1
2026-06-29T05:17:59.303775Z  INFO herdr::logging: tab focused event="tab.focus" subsystem="tab" outcome="ok" workspace_id="w6" tab_id="w6:t3"
2026-06-29T05:18:04.309721Z  INFO herdr::logging: session saved event="persist.save" subsystem="persist" outcome="ok" path=/home/aoeu/.config/herdr/session.json workspaces=1
2026-06-29T05:18:31.640864Z  INFO herdr::logging: tab focused event="tab.focus" subsystem="tab" outcome="ok" workspace_id="w6" tab_id="w6:t1"
2026-06-29T05:18:33.711121Z  INFO herdr::logging: tab focused event="tab.focus" subsystem="tab" outcome="ok" workspace_id="w6" tab_id="w6:t3"
2026-06-29T05:18:34.453304Z  INFO herdr::logging: tab focused event="tab.focus" subsystem="tab" outcome="ok" workspace_id="w6" tab_id="w6:t5"
2026-06-29T05:18:36.892666Z  INFO herdr::logging: tab focused event="tab.focus" subsystem="tab" outcome="ok" workspace_id="w6" tab_id="w6:t3"
2026-06-29T05:18:41.899851Z  INFO herdr::logging: session saved event="persist.save" subsystem="persist" outcome="ok" path=/home/aoeu/.config/herdr/session.json workspaces=1
2026-06-29T05:18:48.691190Z  INFO herdr::logging: api request received event="api.request.start" subsystem="api" outcome="started" request_id="cli:server:reload-config" method="server.reload_config" changes_ui=true
2026-06-29T05:18:48.692471Z  INFO herdr::logging: api request completed event="api.request.complete" subsystem="api" outcome="ok" request_id="cli:server:reload-config" method="server.reload_config"
2026-06-29T05:18:56.702336Z  WARN herdr::raw_input: flushing lone escape after input timeout; if this follows an alt chord or focus switch it may reach the pane as plain esc bytes=[27]
2026-06-29T05:19:08.493455Z  INFO herdr::logging: tab focused event="tab.focus" subsystem="tab" outcome="ok" workspace_id="w6" tab_id="w6:t1"
2026-06-29T05:19:13.503296Z  INFO herdr::logging: session saved event="persist.save" subsystem="persist" outcome="ok" path=/home/aoeu/.config/herdr/session.json workspaces=1
2026-06-29T05:19:13.595418Z  INFO herdr::logging: tab focused event="tab.focus" subsystem="tab" outcome="ok" workspace_id="w6" tab_id="w6:t3"
2026-06-29T05:19:18.598862Z  INFO herdr::logging: session saved event="persist.save" subsystem="persist" outcome="ok" path=/home/aoeu/.config/herdr/session.json workspaces=1
2026-06-29T05:19:59.264147Z  INFO herdr::logging: tab focused event="tab.focus" subsystem="tab" outcome="ok" workspace_id="w6" tab_id="w6:t1"
2026-06-29T05:20:04.275038Z  INFO herdr::logging: session saved event="persist.save" subsystem="persist" outcome="ok" path=/home/aoeu/.config/herdr/session.json workspaces=1
2026-06-29T05:20:48.720757Z  INFO herdr::logging: tab focused event="tab.focus" subsystem="tab" outcome="ok" workspace_id="w6" tab_id="w6:t2"
2026-06-29T05:20:53.733280Z  INFO herdr::logging: session saved event="persist.save" subsystem="persist" outcome="ok" path=/home/aoeu/.config/herdr/session.json workspaces=1
2026-06-29T05:21:08.512511Z  INFO herdr::logging: tab focused event="tab.focus" subsystem="tab" outcome="ok" workspace_id="w6" tab_id="w6:t3"
2026-06-29T05:21:13.517761Z  INFO herdr::logging: session saved event="persist.save" subsystem="persist" outcome="ok" path=/home/aoeu/.config/herdr/session.json workspaces=1
2026-06-29T05:21:15.337643Z  INFO herdr::logging: checking for updates event="update.check.start" subsystem="update" outcome="started"
2026-06-29T05:22:15.846760Z  INFO herdr::logging: tab focused event="tab.focus" subsystem="tab" outcome="ok" workspace_id="w6" tab_id="w6:t2"
2026-06-29T05:22:20.850037Z  INFO herdr::logging: session saved event="persist.save" subsystem="persist" outcome="ok" path=/home/aoeu/.config/herdr/session.json workspaces=1
2026-06-29T05:22:44.400731Z  INFO herdr::server::headless: client resize client_id=4 cols=96 rows=76 cell_width_px=0 cell_height_px=0
2026-06-29T05:22:44.701478Z  INFO herdr::server::headless: client resize client_id=4 cols=96 rows=50 cell_width_px=0 cell_height_px=0
2026-06-29T05:22:45.078938Z  INFO herdr::logging: tab focused event="tab.focus" subsystem="tab" outcome="ok" workspace_id="w6" tab_id="w6:t1"
2026-06-29T05:22:50.095358Z  INFO herdr::logging: session saved event="persist.save" subsystem="persist" outcome="ok" path=/home/aoeu/.config/herdr/session.json workspaces=1
2026-06-29T05:23:15.345358Z  INFO herdr::logging: tab focused event="tab.focus" subsystem="tab" outcome="ok" workspace_id="w6" tab_id="w6:t3"
2026-06-29T05:23:20.350333Z  INFO herdr::logging: session saved event="persist.save" subsystem="persist" outcome="ok" path=/home/aoeu/.config/herdr/session.json workspaces=1
2026-06-29T05:23:41.592206Z  INFO herdr::logging: tab focused event="tab.focus" subsystem="tab" outcome="ok" workspace_id="w6" tab_id="w6:t1"
2026-06-29T05:23:46.595111Z  INFO herdr::logging: session saved event="persist.save" subsystem="persist" outcome="ok" path=/home/aoeu/.config/herdr/session.json workspaces=1
2026-06-29T05:23:48.829878Z  INFO herdr::logging: tab focused event="tab.focus" subsystem="tab" outcome="ok" workspace_id="w6" tab_id="w6:t3"
2026-06-29T05:23:53.833873Z  INFO herdr::logging: session saved event="persist.save" subsystem="persist" outcome="ok" path=/home/aoeu/.config/herdr/session.json workspaces=1
2026-06-29T05:24:03.546983Z  INFO herdr::logging: tab focused event="tab.focus" subsystem="tab" outcome="ok" workspace_id="w6" tab_id="w6:t1"
2026-06-29T05:24:08.553732Z  INFO herdr::logging: session saved event="persist.save" subsystem="persist" outcome="ok" path=/home/aoeu/.config/herdr/session.json workspaces=1
2026-06-29T05:24:17.311898Z  INFO herdr::logging: tab focused event="tab.focus" subsystem="tab" outcome="ok" workspace_id="w6" tab_id="w6:t3"
2026-06-29T05:24:20.063865Z  INFO herdr::logging: tab focused event="tab.focus" subsystem="tab" outcome="ok" workspace_id="w6" tab_id="w6:t1"
2026-06-29T05:24:25.072753Z  INFO herdr::logging: session saved event="persist.save" subsystem="persist" outcome="ok" path=/home/aoeu/.config/herdr/session.json workspaces=1
2026-06-29T05:24:28.666060Z  INFO herdr::logging: tab focused event="tab.focus" subsystem="tab" outcome="ok" workspace_id="w6" tab_id="w6:t5"
2026-06-29T05:24:32.291759Z  INFO herdr::logging: tab focused event="tab.focus" subsystem="tab" outcome="ok" workspace_id="w6" tab_id="w6:t1"
2026-06-29T05:24:37.301510Z  INFO herdr::logging: session saved event="persist.save" subsystem="persist" outcome="ok" path=/home/aoeu/.config/herdr/session.json workspaces=1
2026-06-29T05:24:37.689997Z  INFO herdr::logging: tab focused event="tab.focus" subsystem="tab" outcome="ok" workspace_id="w6" tab_id="w6:t3"
2026-06-29T05:24:42.699566Z  INFO herdr::logging: session saved event="persist.save" subsystem="persist" outcome="ok" path=/home/aoeu/.config/herdr/session.json workspaces=1
2026-06-29T05:25:04.512448Z  INFO herdr::logging: tab focused event="tab.focus" subsystem="tab" outcome="ok" workspace_id="w6" tab_id="w6:t1"
2026-06-29T05:25:09.526705Z  INFO herdr::logging: session saved event="persist.save" subsystem="persist" outcome="ok" path=/home/aoeu/.config/herdr/session.json workspaces=1
2026-06-29T05:25:23.633381Z  INFO herdr::logging: tab focused event="tab.focus" subsystem="tab" outcome="ok" workspace_id="w6" tab_id="w6:t3"
2026-06-29T05:25:28.639406Z  INFO herdr::logging: session saved event="persist.save" subsystem="persist" outcome="ok" path=/home/aoeu/.config/herdr/session.json workspaces=1
2026-06-29T05:26:14.919042Z  INFO herdr::logging: tab focused event="tab.focus" subsystem="tab" outcome="ok" workspace_id="w6" tab_id="w6:t1"
2026-06-29T05:26:17.306223Z  INFO herdr::logging: tab focused event="tab.focus" subsystem="tab" outcome="ok" workspace_id="w6" tab_id="w6:t2"
2026-06-29T05:26:22.316324Z  INFO herdr::logging: session saved event="persist.save" subsystem="persist" outcome="ok" path=/home/aoeu/.config/herdr/session.json workspaces=1
2026-06-29T05:26:23.967049Z  INFO herdr::logging: tab focused event="tab.focus" subsystem="tab" outcome="ok" workspace_id="w6" tab_id="w6:t1"
2026-06-29T05:26:28.976052Z  INFO herdr::logging: session saved event="persist.save" subsystem="persist" outcome="ok" path=/home/aoeu/.config/herdr/session.json workspaces=1
2026-06-29T05:26:55.395665Z  INFO herdr::server::headless: client resize client_id=4 cols=96 rows=76 cell_width_px=0 cell_height_px=0
2026-06-29T05:26:55.796101Z  INFO herdr::server::headless: client resize client_id=4 cols=96 rows=50 cell_width_px=0 cell_height_px=0
2026-06-29T05:27:00.949984Z  INFO herdr::logging: tab focused event="tab.focus" subsystem="tab" outcome="ok" workspace_id="w6" tab_id="w6:t2"
2026-06-29T05:27:05.960298Z  INFO herdr::logging: session saved event="persist.save" subsystem="persist" outcome="ok" path=/home/aoeu/.config/herdr/session.json workspaces=1
2026-06-29T05:27:18.741594Z  INFO herdr::logging: tab focused event="tab.focus" subsystem="tab" outcome="ok" workspace_id="w6" tab_id="w6:t3"
2026-06-29T05:27:23.747489Z  INFO herdr::logging: session saved event="persist.save" subsystem="persist" outcome="ok" path=/home/aoeu/.config/herdr/session.json workspaces=1
2026-06-29T05:27:41.299136Z  INFO herdr::logging: tab focused event="tab.focus" subsystem="tab" outcome="ok" workspace_id="w6" tab_id="w6:t2"
2026-06-29T05:27:46.311531Z  INFO herdr::logging: session saved event="persist.save" subsystem="persist" outcome="ok" path=/home/aoeu/.config/herdr/session.json workspaces=1
2026-06-29T05:28:37.989751Z  INFO herdr::server::headless: client resize client_id=4 cols=96 rows=76 cell_width_px=0 cell_height_px=0
2026-06-29T05:28:38.290338Z  INFO herdr::server::headless: client resize client_id=4 cols=96 rows=50 cell_width_px=0 cell_height_px=0
2026-06-29T05:28:38.836949Z  INFO herdr::logging: tab focused event="tab.focus" subsystem="tab" outcome="ok" workspace_id="w6" tab_id="w6:t1"
2026-06-29T05:28:43.851990Z  INFO herdr::logging: session saved event="persist.save" subsystem="persist" outcome="ok" path=/home/aoeu/.config/herdr/session.json workspaces=1
2026-06-29T05:31:51.812085Z  INFO herdr::logging: tab focused event="tab.focus" subsystem="tab" outcome="ok" workspace_id="w6" tab_id="w6:t2"
2026-06-29T05:31:56.822842Z  INFO herdr::logging: session saved event="persist.save" subsystem="persist" outcome="ok" path=/home/aoeu/.config/herdr/session.json workspaces=1
2026-06-29T05:31:58.620457Z  INFO herdr::logging: tab focused event="tab.focus" subsystem="tab" outcome="ok" workspace_id="w6" tab_id="w6:t1"
2026-06-29T05:32:03.627028Z  INFO herdr::logging: session saved event="persist.save" subsystem="persist" outcome="ok" path=/home/aoeu/.config/herdr/session.json workspaces=1
2026-06-29T05:32:42.586558Z  INFO herdr::logging: tab focused event="tab.focus" subsystem="tab" outcome="ok" workspace_id="w6" tab_id="w6:t2"
2026-06-29T05:32:47.599865Z  INFO herdr::logging: session saved event="persist.save" subsystem="persist" outcome="ok" path=/home/aoeu/.config/herdr/session.json workspaces=1
2026-06-29T05:33:17.892413Z  INFO herdr::server::headless: client resize client_id=4 cols=96 rows=76 cell_width_px=0 cell_height_px=0
2026-06-29T05:33:18.293179Z  INFO herdr::server::headless: client resize client_id=4 cols=96 rows=50 cell_width_px=0 cell_height_px=0
2026-06-29T05:33:18.590849Z  INFO herdr::logging: tab focused event="tab.focus" subsystem="tab" outcome="ok" workspace_id="w6" tab_id="w6:t1"
2026-06-29T05:33:23.606154Z  INFO herdr::logging: session saved event="persist.save" subsystem="persist" outcome="ok" path=/home/aoeu/.config/herdr/session.json workspaces=1
2026-06-29T05:35:26.960095Z  INFO herdr::logging: tab focused event="tab.focus" subsystem="tab" outcome="ok" workspace_id="w6" tab_id="w6:t2"
2026-06-29T05:35:31.972472Z  INFO herdr::logging: session saved event="persist.save" subsystem="persist" outcome="ok" path=/home/aoeu/.config/herdr/session.json workspaces=1
2026-06-29T05:36:18.580578Z  INFO herdr::server::headless: client resize client_id=4 cols=96 rows=76 cell_width_px=0 cell_height_px=0
2026-06-29T05:36:18.881184Z  INFO herdr::server::headless: client resize client_id=4 cols=96 rows=50 cell_width_px=0 cell_height_px=0
2026-06-29T05:36:46.645289Z  INFO herdr::server::headless: client resize client_id=4 cols=96 rows=76 cell_width_px=0 cell_height_px=0
2026-06-29T05:36:47.046628Z  INFO herdr::server::headless: client resize client_id=4 cols=96 rows=50 cell_width_px=0 cell_height_px=0
2026-06-29T05:36:48.116543Z  INFO herdr::logging: tab focused event="tab.focus" subsystem="tab" outcome="ok" workspace_id="w6" tab_id="w6:t1"
2026-06-29T05:36:52.858834Z  INFO herdr::server::headless: client resize client_id=4 cols=96 rows=76 cell_width_px=0 cell_height_px=0
2026-06-29T05:36:53.128518Z  INFO herdr::logging: session saved event="persist.save" subsystem="persist" outcome="ok" path=/home/aoeu/.config/herdr/session.json workspaces=1
2026-06-29T05:36:53.159317Z  INFO herdr::server::headless: client resize client_id=4 cols=96 rows=50 cell_width_px=0 cell_height_px=0
2026-06-29T05:37:09.191620Z  INFO herdr::server::headless: client resize client_id=4 cols=96 rows=53 cell_width_px=0 cell_height_px=0
2026-06-29T05:37:25.227139Z  INFO herdr::server::headless: client resize client_id=4 cols=96 rows=50 cell_width_px=0 cell_height_px=0
2026-06-29T05:37:59.590080Z  INFO herdr::logging: tab focused event="tab.focus" subsystem="tab" outcome="ok" workspace_id="w6" tab_id="w6:t2"
2026-06-29T05:38:04.600395Z  INFO herdr::logging: session saved event="persist.save" subsystem="persist" outcome="ok" path=/home/aoeu/.config/herdr/session.json workspaces=1
2026-06-29T05:38:06.812019Z  INFO herdr::logging: tab focused event="tab.focus" subsystem="tab" outcome="ok" workspace_id="w6" tab_id="w6:t1"
2026-06-29T05:38:11.827552Z  INFO herdr::logging: session saved event="persist.save" subsystem="persist" outcome="ok" path=/home/aoeu/.config/herdr/session.json workspaces=1
2026-06-29T05:39:35.115335Z  INFO herdr::logging: tab focused event="tab.focus" subsystem="tab" outcome="ok" workspace_id="w6" tab_id="w6:t2"
2026-06-29T05:39:40.128974Z  INFO herdr::logging: session saved event="persist.save" subsystem="persist" outcome="ok" path=/home/aoeu/.config/herdr/session.json workspaces=1
2026-06-29T05:41:12.955726Z  INFO herdr::server::headless: client resize client_id=4 cols=96 rows=76 cell_width_px=0 cell_height_px=0
2026-06-29T05:41:13.353903Z  INFO herdr::server::headless: client resize client_id=4 cols=96 rows=50 cell_width_px=0 cell_height_px=0
2026-06-29T05:41:14.249868Z  INFO herdr::logging: tab focused event="tab.focus" subsystem="tab" outcome="ok" workspace_id="w6" tab_id="w6:t1"
2026-06-29T05:41:19.261745Z  INFO herdr::logging: session saved event="persist.save" subsystem="persist" outcome="ok" path=/home/aoeu/.config/herdr/session.json workspaces=1
2026-06-29T05:41:46.246509Z  INFO herdr::logging: tab focused event="tab.focus" subsystem="tab" outcome="ok" workspace_id="w6" tab_id="w6:t2"
2026-06-29T05:41:51.254331Z  INFO herdr::logging: session saved event="persist.save" subsystem="persist" outcome="ok" path=/home/aoeu/.config/herdr/session.json workspaces=1
2026-06-29T05:41:53.346779Z  INFO herdr::logging: tab focused event="tab.focus" subsystem="tab" outcome="ok" workspace_id="w6" tab_id="w6:t1"
2026-06-29T05:41:58.369057Z  INFO herdr::logging: session saved event="persist.save" subsystem="persist" outcome="ok" path=/home/aoeu/.config/herdr/session.json workspaces=1
2026-06-29T05:48:04.800806Z  INFO herdr::server::headless: client resize client_id=4 cols=96 rows=76 cell_width_px=0 cell_height_px=0
2026-06-29T05:48:05.001027Z  INFO herdr::server::headless: client resize client_id=4 cols=96 rows=50 cell_width_px=0 cell_height_px=0
2026-06-29T05:48:08.660596Z  INFO herdr::logging: tab focused event="tab.focus" subsystem="tab" outcome="ok" workspace_id="w6" tab_id="w6:t2"
2026-06-29T05:48:13.671423Z  INFO herdr::logging: session saved event="persist.save" subsystem="persist" outcome="ok" path=/home/aoeu/.config/herdr/session.json workspaces=1
2026-06-29T05:48:33.040665Z  INFO herdr::server::headless: client resize client_id=4 cols=96 rows=76 cell_width_px=0 cell_height_px=0
2026-06-29T05:48:33.340953Z  INFO herdr::server::headless: client resize client_id=4 cols=96 rows=50 cell_width_px=0 cell_height_px=0
2026-06-29T05:49:14.631064Z  INFO herdr::server::headless: client resize client_id=4 cols=96 rows=76 cell_width_px=0 cell_height_px=0
2026-06-29T05:49:14.931909Z  INFO herdr::server::headless: client resize client_id=4 cols=96 rows=50 cell_width_px=0 cell_height_px=0
2026-06-29T05:49:15.391760Z  INFO herdr::logging: tab focused event="tab.focus" subsystem="tab" outcome="ok" workspace_id="w6" tab_id="w6:t1"
2026-06-29T05:49:20.405567Z  INFO herdr::logging: session saved event="persist.save" subsystem="persist" outcome="ok" path=/home/aoeu/.config/herdr/session.json workspaces=1
2026-06-29T05:49:52.780649Z  INFO herdr::server::headless: client resize client_id=4 cols=96 rows=76 cell_width_px=0 cell_height_px=0
2026-06-29T05:49:53.081007Z  INFO herdr::server::headless: client resize client_id=4 cols=96 rows=50 cell_width_px=0 cell_height_px=0
2026-06-29T05:49:54.280056Z  INFO herdr::logging: tab focused event="tab.focus" subsystem="tab" outcome="ok" workspace_id="w6" tab_id="w6:t2"
2026-06-29T05:49:59.285616Z  INFO herdr::logging: session saved event="persist.save" subsystem="persist" outcome="ok" path=/home/aoeu/.config/herdr/session.json workspaces=1
2026-06-29T05:50:01.679544Z  INFO herdr::logging: tab focused event="tab.focus" subsystem="tab" outcome="ok" workspace_id="w6" tab_id="w6:t1"
2026-06-29T05:50:06.685243Z  INFO herdr::logging: session saved event="persist.save" subsystem="persist" outcome="ok" path=/home/aoeu/.config/herdr/session.json workspaces=1
2026-06-29T05:50:24.010342Z  INFO herdr::logging: tab focused event="tab.focus" subsystem="tab" outcome="ok" workspace_id="w6" tab_id="w6:t2"
2026-06-29T05:50:29.020662Z  INFO herdr::logging: session saved event="persist.save" subsystem="persist" outcome="ok" path=/home/aoeu/.config/herdr/session.json workspaces=1
2026-06-29T05:51:15.339762Z  INFO herdr::logging: checking for updates event="update.check.start" subsystem="update" outcome="started"
2026-06-29T05:53:09.908612Z  INFO herdr::server::headless: client resize client_id=4 cols=96 rows=76 cell_width_px=0 cell_height_px=0
2026-06-29T05:53:10.209239Z  INFO herdr::server::headless: client resize client_id=4 cols=96 rows=50 cell_width_px=0 cell_height_px=0
2026-06-29T05:53:11.020582Z  INFO herdr::logging: tab focused event="tab.focus" subsystem="tab" outcome="ok" workspace_id="w6" tab_id="w6:t1"
2026-06-29T05:53:16.032592Z  INFO herdr::logging: session saved event="persist.save" subsystem="persist" outcome="ok" path=/home/aoeu/.config/herdr/session.json workspaces=1
2026-06-29T06:21:15.340227Z  INFO herdr::logging: checking for updates event="update.check.start" subsystem="update" outcome="started"
2026-06-29T06:37:07.914882Z  INFO herdr::server::headless: client resize client_id=4 cols=96 rows=76 cell_width_px=0 cell_height_px=0
2026-06-29T06:37:09.517794Z  INFO herdr::server::headless: client resize client_id=4 cols=96 rows=50 cell_width_px=0 cell_height_px=0
2026-06-29T06:38:10.822584Z  INFO herdr::logging: tab focused event="tab.focus" subsystem="tab" outcome="ok" workspace_id="w6" tab_id="w6:t2"
2026-06-29T06:38:15.830561Z  INFO herdr::logging: session saved event="persist.save" subsystem="persist" outcome="ok" path=/home/aoeu/.config/herdr/session.json workspaces=1
2026-06-29T06:39:44.378491Z  INFO herdr::server::headless: client resize client_id=4 cols=96 rows=76 cell_width_px=0 cell_height_px=0
2026-06-29T06:39:44.679144Z  INFO herdr::server::headless: client resize client_id=4 cols=96 rows=50 cell_width_px=0 cell_height_px=0
2026-06-29T06:39:50.402333Z  INFO herdr::logging: tab focused event="tab.focus" subsystem="tab" outcome="ok" workspace_id="w6" tab_id="w6:t1"
2026-06-29T06:39:55.413465Z  INFO herdr::logging: session saved event="persist.save" subsystem="persist" outcome="ok" path=/home/aoeu/.config/herdr/session.json workspaces=1
2026-06-29T06:40:50.327323Z  WARN herdr::raw_input: flushing lone escape after input timeout; if this follows an alt chord or focus switch it may reach the pane as plain esc bytes=[27]
2026-06-29T06:46:28.234036Z  INFO herdr::server::headless: client resize client_id=4 cols=96 rows=76 cell_width_px=0 cell_height_px=0
2026-06-29T06:46:28.534592Z  INFO herdr::server::headless: client resize client_id=4 cols=96 rows=50 cell_width_px=0 cell_height_px=0
2026-06-29T06:46:52.006141Z  INFO herdr::logging: tab focused event="tab.focus" subsystem="tab" outcome="ok" workspace_id="w6" tab_id="w6:t2"
2026-06-29T06:46:57.016082Z  INFO herdr::logging: session saved event="persist.save" subsystem="persist" outcome="ok" path=/home/aoeu/.config/herdr/session.json workspaces=1
2026-06-29T06:47:54.398596Z  INFO herdr::server::headless: client resize client_id=4 cols=96 rows=76 cell_width_px=0 cell_height_px=0
2026-06-29T06:47:54.598730Z  INFO herdr::server::headless: client resize client_id=4 cols=96 rows=50 cell_width_px=0 cell_height_px=0
2026-06-29T06:47:55.625614Z  INFO herdr::logging: tab focused event="tab.focus" subsystem="tab" outcome="ok" workspace_id="w6" tab_id="w6:t1"
2026-06-29T06:48:00.635186Z  INFO herdr::logging: session saved event="persist.save" subsystem="persist" outcome="ok" path=/home/aoeu/.config/herdr/session.json workspaces=1
2026-06-29T06:48:37.277429Z  INFO herdr::server::headless: client resize client_id=4 cols=96 rows=76 cell_width_px=0 cell_height_px=0
2026-06-29T06:48:37.574625Z  INFO herdr::server::headless: client resize client_id=4 cols=96 rows=50 cell_width_px=0 cell_height_px=0
2026-06-29T06:48:40.688675Z  INFO herdr::logging: tab focused event="tab.focus" subsystem="tab" outcome="ok" workspace_id="w6" tab_id="w6:t2"
2026-06-29T06:48:45.694318Z  INFO herdr::logging: session saved event="persist.save" subsystem="persist" outcome="ok" path=/home/aoeu/.config/herdr/session.json workspaces=1
2026-06-29T06:48:51.984389Z  INFO herdr::logging: tab focused event="tab.focus" subsystem="tab" outcome="ok" workspace_id="w6" tab_id="w6:t1"
2026-06-29T06:48:55.128358Z  INFO herdr::logging: tab focused event="tab.focus" subsystem="tab" outcome="ok" workspace_id="w6" tab_id="w6:t2"
2026-06-29T06:48:59.396815Z  INFO herdr::logging: tab focused event="tab.focus" subsystem="tab" outcome="ok" workspace_id="w6" tab_id="w6:t1"
2026-06-29T06:49:04.403996Z  INFO herdr::logging: session saved event="persist.save" subsystem="persist" outcome="ok" path=/home/aoeu/.config/herdr/session.json workspaces=1
2026-06-29T06:49:20.133037Z  INFO herdr::server::headless: client resize client_id=4 cols=96 rows=76 cell_width_px=0 cell_height_px=0
2026-06-29T06:49:20.436277Z  INFO herdr::server::headless: client resize client_id=4 cols=96 rows=50 cell_width_px=0 cell_height_px=0
2026-06-29T06:51:15.341125Z  INFO herdr::logging: checking for updates event="update.check.start" subsystem="update" outcome="started"
2026-06-29T06:54:41.420988Z  INFO herdr::server::headless: client resize client_id=4 cols=96 rows=76 cell_width_px=0 cell_height_px=0
2026-06-29T06:54:41.821755Z  INFO herdr::server::headless: client resize client_id=4 cols=96 rows=50 cell_width_px=0 cell_height_px=0
2026-06-29T06:54:46.016019Z  INFO herdr::logging: tab focused event="tab.focus" subsystem="tab" outcome="ok" workspace_id="w6" tab_id="w6:t2"
2026-06-29T06:54:47.807280Z  INFO herdr::logging: tab focused event="tab.focus" subsystem="tab" outcome="ok" workspace_id="w6" tab_id="w6:t1"
2026-06-29T06:54:52.813279Z  INFO herdr::logging: session saved event="persist.save" subsystem="persist" outcome="ok" path=/home/aoeu/.config/herdr/session.json workspaces=1
2026-06-29T06:55:10.187293Z  INFO herdr::logging: tab focused event="tab.focus" subsystem="tab" outcome="ok" workspace_id="w6" tab_id="w6:t2"
2026-06-29T06:55:11.526488Z  INFO herdr::logging: tab focused event="tab.focus" subsystem="tab" outcome="ok" workspace_id="w6" tab_id="w6:t1"
2026-06-29T06:55:16.531243Z  INFO herdr::logging: session saved event="persist.save" subsystem="persist" outcome="ok" path=/home/aoeu/.config/herdr/session.json workspaces=1
2026-06-29T06:55:28.682594Z  INFO herdr::logging: tab focused event="tab.focus" subsystem="tab" outcome="ok" workspace_id="w6" tab_id="w6:t2"
2026-06-29T06:55:33.694756Z  INFO herdr::logging: session saved event="persist.save" subsystem="persist" outcome="ok" path=/home/aoeu/.config/herdr/session.json workspaces=1
2026-06-29T06:55:58.758584Z  INFO herdr::server::headless: client resize client_id=4 cols=96 rows=76 cell_width_px=0 cell_height_px=0
2026-06-29T06:55:59.159456Z  INFO herdr::server::headless: client resize client_id=4 cols=96 rows=50 cell_width_px=0 cell_height_px=0
2026-06-29T06:55:59.585566Z  INFO herdr::logging: tab focused event="tab.focus" subsystem="tab" outcome="ok" workspace_id="w6" tab_id="w6:t1"
2026-06-29T06:56:04.605723Z  INFO herdr::logging: session saved event="persist.save" subsystem="persist" outcome="ok" path=/home/aoeu/.config/herdr/session.json workspaces=1
2026-06-29T06:56:25.542478Z  INFO herdr::logging: tab focused event="tab.focus" subsystem="tab" outcome="ok" workspace_id="w6" tab_id="w6:t2"
2026-06-29T06:56:25.543052Z  INFO herdr::logging: tab focused event="tab.focus" subsystem="tab" outcome="ok" workspace_id="w6" tab_id="w6:t3"
2026-06-29T06:56:25.543107Z  INFO herdr::logging: tab focused event="tab.focus" subsystem="tab" outcome="ok" workspace_id="w6" tab_id="w6:t5"
2026-06-29T06:56:25.543151Z  INFO herdr::logging: tab focused event="tab.focus" subsystem="tab" outcome="ok" workspace_id="w6" tab_id="w6:t1"
2026-06-29T06:56:25.543191Z  INFO herdr::logging: tab focused event="tab.focus" subsystem="tab" outcome="ok" workspace_id="w6" tab_id="w6:t2"
2026-06-29T06:56:25.543232Z  INFO herdr::logging: tab focused event="tab.focus" subsystem="tab" outcome="ok" workspace_id="w6" tab_id="w6:t3"
2026-06-29T06:56:25.543271Z  INFO herdr::logging: tab focused event="tab.focus" subsystem="tab" outcome="ok" workspace_id="w6" tab_id="w6:t5"
2026-06-29T06:56:25.543313Z  INFO herdr::logging: tab focused event="tab.focus" subsystem="tab" outcome="ok" workspace_id="w6" tab_id="w6:t1"
2026-06-29T06:56:25.543356Z  INFO herdr::logging: tab focused event="tab.focus" subsystem="tab" outcome="ok" workspace_id="w6" tab_id="w6:t2"
2026-06-29T06:56:25.543397Z  INFO herdr::logging: tab focused event="tab.focus" subsystem="tab" outcome="ok" workspace_id="w6" tab_id="w6:t3"
2026-06-29T06:56:25.543438Z  INFO herdr::logging: tab focused event="tab.focus" subsystem="tab" outcome="ok" workspace_id="w6" tab_id="w6:t5"
2026-06-29T06:56:25.543475Z  INFO herdr::logging: tab focused event="tab.focus" subsystem="tab" outcome="ok" workspace_id="w6" tab_id="w6:t1"
2026-06-29T06:56:25.543510Z  INFO herdr::logging: tab focused event="tab.focus" subsystem="tab" outcome="ok" workspace_id="w6" tab_id="w6:t2"
2026-06-29T06:56:25.543548Z  INFO herdr::logging: tab focused event="tab.focus" subsystem="tab" outcome="ok" workspace_id="w6" tab_id="w6:t3"
2026-06-29T06:56:25.543588Z  INFO herdr::logging: tab focused event="tab.focus" subsystem="tab" outcome="ok" workspace_id="w6" tab_id="w6:t5"
2026-06-29T06:56:25.543627Z  INFO herdr::logging: tab focused event="tab.focus" subsystem="tab" outcome="ok" workspace_id="w6" tab_id="w6:t1"
2026-06-29T06:56:25.543668Z  INFO herdr::logging: tab focused event="tab.focus" subsystem="tab" outcome="ok" workspace_id="w6" tab_id="w6:t2"
2026-06-29T06:56:25.543708Z  INFO herdr::logging: tab focused event="tab.focus" subsystem="tab" outcome="ok" workspace_id="w6" tab_id="w6:t3"
2026-06-29T06:56:25.543751Z  INFO herdr::logging: tab focused event="tab.focus" subsystem="tab" outcome="ok" workspace_id="w6" tab_id="w6:t5"
2026-06-29T06:56:25.543793Z  INFO herdr::logging: tab focused event="tab.focus" subsystem="tab" outcome="ok" workspace_id="w6" tab_id="w6:t1"
2026-06-29T06:56:25.543835Z  INFO herdr::logging: tab focused event="tab.focus" subsystem="tab" outcome="ok" workspace_id="w6" tab_id="w6:t2"
2026-06-29T06:56:25.543874Z  INFO herdr::logging: tab focused event="tab.focus" subsystem="tab" outcome="ok" workspace_id="w6" tab_id="w6:t3"
2026-06-29T06:56:25.543916Z  INFO herdr::logging: tab focused event="tab.focus" subsystem="tab" outcome="ok" workspace_id="w6" tab_id="w6:t5"
2026-06-29T06:56:25.543955Z  INFO herdr::logging: tab focused event="tab.focus" subsystem="tab" outcome="ok" workspace_id="w6" tab_id="w6:t1"
2026-06-29T06:56:25.543993Z  INFO herdr::logging: tab focused event="tab.focus" subsystem="tab" outcome="ok" workspace_id="w6" tab_id="w6:t2"
2026-06-29T06:56:25.544029Z  INFO herdr::logging: tab focused event="tab.focus" subsystem="tab" outcome="ok" workspace_id="w6" tab_id="w6:t3"
2026-06-29T06:56:28.412896Z  INFO herdr::logging: tab focused event="tab.focus" subsystem="tab" outcome="ok" workspace_id="w6" tab_id="w6:t2"
2026-06-29T06:56:33.076848Z  INFO herdr::logging: tab focused event="tab.focus" subsystem="tab" outcome="ok" workspace_id="w6" tab_id="w6:t1"
2026-06-29T06:56:36.327395Z  INFO herdr::server::headless: client resize client_id=4 cols=96 rows=76 cell_width_px=0 cell_height_px=0
2026-06-29T06:56:36.627651Z  INFO herdr::server::headless: client resize client_id=4 cols=96 rows=50 cell_width_px=0 cell_height_px=0
2026-06-29T06:56:38.083537Z  INFO herdr::logging: session saved event="persist.save" subsystem="persist" outcome="ok" path=/home/aoeu/.config/herdr/session.json workspaces=1
2026-06-29T06:57:32.002573Z  INFO herdr::server::headless: client resize client_id=4 cols=96 rows=76 cell_width_px=0 cell_height_px=0
2026-06-29T06:57:32.903870Z  INFO herdr::server::headless: client resize client_id=4 cols=96 rows=50 cell_width_px=0 cell_height_px=0
2026-06-29T06:57:46.219849Z  INFO herdr::server::headless: client resize client_id=4 cols=96 rows=76 cell_width_px=0 cell_height_px=0
2026-06-29T06:57:47.120833Z  INFO herdr::server::headless: client resize client_id=4 cols=96 rows=50 cell_width_px=0 cell_height_px=0
2026-06-29T06:58:24.849307Z  INFO herdr::logging: tab focused event="tab.focus" subsystem="tab" outcome="ok" workspace_id="w6" tab_id="w6:t2"
2026-06-29T06:58:29.856426Z  INFO herdr::logging: session saved event="persist.save" subsystem="persist" outcome="ok" path=/home/aoeu/.config/herdr/session.json workspaces=1
2026-06-29T06:59:49.843798Z  INFO herdr::server::headless: client resize client_id=4 cols=96 rows=76 cell_width_px=0 cell_height_px=0
2026-06-29T06:59:50.244621Z  INFO herdr::server::headless: client resize client_id=4 cols=96 rows=50 cell_width_px=0 cell_height_px=0
2026-06-29T06:59:50.881513Z  INFO herdr::logging: tab focused event="tab.focus" subsystem="tab" outcome="ok" workspace_id="w6" tab_id="w6:t1"
2026-06-29T06:59:51.254644Z  INFO herdr::logging: tab focused event="tab.focus" subsystem="tab" outcome="ok" workspace_id="w6" tab_id="w6:t1"
2026-06-29T06:59:56.266169Z  INFO herdr::logging: session saved event="persist.save" subsystem="persist" outcome="ok" path=/home/aoeu/.config/herdr/session.json workspaces=1
2026-06-29T07:01:22.375088Z  WARN herdr::raw_input: flushing lone escape after input timeout; if this follows an alt chord or focus switch it may reach the pane as plain esc bytes=[27]
2026-06-29T07:01:23.034781Z  WARN herdr::raw_input: flushing lone escape after input timeout; if this follows an alt chord or focus switch it may reach the pane as plain esc bytes=[27]
2026-06-29T07:02:32.354019Z  INFO herdr::logging: tab focused event="tab.focus" subsystem="tab" outcome="ok" workspace_id="w6" tab_id="w6:t2"
2026-06-29T07:02:37.364138Z  INFO herdr::logging: session saved event="persist.save" subsystem="persist" outcome="ok" path=/home/aoeu/.config/herdr/session.json workspaces=1
2026-06-29T07:02:40.119504Z  INFO herdr::logging: tab focused event="tab.focus" subsystem="tab" outcome="ok" workspace_id="w6" tab_id="w6:t1"
2026-06-29T07:02:42.948853Z  INFO herdr::server::headless: client resize client_id=4 cols=96 rows=76 cell_width_px=0 cell_height_px=0
2026-06-29T07:02:44.250289Z  INFO herdr::server::headless: client resize client_id=4 cols=96 rows=50 cell_width_px=0 cell_height_px=0
2026-06-29T07:02:45.134414Z  INFO herdr::logging: session saved event="persist.save" subsystem="persist" outcome="ok" path=/home/aoeu/.config/herdr/session.json workspaces=1
2026-06-29T07:03:17.321491Z  INFO herdr::server::headless: client resize client_id=4 cols=96 rows=76 cell_width_px=0 cell_height_px=0
2026-06-29T07:03:17.823914Z  INFO herdr::server::headless: client resize client_id=4 cols=96 rows=50 cell_width_px=0 cell_height_px=0
2026-06-29T07:03:29.620860Z  INFO herdr::logging: tab focused event="tab.focus" subsystem="tab" outcome="ok" workspace_id="w6" tab_id="w6:t2"
2026-06-29T07:03:32.585980Z  INFO herdr::logging: tab focused event="tab.focus" subsystem="tab" outcome="ok" workspace_id="w6" tab_id="w6:t1"
2026-06-29T07:03:37.595436Z  INFO herdr::logging: session saved event="persist.save" subsystem="persist" outcome="ok" path=/home/aoeu/.config/herdr/session.json workspaces=1
2026-06-29T07:03:44.297541Z  INFO herdr::logging: tab focused event="tab.focus" subsystem="tab" outcome="ok" workspace_id="w6" tab_id="w6:t2"
2026-06-29T07:03:49.306328Z  INFO herdr::logging: session saved event="persist.save" subsystem="persist" outcome="ok" path=/home/aoeu/.config/herdr/session.json workspaces=1
2026-06-29T07:04:48.873784Z  INFO herdr::server::headless: client resize client_id=4 cols=96 rows=76 cell_width_px=0 cell_height_px=0
2026-06-29T07:04:49.174374Z  INFO herdr::server::headless: client resize client_id=4 cols=96 rows=50 cell_width_px=0 cell_height_px=0
2026-06-29T07:04:54.119600Z  INFO herdr::logging: tab focused event="tab.focus" subsystem="tab" outcome="ok" workspace_id="w6" tab_id="w6:t1"
2026-06-29T07:04:59.133804Z  INFO herdr::logging: session saved event="persist.save" subsystem="persist" outcome="ok" path=/home/aoeu/.config/herdr/session.json workspaces=1
2026-06-29T07:05:44.410567Z  INFO herdr::logging: tab focused event="tab.focus" subsystem="tab" outcome="ok" workspace_id="w6" tab_id="w6:t2"
2026-06-29T07:05:48.937208Z  INFO herdr::logging: tab focused event="tab.focus" subsystem="tab" outcome="ok" workspace_id="w6" tab_id="w6:t1"
2026-06-29T07:05:53.487335Z  INFO herdr::server::headless: client resize client_id=4 cols=96 rows=76 cell_width_px=0 cell_height_px=0
2026-06-29T07:05:53.787772Z  INFO herdr::server::headless: client resize client_id=4 cols=96 rows=50 cell_width_px=0 cell_height_px=0
2026-06-29T07:05:53.942369Z  INFO herdr::logging: session saved event="persist.save" subsystem="persist" outcome="ok" path=/home/aoeu/.config/herdr/session.json workspaces=1
2026-06-29T07:21:15.342804Z  INFO herdr::logging: checking for updates event="update.check.start" subsystem="update" outcome="started"
2026-06-29T07:51:15.343645Z  INFO herdr::logging: checking for updates event="update.check.start" subsystem="update" outcome="started"
2026-06-29T08:02:48.108082Z  INFO herdr::server::headless: client resize client_id=4 cols=96 rows=76 cell_width_px=0 cell_height_px=0
2026-06-29T08:02:49.210973Z  INFO herdr::server::headless: client resize client_id=4 cols=96 rows=50 cell_width_px=0 cell_height_px=0
2026-06-29T08:21:15.345091Z  INFO herdr::logging: checking for updates event="update.check.start" subsystem="update" outcome="started"
2026-06-29T08:51:15.346712Z  INFO herdr::logging: checking for updates event="update.check.start" subsystem="update" outcome="started"
2026-06-29T09:21:15.348080Z  INFO herdr::logging: checking for updates event="update.check.start" subsystem="update" outcome="started"
2026-06-29T09:22:37.104208Z  INFO herdr::logging: tab focused event="tab.focus" subsystem="tab" outcome="ok" workspace_id="w6" tab_id="w6:t2"
2026-06-29T09:22:38.216165Z  INFO herdr::logging: tab focused event="tab.focus" subsystem="tab" outcome="ok" workspace_id="w6" tab_id="w6:t3"
2026-06-29T09:22:42.481338Z  INFO herdr::logging: tab focused event="tab.focus" subsystem="tab" outcome="ok" workspace_id="w6" tab_id="w6:t5"
2026-06-29T09:22:44.674172Z  INFO herdr::logging: tab focused event="tab.focus" subsystem="tab" outcome="ok" workspace_id="w6" tab_id="w6:t1"
2026-06-29T09:22:49.679775Z  INFO herdr::logging: session saved event="persist.save" subsystem="persist" outcome="ok" path=/home/aoeu/.config/herdr/session.json workspaces=1
2026-06-29T09:26:03.493327Z  INFO herdr::server::headless: client resize client_id=4 cols=96 rows=76 cell_width_px=0 cell_height_px=0
2026-06-29T09:26:03.693680Z  INFO herdr::server::headless: client resize client_id=4 cols=96 rows=50 cell_width_px=0 cell_height_px=0
2026-06-29T09:27:36.806014Z  WARN herdr::raw_input: flushing lone escape after input timeout; if this follows an alt chord or focus switch it may reach the pane as plain esc bytes=[27]
2026-06-29T09:27:37.008994Z  WARN herdr::raw_input: flushing lone escape after input timeout; if this follows an alt chord or focus switch it may reach the pane as plain esc bytes=[27]
2026-06-29T09:27:37.149051Z  WARN herdr::raw_input: flushing lone escape after input timeout; if this follows an alt chord or focus switch it may reach the pane as plain esc bytes=[27]
2026-06-29T09:27:37.267136Z  WARN herdr::raw_input: flushing lone escape after input timeout; if this follows an alt chord or focus switch it may reach the pane as plain esc bytes=[27]
2026-06-29T09:28:24.128522Z  WARN herdr::raw_input: flushing lone escape after input timeout; if this follows an alt chord or focus switch it may reach the pane as plain esc bytes=[27]
2026-06-29T09:37:39.964400Z  INFO herdr::logging: tab focused event="tab.focus" subsystem="tab" outcome="ok" workspace_id="w6" tab_id="w6:t2"
2026-06-29T09:37:44.974654Z  INFO herdr::logging: session saved event="persist.save" subsystem="persist" outcome="ok" path=/home/aoeu/.config/herdr/session.json workspaces=1
2026-06-29T09:38:57.444007Z  INFO herdr::server::headless: client resize client_id=4 cols=96 rows=76 cell_width_px=0 cell_height_px=0
2026-06-29T09:38:57.744521Z  INFO herdr::server::headless: client resize client_id=4 cols=96 rows=50 cell_width_px=0 cell_height_px=0
2026-06-29T09:38:58.293757Z  INFO herdr::logging: tab focused event="tab.focus" subsystem="tab" outcome="ok" workspace_id="w6" tab_id="w6:t1"
2026-06-29T09:39:03.307465Z  INFO herdr::logging: session saved event="persist.save" subsystem="persist" outcome="ok" path=/home/aoeu/.config/herdr/session.json workspaces=1
2026-06-29T09:39:19.485812Z  INFO herdr::server::headless: client resize client_id=4 cols=96 rows=76 cell_width_px=0 cell_height_px=0
2026-06-29T09:39:19.786084Z  INFO herdr::server::headless: client resize client_id=4 cols=96 rows=50 cell_width_px=0 cell_height_px=0
2026-06-29T09:39:20.310879Z  INFO herdr::logging: tab focused event="tab.focus" subsystem="tab" outcome="ok" workspace_id="w6" tab_id="w6:t2"
2026-06-29T09:39:22.010243Z  INFO herdr::logging: tab focused event="tab.focus" subsystem="tab" outcome="ok" workspace_id="w6" tab_id="w6:t2"
2026-06-29T09:39:27.016182Z  INFO herdr::logging: session saved event="persist.save" subsystem="persist" outcome="ok" path=/home/aoeu/.config/herdr/session.json workspaces=1
2026-06-29T09:39:28.745032Z  INFO herdr::logging: tab focused event="tab.focus" subsystem="tab" outcome="ok" workspace_id="w6" tab_id="w6:t1"
2026-06-29T09:39:33.750932Z  INFO herdr::logging: session saved event="persist.save" subsystem="persist" outcome="ok" path=/home/aoeu/.config/herdr/session.json workspaces=1
2026-06-29T09:41:38.576404Z  INFO herdr::logging: tab focused event="tab.focus" subsystem="tab" outcome="ok" workspace_id="w6" tab_id="w6:t2"
2026-06-29T09:41:43.584400Z  INFO herdr::logging: session saved event="persist.save" subsystem="persist" outcome="ok" path=/home/aoeu/.config/herdr/session.json workspaces=1
2026-06-29T09:42:52.003463Z  INFO herdr::server::headless: client resize client_id=4 cols=96 rows=76 cell_width_px=0 cell_height_px=0
2026-06-29T09:42:52.304039Z  INFO herdr::server::headless: client resize client_id=4 cols=96 rows=50 cell_width_px=0 cell_height_px=0
2026-06-29T09:42:52.714556Z  INFO herdr::logging: tab focused event="tab.focus" subsystem="tab" outcome="ok" workspace_id="w6" tab_id="w6:t1"
2026-06-29T09:42:57.731053Z  INFO herdr::logging: session saved event="persist.save" subsystem="persist" outcome="ok" path=/home/aoeu/.config/herdr/session.json workspaces=1
2026-06-29T09:44:30.382189Z  INFO herdr::server::headless: client resize client_id=4 cols=96 rows=76 cell_width_px=0 cell_height_px=0
2026-06-29T09:44:30.690741Z  INFO herdr::server::headless: client resize client_id=4 cols=96 rows=50 cell_width_px=0 cell_height_px=0
2026-06-29T09:44:31.856276Z  INFO herdr::logging: tab focused event="tab.focus" subsystem="tab" outcome="ok" workspace_id="w6" tab_id="w6:t2"
2026-06-29T09:44:32.025256Z  INFO herdr::logging: tab focused event="tab.focus" subsystem="tab" outcome="ok" workspace_id="w6" tab_id="w6:t2"
2026-06-29T09:44:37.030996Z  INFO herdr::logging: session saved event="persist.save" subsystem="persist" outcome="ok" path=/home/aoeu/.config/herdr/session.json workspaces=1
2026-06-29T09:45:33.132656Z  INFO herdr::server::headless: client resize client_id=4 cols=96 rows=76 cell_width_px=0 cell_height_px=0
2026-06-29T09:45:33.433188Z  INFO herdr::server::headless: client resize client_id=4 cols=96 rows=50 cell_width_px=0 cell_height_px=0
2026-06-29T09:45:33.896793Z  INFO herdr::logging: tab focused event="tab.focus" subsystem="tab" outcome="ok" workspace_id="w6" tab_id="w6:t1"
2026-06-29T09:45:34.276698Z  INFO herdr::logging: tab focused event="tab.focus" subsystem="tab" outcome="ok" workspace_id="w6" tab_id="w6:t1"
2026-06-29T09:45:39.290028Z  INFO herdr::logging: session saved event="persist.save" subsystem="persist" outcome="ok" path=/home/aoeu/.config/herdr/session.json workspaces=1
2026-06-29T09:46:10.210336Z  INFO herdr::server::headless: client resize client_id=4 cols=96 rows=76 cell_width_px=0 cell_height_px=0
2026-06-29T09:46:10.811636Z  INFO herdr::server::headless: client resize client_id=4 cols=96 rows=50 cell_width_px=0 cell_height_px=0
2026-06-29T09:46:11.169523Z  INFO herdr::logging: tab focused event="tab.focus" subsystem="tab" outcome="ok" workspace_id="w6" tab_id="w6:t2"
2026-06-29T09:46:12.269348Z  INFO herdr::logging: tab focused event="tab.focus" subsystem="tab" outcome="ok" workspace_id="w6" tab_id="w6:t2"
2026-06-29T09:46:17.008458Z  INFO herdr::logging: tab focused event="tab.focus" subsystem="tab" outcome="ok" workspace_id="w6" tab_id="w6:t1"
2026-06-29T09:46:22.022480Z  INFO herdr::logging: session saved event="persist.save" subsystem="persist" outcome="ok" path=/home/aoeu/.config/herdr/session.json workspaces=1
2026-06-29T09:47:16.293990Z  WARN herdr::raw_input: flushing lone escape after input timeout; if this follows an alt chord or focus switch it may reach the pane as plain esc bytes=[27]
2026-06-29T09:47:16.466126Z  WARN herdr::raw_input: flushing lone escape after input timeout; if this follows an alt chord or focus switch it may reach the pane as plain esc bytes=[27]
2026-06-29T09:47:16.619667Z  WARN herdr::raw_input: flushing lone escape after input timeout; if this follows an alt chord or focus switch it may reach the pane as plain esc bytes=[27]
2026-06-29T09:49:34.266750Z  INFO herdr::logging: tab focused event="tab.focus" subsystem="tab" outcome="ok" workspace_id="w6" tab_id="w6:t2"
2026-06-29T09:49:39.278621Z  INFO herdr::logging: session saved event="persist.save" subsystem="persist" outcome="ok" path=/home/aoeu/.config/herdr/session.json workspaces=1
2026-06-29T09:51:15.350040Z  INFO herdr::logging: checking for updates event="update.check.start" subsystem="update" outcome="started"
2026-06-29T09:51:31.715621Z  INFO herdr::server::headless: client resize client_id=4 cols=96 rows=76 cell_width_px=0 cell_height_px=0
2026-06-29T09:51:32.116432Z  INFO herdr::server::headless: client resize client_id=4 cols=96 rows=50 cell_width_px=0 cell_height_px=0
2026-06-29T09:51:32.458667Z  INFO herdr::logging: tab focused event="tab.focus" subsystem="tab" outcome="ok" workspace_id="w6" tab_id="w6:t1"
2026-06-29T09:51:37.471076Z  INFO herdr::logging: session saved event="persist.save" subsystem="persist" outcome="ok" path=/home/aoeu/.config/herdr/session.json workspaces=1
2026-06-29T09:55:48.542848Z  INFO herdr::logging: tab focused event="tab.focus" subsystem="tab" outcome="ok" workspace_id="w6" tab_id="w6:t2"
2026-06-29T09:55:53.553930Z  INFO herdr::logging: session saved event="persist.save" subsystem="persist" outcome="ok" path=/home/aoeu/.config/herdr/session.json workspaces=1
2026-06-29T09:57:10.317961Z  INFO herdr::server::headless: client resize client_id=4 cols=96 rows=76 cell_width_px=0 cell_height_px=0
2026-06-29T09:57:10.718583Z  INFO herdr::server::headless: client resize client_id=4 cols=96 rows=50 cell_width_px=0 cell_height_px=0
2026-06-29T09:57:18.453334Z  WARN herdr::raw_input: flushing lone escape after input timeout; if this follows an alt chord or focus switch it may reach the pane as plain esc bytes=[27]
2026-06-29T09:57:26.271397Z  INFO herdr::logging: tab focused event="tab.focus" subsystem="tab" outcome="ok" workspace_id="w6" tab_id="w6:t1"
2026-06-29T09:57:31.284999Z  INFO herdr::logging: session saved event="persist.save" subsystem="persist" outcome="ok" path=/home/aoeu/.config/herdr/session.json workspaces=1
2026-06-29T09:57:44.212552Z  INFO herdr::logging: tab focused event="tab.focus" subsystem="tab" outcome="ok" workspace_id="w6" tab_id="w6:t2"
2026-06-29T09:57:49.223268Z  INFO herdr::logging: session saved event="persist.save" subsystem="persist" outcome="ok" path=/home/aoeu/.config/herdr/session.json workspaces=1
2026-06-29T09:57:51.769798Z  INFO herdr::logging: tab focused event="tab.focus" subsystem="tab" outcome="ok" workspace_id="w6" tab_id="w6:t1"
2026-06-29T09:57:56.780259Z  INFO herdr::logging: session saved event="persist.save" subsystem="persist" outcome="ok" path=/home/aoeu/.config/herdr/session.json workspaces=1
2026-06-29T09:58:22.726936Z  INFO herdr::logging: tab focused event="tab.focus" subsystem="tab" outcome="ok" workspace_id="w6" tab_id="w6:t2"
2026-06-29T09:58:27.734100Z  INFO herdr::logging: session saved event="persist.save" subsystem="persist" outcome="ok" path=/home/aoeu/.config/herdr/session.json workspaces=1
2026-06-29T10:21:15.351807Z  INFO herdr::logging: checking for updates event="update.check.start" subsystem="update" outcome="started"
2026-06-29T10:25:02.659314Z  INFO herdr::server::headless: client resize client_id=4 cols=96 rows=76 cell_width_px=0 cell_height_px=0
2026-06-29T10:25:02.859516Z  INFO herdr::server::headless: client resize client_id=4 cols=96 rows=50 cell_width_px=0 cell_height_px=0
2026-06-29T10:25:11.289977Z  INFO herdr::logging: tab focused event="tab.focus" subsystem="tab" outcome="ok" workspace_id="w6" tab_id="w6:t1"
2026-06-29T10:25:13.335009Z  INFO herdr::logging: tab focused event="tab.focus" subsystem="tab" outcome="ok" workspace_id="w6" tab_id="w6:t2"
2026-06-29T10:25:18.345222Z  INFO herdr::logging: session saved event="persist.save" subsystem="persist" outcome="ok" path=/home/aoeu/.config/herdr/session.json workspaces=1
2026-06-29T10:26:22.297551Z  INFO herdr::logging: tab focused event="tab.focus" subsystem="tab" outcome="ok" workspace_id="w6" tab_id="w6:t1"
2026-06-29T10:26:27.313099Z  INFO herdr::logging: session saved event="persist.save" subsystem="persist" outcome="ok" path=/home/aoeu/.config/herdr/session.json workspaces=1
2026-06-29T10:27:04.644427Z  INFO herdr::logging: tab focused event="tab.focus" subsystem="tab" outcome="ok" workspace_id="w6" tab_id="w6:t2"
2026-06-29T10:27:09.649751Z  INFO herdr::logging: session saved event="persist.save" subsystem="persist" outcome="ok" path=/home/aoeu/.config/herdr/session.json workspaces=1
2026-06-29T10:28:05.894138Z  INFO herdr::server::headless: client resize client_id=4 cols=96 rows=76 cell_width_px=0 cell_height_px=0
2026-06-29T10:28:06.094258Z  INFO herdr::server::headless: client resize client_id=4 cols=96 rows=50 cell_width_px=0 cell_height_px=0
2026-06-29T10:28:08.700929Z  INFO herdr::server::headless: client resize client_id=4 cols=96 rows=76 cell_width_px=0 cell_height_px=0
2026-06-29T10:28:09.001571Z  INFO herdr::server::headless: client resize client_id=4 cols=96 rows=50 cell_width_px=0 cell_height_px=0
2026-06-29T10:28:12.926952Z  INFO herdr::logging: tab focused event="tab.focus" subsystem="tab" outcome="ok" workspace_id="w6" tab_id="w6:t1"
2026-06-29T10:28:17.941755Z  INFO herdr::logging: session saved event="persist.save" subsystem="persist" outcome="ok" path=/home/aoeu/.config/herdr/session.json workspaces=1
2026-06-29T10:30:07.901810Z  INFO herdr::server::headless: client resize client_id=4 cols=96 rows=76 cell_width_px=0 cell_height_px=0
2026-06-29T10:30:08.301685Z  INFO herdr::server::headless: client resize client_id=4 cols=96 rows=50 cell_width_px=0 cell_height_px=0
2026-06-29T10:30:47.880689Z  INFO herdr::logging: tab focused event="tab.focus" subsystem="tab" outcome="ok" workspace_id="w6" tab_id="w6:t2"
2026-06-29T10:30:50.558392Z  INFO herdr::logging: tab focused event="tab.focus" subsystem="tab" outcome="ok" workspace_id="w6" tab_id="w6:t1"
2026-06-29T10:30:55.570943Z  INFO herdr::logging: session saved event="persist.save" subsystem="persist" outcome="ok" path=/home/aoeu/.config/herdr/session.json workspaces=1
2026-06-29T10:31:05.598413Z  INFO herdr::logging: tab focused event="tab.focus" subsystem="tab" outcome="ok" workspace_id="w6" tab_id="w6:t2"
2026-06-29T10:31:10.607758Z  INFO herdr::logging: session saved event="persist.save" subsystem="persist" outcome="ok" path=/home/aoeu/.config/herdr/session.json workspaces=1
2026-06-29T10:32:20.839617Z  INFO herdr::server::headless: client resize client_id=4 cols=96 rows=76 cell_width_px=0 cell_height_px=0
2026-06-29T10:32:21.240404Z  INFO herdr::server::headless: client resize client_id=4 cols=96 rows=50 cell_width_px=0 cell_height_px=0
2026-06-29T10:32:21.582792Z  INFO herdr::logging: tab focused event="tab.focus" subsystem="tab" outcome="ok" workspace_id="w6" tab_id="w6:t1"
2026-06-29T10:32:26.597160Z  INFO herdr::logging: session saved event="persist.save" subsystem="persist" outcome="ok" path=/home/aoeu/.config/herdr/session.json workspaces=1
2026-06-29T10:34:22.418577Z  INFO herdr::logging: tab focused event="tab.focus" subsystem="tab" outcome="ok" workspace_id="w6" tab_id="w6:t2"
2026-06-29T10:34:27.425682Z  INFO herdr::logging: session saved event="persist.save" subsystem="persist" outcome="ok" path=/home/aoeu/.config/herdr/session.json workspaces=1
2026-06-29T10:35:18.404642Z  INFO herdr::server::headless: client resize client_id=4 cols=96 rows=76 cell_width_px=0 cell_height_px=0
2026-06-29T10:35:18.604920Z  INFO herdr::server::headless: client resize client_id=4 cols=96 rows=50 cell_width_px=0 cell_height_px=0
2026-06-29T10:35:19.605849Z  INFO herdr::logging: tab focused event="tab.focus" subsystem="tab" outcome="ok" workspace_id="w6" tab_id="w6:t1"
2026-06-29T10:35:24.614996Z  INFO herdr::logging: session saved event="persist.save" subsystem="persist" outcome="ok" path=/home/aoeu/.config/herdr/session.json workspaces=1
2026-06-29T10:35:30.256941Z  INFO herdr::logging: tab focused event="tab.focus" subsystem="tab" outcome="ok" workspace_id="w6" tab_id="w6:t2"
2026-06-29T10:35:35.268178Z  INFO herdr::logging: session saved event="persist.save" subsystem="persist" outcome="ok" path=/home/aoeu/.config/herdr/session.json workspaces=1
2026-06-29T10:36:38.068839Z  INFO herdr::logging: tab focused event="tab.focus" subsystem="tab" outcome="ok" workspace_id="w6" tab_id="w6:t1"
2026-06-29T10:36:43.080956Z  INFO herdr::logging: session saved event="persist.save" subsystem="persist" outcome="ok" path=/home/aoeu/.config/herdr/session.json workspaces=1
2026-06-29T10:47:01.460966Z  INFO herdr::server::headless: client resize client_id=4 cols=96 rows=76 cell_width_px=0 cell_height_px=0
2026-06-29T10:47:01.861673Z  INFO herdr::server::headless: client resize client_id=4 cols=96 rows=50 cell_width_px=0 cell_height_px=0
2026-06-29T10:47:11.896713Z  INFO herdr::logging: tab focused event="tab.focus" subsystem="tab" outcome="ok" workspace_id="w6" tab_id="w6:t2"
2026-06-29T10:47:16.914261Z  INFO herdr::logging: session saved event="persist.save" subsystem="persist" outcome="ok" path=/home/aoeu/.config/herdr/session.json workspaces=1
2026-06-29T10:47:52.500555Z  WARN herdr::raw_input: flushing lone escape after input timeout; if this follows an alt chord or focus switch it may reach the pane as plain esc bytes=[27]
2026-06-29T10:47:52.681440Z  WARN herdr::raw_input: flushing lone escape after input timeout; if this follows an alt chord or focus switch it may reach the pane as plain esc bytes=[27]
2026-06-29T10:47:52.836293Z  WARN herdr::raw_input: flushing lone escape after input timeout; if this follows an alt chord or focus switch it may reach the pane as plain esc bytes=[27]
2026-06-29T10:47:52.980737Z  WARN herdr::raw_input: flushing lone escape after input timeout; if this follows an alt chord or focus switch it may reach the pane as plain esc bytes=[27]
2026-06-29T10:47:53.123880Z  WARN herdr::raw_input: flushing lone escape after input timeout; if this follows an alt chord or focus switch it may reach the pane as plain esc bytes=[27]
2026-06-29T10:47:53.276810Z  WARN herdr::raw_input: flushing lone escape after input timeout; if this follows an alt chord or focus switch it may reach the pane as plain esc bytes=[27]
2026-06-29T10:48:02.816301Z  INFO herdr::logging: tab focused event="tab.focus" subsystem="tab" outcome="ok" workspace_id="w6" tab_id="w6:t1"
2026-06-29T10:48:07.830506Z  INFO herdr::logging: session saved event="persist.save" subsystem="persist" outcome="ok" path=/home/aoeu/.config/herdr/session.json workspaces=1
2026-06-29T10:48:24.854711Z  INFO herdr::logging: tab focused event="tab.focus" subsystem="tab" outcome="ok" workspace_id="w6" tab_id="w6:t2"
2026-06-29T10:48:29.867545Z  INFO herdr::logging: session saved event="persist.save" subsystem="persist" outcome="ok" path=/home/aoeu/.config/herdr/session.json workspaces=1
2026-06-29T10:49:08.141078Z  INFO herdr::server::headless: client resize client_id=4 cols=96 rows=76 cell_width_px=0 cell_height_px=0
2026-06-29T10:49:08.541989Z  INFO herdr::server::headless: client resize client_id=4 cols=96 rows=50 cell_width_px=0 cell_height_px=0
2026-06-29T10:49:11.180610Z  INFO herdr::logging: tab focused event="tab.focus" subsystem="tab" outcome="ok" workspace_id="w6" tab_id="w6:t1"
2026-06-29T10:49:11.361653Z  INFO herdr::logging: tab focused event="tab.focus" subsystem="tab" outcome="ok" workspace_id="w6" tab_id="w6:t1"
2026-06-29T10:49:11.471632Z  INFO herdr::logging: tab focused event="tab.focus" subsystem="tab" outcome="ok" workspace_id="w6" tab_id="w6:t1"
2026-06-29T10:49:16.485125Z  INFO herdr::logging: session saved event="persist.save" subsystem="persist" outcome="ok" path=/home/aoeu/.config/herdr/session.json workspaces=1
2026-06-29T10:49:19.738209Z  INFO herdr::logging: tab focused event="tab.focus" subsystem="tab" outcome="ok" workspace_id="w6" tab_id="w6:t2"
2026-06-29T10:49:24.751383Z  INFO herdr::logging: session saved event="persist.save" subsystem="persist" outcome="ok" path=/home/aoeu/.config/herdr/session.json workspaces=1
2026-06-29T10:49:29.257084Z  INFO herdr::logging: tab focused event="tab.focus" subsystem="tab" outcome="ok" workspace_id="w6" tab_id="w6:t1"
2026-06-29T10:49:34.276161Z  INFO herdr::logging: session saved event="persist.save" subsystem="persist" outcome="ok" path=/home/aoeu/.config/herdr/session.json workspaces=1
2026-06-29T10:51:15.353353Z  INFO herdr::logging: checking for updates event="update.check.start" subsystem="update" outcome="started"
2026-06-29T10:52:29.694339Z  INFO herdr::logging: tab focused event="tab.focus" subsystem="tab" outcome="ok" workspace_id="w6" tab_id="w6:t2"
2026-06-29T10:52:30.952831Z  INFO herdr::logging: tab focused event="tab.focus" subsystem="tab" outcome="ok" workspace_id="w6" tab_id="w6:t1"
2026-06-29T10:52:35.956811Z  INFO herdr::logging: session saved event="persist.save" subsystem="persist" outcome="ok" path=/home/aoeu/.config/herdr/session.json workspaces=1
2026-06-29T10:52:38.235965Z  INFO herdr::logging: tab focused event="tab.focus" subsystem="tab" outcome="ok" workspace_id="w6" tab_id="w6:t2"
2026-06-29T10:52:43.251714Z  INFO herdr::logging: session saved event="persist.save" subsystem="persist" outcome="ok" path=/home/aoeu/.config/herdr/session.json workspaces=1
2026-06-29T10:54:05.242043Z  INFO herdr::server::headless: client resize client_id=4 cols=96 rows=76 cell_width_px=0 cell_height_px=0
2026-06-29T10:54:05.642868Z  INFO herdr::server::headless: client resize client_id=4 cols=96 rows=50 cell_width_px=0 cell_height_px=0
2026-06-29T10:54:08.555364Z  INFO herdr::logging: tab focused event="tab.focus" subsystem="tab" outcome="ok" workspace_id="w6" tab_id="w6:t1"
2026-06-29T10:54:11.075369Z  INFO herdr::logging: tab focused event="tab.focus" subsystem="tab" outcome="ok" workspace_id="w6" tab_id="w6:t2"
2026-06-29T10:54:16.083836Z  INFO herdr::logging: session saved event="persist.save" subsystem="persist" outcome="ok" path=/home/aoeu/.config/herdr/session.json workspaces=1
2026-06-29T10:55:43.735088Z  INFO herdr::server::headless: client resize client_id=4 cols=96 rows=76 cell_width_px=0 cell_height_px=0
2026-06-29T10:55:44.035698Z  INFO herdr::server::headless: client resize client_id=4 cols=96 rows=50 cell_width_px=0 cell_height_px=0
2026-06-29T10:55:45.601584Z  INFO herdr::logging: tab focused event="tab.focus" subsystem="tab" outcome="ok" workspace_id="w6" tab_id="w6:t1"
2026-06-29T10:55:50.609644Z  INFO herdr::logging: session saved event="persist.save" subsystem="persist" outcome="ok" path=/home/aoeu/.config/herdr/session.json workspaces=1
2026-06-29T11:01:00.312539Z  INFO herdr::logging: tab focused event="tab.focus" subsystem="tab" outcome="ok" workspace_id="w6" tab_id="w6:t2"
2026-06-29T11:01:05.319783Z  INFO herdr::logging: session saved event="persist.save" subsystem="persist" outcome="ok" path=/home/aoeu/.config/herdr/session.json workspaces=1
2026-06-29T11:02:01.634935Z  INFO herdr::server::headless: client resize client_id=4 cols=96 rows=76 cell_width_px=0 cell_height_px=0
2026-06-29T11:02:02.035915Z  INFO herdr::server::headless: client resize client_id=4 cols=96 rows=50 cell_width_px=0 cell_height_px=0
2026-06-29T11:02:02.297976Z  INFO herdr::logging: tab focused event="tab.focus" subsystem="tab" outcome="ok" workspace_id="w6" tab_id="w6:t1"
2026-06-29T11:02:06.378480Z  INFO herdr::logging: tab focused event="tab.focus" subsystem="tab" outcome="ok" workspace_id="w6" tab_id="w6:t2"
2026-06-29T11:02:11.390752Z  INFO herdr::logging: session saved event="persist.save" subsystem="persist" outcome="ok" path=/home/aoeu/.config/herdr/session.json workspaces=1
2026-06-29T11:02:12.944924Z  INFO herdr::logging: tab focused event="tab.focus" subsystem="tab" outcome="ok" workspace_id="w6" tab_id="w6:t1"
2026-06-29T11:02:17.957549Z  INFO herdr::logging: session saved event="persist.save" subsystem="persist" outcome="ok" path=/home/aoeu/.config/herdr/session.json workspaces=1
2026-06-29T11:02:35.780160Z  INFO herdr::server::headless: client resize client_id=4 cols=96 rows=76 cell_width_px=0 cell_height_px=0
2026-06-29T11:02:36.080826Z  INFO herdr::server::headless: client resize client_id=4 cols=96 rows=50 cell_width_px=0 cell_height_px=0
2026-06-29T11:04:24.821488Z  INFO herdr::server::headless: client resize client_id=4 cols=96 rows=76 cell_width_px=0 cell_height_px=0
2026-06-29T11:04:25.522964Z  INFO herdr::server::headless: client resize client_id=4 cols=96 rows=50 cell_width_px=0 cell_height_px=0
2026-06-29T11:04:37.471854Z  INFO herdr::logging: tab focused event="tab.focus" subsystem="tab" outcome="ok" workspace_id="w6" tab_id="w6:t2"
2026-06-29T11:04:42.479749Z  INFO herdr::logging: session saved event="persist.save" subsystem="persist" outcome="ok" path=/home/aoeu/.config/herdr/session.json workspaces=1
2026-06-29T11:04:45.460732Z  INFO herdr::server::headless: client resize client_id=4 cols=96 rows=76 cell_width_px=0 cell_height_px=0
2026-06-29T11:04:45.861093Z  INFO herdr::server::headless: client resize client_id=4 cols=96 rows=50 cell_width_px=0 cell_height_px=0
2026-06-29T11:05:47.577905Z  INFO herdr::server::headless: client resize client_id=4 cols=96 rows=76 cell_width_px=0 cell_height_px=0
2026-06-29T11:05:48.079048Z  INFO herdr::server::headless: client resize client_id=4 cols=96 rows=50 cell_width_px=0 cell_height_px=0
2026-06-29T11:05:48.976201Z  INFO herdr::logging: tab focused event="tab.focus" subsystem="tab" outcome="ok" workspace_id="w6" tab_id="w6:t1"
2026-06-29T11:05:53.174212Z  INFO herdr::logging: tab focused event="tab.focus" subsystem="tab" outcome="ok" workspace_id="w6" tab_id="w6:t2"
2026-06-29T11:05:57.369178Z  INFO herdr::logging: tab focused event="tab.focus" subsystem="tab" outcome="ok" workspace_id="w6" tab_id="w6:t1"
2026-06-29T11:06:02.382299Z  INFO herdr::logging: session saved event="persist.save" subsystem="persist" outcome="ok" path=/home/aoeu/.config/herdr/session.json workspaces=1
2026-06-29T11:21:15.354525Z  INFO herdr::logging: checking for updates event="update.check.start" subsystem="update" outcome="started"
2026-06-29T11:51:15.355901Z  INFO herdr::logging: checking for updates event="update.check.start" subsystem="update" outcome="started"
2026-06-29T12:21:15.357543Z  INFO herdr::logging: checking for updates event="update.check.start" subsystem="update" outcome="started"
2026-06-29T12:51:15.358684Z  INFO herdr::logging: checking for updates event="update.check.start" subsystem="update" outcome="started"
2026-06-29T13:21:15.359976Z  INFO herdr::logging: checking for updates event="update.check.start" subsystem="update" outcome="started"
2026-06-29T13:30:08.065692Z  INFO herdr::server::headless: client resize client_id=4 cols=96 rows=76 cell_width_px=0 cell_height_px=0
2026-06-29T13:30:09.468622Z  INFO herdr::server::headless: client resize client_id=4 cols=96 rows=50 cell_width_px=0 cell_height_px=0
2026-06-29T13:30:12.214908Z  INFO herdr::logging: tab focused event="tab.focus" subsystem="tab" outcome="ok" workspace_id="w6" tab_id="w6:t2"
2026-06-29T13:30:17.221752Z  INFO herdr::logging: session saved event="persist.save" subsystem="persist" outcome="ok" path=/home/aoeu/.config/herdr/session.json workspaces=1
2026-06-29T13:31:25.506488Z  INFO herdr::server::headless: client resize client_id=4 cols=96 rows=76 cell_width_px=0 cell_height_px=0
2026-06-29T13:31:25.807109Z  INFO herdr::server::headless: client resize client_id=4 cols=96 rows=50 cell_width_px=0 cell_height_px=0
2026-06-29T13:31:41.745711Z  INFO herdr::server::headless: client resize client_id=4 cols=96 rows=76 cell_width_px=0 cell_height_px=0
2026-06-29T13:31:42.146416Z  INFO herdr::server::headless: client resize client_id=4 cols=96 rows=50 cell_width_px=0 cell_height_px=0
2026-06-29T13:31:58.585048Z  INFO herdr::server::headless: client resize client_id=4 cols=96 rows=76 cell_width_px=0 cell_height_px=0
2026-06-29T13:31:59.086090Z  INFO herdr::server::headless: client resize client_id=4 cols=96 rows=50 cell_width_px=0 cell_height_px=0
2026-06-29T13:32:15.925705Z  INFO herdr::server::headless: client resize client_id=4 cols=96 rows=76 cell_width_px=0 cell_height_px=0
2026-06-29T13:32:16.226128Z  INFO herdr::server::headless: client resize client_id=4 cols=96 rows=50 cell_width_px=0 cell_height_px=0
2026-06-29T13:32:21.339642Z  INFO herdr::logging: tab focused event="tab.focus" subsystem="tab" outcome="ok" workspace_id="w6" tab_id="w6:t1"
2026-06-29T13:32:26.351947Z  INFO herdr::logging: session saved event="persist.save" subsystem="persist" outcome="ok" path=/home/aoeu/.config/herdr/session.json workspaces=1
2026-06-29T13:33:01.625891Z  INFO herdr::server::headless: client resize client_id=4 cols=96 rows=76 cell_width_px=0 cell_height_px=0
2026-06-29T13:33:01.926473Z  INFO herdr::server::headless: client resize client_id=4 cols=96 rows=50 cell_width_px=0 cell_height_px=0
2026-06-29T13:33:30.312422Z  WARN herdr::raw_input: flushing lone escape after input timeout; if this follows an alt chord or focus switch it may reach the pane as plain esc bytes=[27]
2026-06-29T13:33:30.475482Z  WARN herdr::raw_input: flushing lone escape after input timeout; if this follows an alt chord or focus switch it may reach the pane as plain esc bytes=[27]
2026-06-29T13:33:30.633683Z  WARN herdr::raw_input: flushing lone escape after input timeout; if this follows an alt chord or focus switch it may reach the pane as plain esc bytes=[27]
2026-06-29T13:33:57.744516Z  WARN herdr::raw_input: flushing lone escape after input timeout; if this follows an alt chord or focus switch it may reach the pane as plain esc bytes=[27]
2026-06-29T13:33:58.205273Z  WARN herdr::raw_input: flushing lone escape after input timeout; if this follows an alt chord or focus switch it may reach the pane as plain esc bytes=[27]
2026-06-29T13:33:58.354939Z  WARN herdr::raw_input: flushing lone escape after input timeout; if this follows an alt chord or focus switch it may reach the pane as plain esc bytes=[27]
2026-06-29T13:35:03.350809Z  INFO herdr::server::headless: client resize client_id=4 cols=96 rows=76 cell_width_px=0 cell_height_px=0
2026-06-29T13:35:04.954199Z  INFO herdr::server::headless: client resize client_id=4 cols=96 rows=50 cell_width_px=0 cell_height_px=0
2026-06-29T13:35:05.454862Z  INFO herdr::server::headless: client resize client_id=4 cols=96 rows=76 cell_width_px=0 cell_height_px=0
2026-06-29T13:51:15.361649Z  INFO herdr::logging: checking for updates event="update.check.start" subsystem="update" outcome="started"
2026-06-29T14:21:15.362363Z  INFO herdr::logging: checking for updates event="update.check.start" subsystem="update" outcome="started"
2026-06-29T14:51:15.363386Z  INFO herdr::logging: checking for updates event="update.check.start" subsystem="update" outcome="started"
2026-06-29T15:21:15.364825Z  INFO herdr::logging: checking for updates event="update.check.start" subsystem="update" outcome="started"
2026-06-29T15:29:00.137937Z  INFO herdr::server::headless: client resize client_id=4 cols=96 rows=50 cell_width_px=0 cell_height_px=0
2026-06-29T15:29:04.148685Z  INFO herdr::logging: tab focused event="tab.focus" subsystem="tab" outcome="ok" workspace_id="w6" tab_id="w6:t2"
2026-06-29T15:29:09.156000Z  INFO herdr::logging: session saved event="persist.save" subsystem="persist" outcome="ok" path=/home/aoeu/.config/herdr/session.json workspaces=1
2026-06-29T15:29:14.863692Z  INFO herdr::server::headless: client resize client_id=4 cols=96 rows=76 cell_width_px=0 cell_height_px=0
2026-06-29T15:29:15.264070Z  INFO herdr::server::headless: client resize client_id=4 cols=96 rows=50 cell_width_px=0 cell_height_px=0
2026-06-29T15:29:15.756744Z  INFO herdr::logging: tab focused event="tab.focus" subsystem="tab" outcome="ok" workspace_id="w6" tab_id="w6:t1"
2026-06-29T15:29:20.761261Z  INFO herdr::logging: session saved event="persist.save" subsystem="persist" outcome="ok" path=/home/aoeu/.config/herdr/session.json workspaces=1
2026-06-29T15:29:29.188494Z  INFO herdr::logging: tab focused event="tab.focus" subsystem="tab" outcome="ok" workspace_id="w6" tab_id="w6:t2"
2026-06-29T15:29:30.898551Z  INFO herdr::logging: tab focused event="tab.focus" subsystem="tab" outcome="ok" workspace_id="w6" tab_id="w6:t1"
2026-06-29T15:29:35.902644Z  INFO herdr::logging: session saved event="persist.save" subsystem="persist" outcome="ok" path=/home/aoeu/.config/herdr/session.json workspaces=1
2026-06-29T15:51:15.367004Z  INFO herdr::logging: checking for updates event="update.check.start" subsystem="update" outcome="started"
2026-06-29T15:58:49.616794Z  INFO herdr::server::headless: client resize client_id=4 cols=96 rows=76 cell_width_px=0 cell_height_px=0
2026-06-29T15:58:50.518949Z  INFO herdr::server::headless: client resize client_id=4 cols=96 rows=50 cell_width_px=0 cell_height_px=0
2026-06-29T15:58:52.480574Z  INFO herdr::logging: tab focused event="tab.focus" subsystem="tab" outcome="ok" workspace_id="w6" tab_id="w6:t2"
2026-06-29T15:58:57.493537Z  INFO herdr::logging: session saved event="persist.save" subsystem="persist" outcome="ok" path=/home/aoeu/.config/herdr/session.json workspaces=1
2026-06-29T15:59:21.095593Z  INFO herdr::server::headless: client resize client_id=4 cols=96 rows=76 cell_width_px=0 cell_height_px=0
2026-06-29T15:59:21.396143Z  INFO herdr::server::headless: client resize client_id=4 cols=96 rows=50 cell_width_px=0 cell_height_px=0
2026-06-29T15:59:21.897498Z  INFO herdr::logging: tab focused event="tab.focus" subsystem="tab" outcome="ok" workspace_id="w6" tab_id="w6:t1"
2026-06-29T15:59:26.912713Z  INFO herdr::logging: session saved event="persist.save" subsystem="persist" outcome="ok" path=/home/aoeu/.config/herdr/session.json workspaces=1
2026-06-29T15:59:36.132649Z  INFO herdr::server::headless: client resize client_id=4 cols=118 rows=65 cell_width_px=0 cell_height_px=0
2026-06-29T15:59:37.636485Z  INFO herdr::server::headless: client resize client_id=4 cols=152 rows=87 cell_width_px=0 cell_height_px=0
2026-06-29T15:59:49.865472Z  INFO herdr::server::headless: client resize client_id=4 cols=118 rows=65 cell_width_px=0 cell_height_px=0
2026-06-29T15:59:49.965805Z  INFO herdr::server::headless: client resize client_id=4 cols=106 rows=57 cell_width_px=0 cell_height_px=0
2026-06-29T15:59:50.065722Z  INFO herdr::server::headless: client resize client_id=4 cols=96 rows=50 cell_width_px=0 cell_height_px=0
2026-06-29T15:59:53.610878Z  INFO herdr::logging: tab focused event="tab.focus" subsystem="tab" outcome="ok" workspace_id="w6" tab_id="w6:t2"
2026-06-29T15:59:53.611053Z  INFO herdr::logging: tab focused event="tab.focus" subsystem="tab" outcome="ok" workspace_id="w6" tab_id="w6:t1"
2026-06-29T15:59:53.612871Z  INFO herdr::logging: tab focused event="tab.focus" subsystem="tab" outcome="ok" workspace_id="w6" tab_id="w6:t2"
2026-06-29T15:59:58.621117Z  INFO herdr::logging: session saved event="persist.save" subsystem="persist" outcome="ok" path=/home/aoeu/.config/herdr/session.json workspaces=1
2026-06-29T16:00:02.854990Z  INFO herdr::logging: tab focused event="tab.focus" subsystem="tab" outcome="ok" workspace_id="w6" tab_id="w6:t1"
2026-06-29T16:00:07.866030Z  INFO herdr::logging: session saved event="persist.save" subsystem="persist" outcome="ok" path=/home/aoeu/.config/herdr/session.json workspaces=1
2026-06-29T16:01:03.240838Z  INFO herdr::logging: tab focused event="tab.focus" subsystem="tab" outcome="ok" workspace_id="w6" tab_id="w6:t2"
2026-06-29T16:01:08.250934Z  INFO herdr::logging: session saved event="persist.save" subsystem="persist" outcome="ok" path=/home/aoeu/.config/herdr/session.json workspaces=1
2026-06-29T16:01:12.072372Z  INFO herdr::logging: tab focused event="tab.focus" subsystem="tab" outcome="ok" workspace_id="w6" tab_id="w6:t1"
2026-06-29T16:01:17.087058Z  INFO herdr::logging: session saved event="persist.save" subsystem="persist" outcome="ok" path=/home/aoeu/.config/herdr/session.json workspaces=1
2026-06-29T16:02:35.666910Z  INFO herdr::logging: tab focused event="tab.focus" subsystem="tab" outcome="ok" workspace_id="w6" tab_id="w6:t2"
2026-06-29T16:02:36.487376Z  INFO herdr::logging: tab focused event="tab.focus" subsystem="tab" outcome="ok" workspace_id="w6" tab_id="w6:t1"
2026-06-29T16:02:41.498077Z  INFO herdr::logging: session saved event="persist.save" subsystem="persist" outcome="ok" path=/home/aoeu/.config/herdr/session.json workspaces=1
2026-06-29T16:03:52.967427Z  WARN herdr::raw_input: flushing lone escape after input timeout; if this follows an alt chord or focus switch it may reach the pane as plain esc bytes=[27]
2026-06-29T16:03:53.125015Z  WARN herdr::raw_input: flushing lone escape after input timeout; if this follows an alt chord or focus switch it may reach the pane as plain esc bytes=[27]
2026-06-29T16:03:53.275238Z  WARN herdr::raw_input: flushing lone escape after input timeout; if this follows an alt chord or focus switch it may reach the pane as plain esc bytes=[27]
2026-06-29T16:03:53.429586Z  WARN herdr::raw_input: flushing lone escape after input timeout; if this follows an alt chord or focus switch it may reach the pane as plain esc bytes=[27]
2026-06-29T16:03:53.588047Z  WARN herdr::raw_input: flushing lone escape after input timeout; if this follows an alt chord or focus switch it may reach the pane as plain esc bytes=[27]
2026-06-29T16:03:54.966546Z  INFO herdr::logging: tab focused event="tab.focus" subsystem="tab" outcome="ok" workspace_id="w6" tab_id="w6:t2"
2026-06-29T16:03:59.979906Z  INFO herdr::logging: session saved event="persist.save" subsystem="persist" outcome="ok" path=/home/aoeu/.config/herdr/session.json workspaces=1
2026-06-29T16:04:00.478457Z  INFO herdr::logging: tab focused event="tab.focus" subsystem="tab" outcome="ok" workspace_id="w6" tab_id="w6:t3"
2026-06-29T16:04:01.998743Z  INFO herdr::logging: tab focused event="tab.focus" subsystem="tab" outcome="ok" workspace_id="w6" tab_id="w6:t5"
2026-06-29T16:04:04.312175Z  INFO herdr::logging: tab focused event="tab.focus" subsystem="tab" outcome="ok" workspace_id="w6" tab_id="w6:t2"
2026-06-29T16:04:09.323142Z  INFO herdr::logging: session saved event="persist.save" subsystem="persist" outcome="ok" path=/home/aoeu/.config/herdr/session.json workspaces=1
2026-06-30T08:46:33.808410Z  INFO herdr::api::server: api server listening path=/home/aoeu/.config/herdr/herdr.sock
2026-06-30T08:46:33.821076Z  INFO herdr::logging: spawning pane terminal event="pane.spawn.start" subsystem="pane" outcome="started" pane_id=1 rows=24 cols=80 scrollback_limit_bytes=10000000
2026-06-30T08:46:33.833478Z  INFO herdr::logging: pane child spawned event="pane.spawned" subsystem="pane" outcome="ok" pane_id=1 pid=1137
2026-06-30T08:46:33.837819Z  INFO herdr::logging: spawning pane terminal event="pane.spawn.start" subsystem="pane" outcome="started" pane_id=2 rows=24 cols=80 scrollback_limit_bytes=10000000
2026-06-30T08:46:33.840857Z  INFO herdr::logging: pane child spawned event="pane.spawned" subsystem="pane" outcome="ok" pane_id=2 pid=1140
2026-06-30T08:46:33.841946Z  INFO herdr::logging: spawning pane terminal event="pane.spawn.start" subsystem="pane" outcome="started" pane_id=4 rows=24 cols=80 scrollback_limit_bytes=10000000
2026-06-30T08:46:33.846350Z  INFO herdr::logging: pane child spawned event="pane.spawned" subsystem="pane" outcome="ok" pane_id=4 pid=1144
2026-06-30T08:46:33.847683Z  INFO herdr::logging: session restore evaluated event="persist.restore" subsystem="persist" outcome="ok" workspaces=1
2026-06-30T08:46:33.848339Z  INFO herdr::app: using pane scrollback configuration pane_scrollback_limit_bytes=10000000
2026-06-30T08:46:33.957376Z  INFO herdr::server::headless: restored session already has workspaces; ignoring startup cwd cwd=/home/aoeu/.emacs.d
2026-06-30T08:46:33.957432Z  INFO herdr::logging: checking for updates event="update.check.start" subsystem="update" outcome="started"
2026-06-30T08:46:33.958110Z  INFO herdr::server::headless: client protocol socket listening path=/home/aoeu/.config/herdr/herdr-client.sock
2026-06-30T08:46:33.958143Z  INFO herdr::server::headless: herdr server started api_socket=/home/aoeu/.config/herdr/herdr.sock client_socket=/home/aoeu/.config/herdr/herdr-client.sock
2026-06-30T08:46:33.958160Z  INFO herdr::logging: herdr starting event="app.startup" subsystem="server" outcome="started" pid=1131
2026-06-30T08:46:34.025681Z  INFO herdr::server::headless: client connected client_id=2 cols=96 rows=50 cell_width_px=0 cell_height_px=0 render_encoding=SemanticFrame
2026-06-30T08:46:34.109589Z  INFO herdr::logging: spawning pane terminal event="pane.spawn.start" subsystem="pane" outcome="started" pane_id=3 rows=49 cols=69 scrollback_limit_bytes=10000000
2026-06-30T08:46:34.113966Z  INFO herdr::logging: pane child spawned event="pane.spawned" subsystem="pane" outcome="ok" pane_id=3 pid=1308
2026-06-30T08:46:39.119038Z  INFO herdr::logging: session saved event="persist.save" subsystem="persist" outcome="ok" path=/home/aoeu/.config/herdr/session.json workspaces=1
2026-06-30T08:46:47.431309Z  WARN herdr::raw_input: flushing lone escape after input timeout; if this follows an alt chord or focus switch it may reach the pane as plain esc bytes=[27]
2026-06-30T08:46:51.200921Z  INFO herdr::logging: tab focused event="tab.focus" subsystem="tab" outcome="ok" workspace_id="w6" tab_id="w6:t1"
2026-06-30T08:46:52.770453Z  INFO herdr::server::headless: client resize client_id=2 cols=106 rows=57 cell_width_px=0 cell_height_px=0
2026-06-30T08:46:52.870597Z  INFO herdr::server::headless: client resize client_id=2 cols=118 rows=65 cell_width_px=0 cell_height_px=0
2026-06-30T08:46:53.271196Z  INFO herdr::server::headless: client resize client_id=2 cols=96 rows=50 cell_width_px=0 cell_height_px=0
2026-06-30T08:46:53.371297Z  INFO herdr::server::headless: client resize client_id=2 cols=81 rows=46 cell_width_px=0 cell_height_px=0
2026-06-30T08:46:56.211787Z  INFO herdr::logging: session saved event="persist.save" subsystem="persist" outcome="ok" path=/home/aoeu/.config/herdr/session.json workspaces=1
2026-06-30T08:47:06.141866Z  INFO herdr::pane: agent changed pane=1 previous_agent=None agent=Some(OpenCode) process=opencode pgid=Some(1468)
2026-06-30T08:47:09.925983Z  INFO herdr::logging: tab focused event="tab.focus" subsystem="tab" outcome="ok" workspace_id="w6" tab_id="w6:t3"
2026-06-30T08:47:11.570461Z  INFO herdr::logging: pane child exited event="pane.exit" subsystem="pane" outcome="completed" pane_id=3 status="ExitStatus { code: 0, signal: None }"
2026-06-30T08:47:11.570541Z  INFO herdr::pane: pane session terminated pane=3 pid=1308 signal=Hangup
2026-06-30T08:47:13.667709Z  INFO herdr::logging: tab focused event="tab.focus" subsystem="tab" outcome="ok" workspace_id="w6" tab_id="w6:t5"
2026-06-30T08:47:15.486711Z  INFO herdr::logging: pane child exited event="pane.exit" subsystem="pane" outcome="completed" pane_id=4 status="ExitStatus { code: 0, signal: None }"
2026-06-30T08:47:15.486814Z  INFO herdr::pane: pane session terminated pane=4 pid=1144 signal=Hangup
2026-06-30T08:47:19.133564Z  INFO herdr::logging: tab focused event="tab.focus" subsystem="tab" outcome="ok" workspace_id="w6" tab_id="w6:t1"
2026-06-30T08:47:24.144663Z  INFO herdr::logging: session saved event="persist.save" subsystem="persist" outcome="ok" path=/home/aoeu/.config/herdr/session.json workspaces=1
2026-06-30T09:02:44.022916Z  INFO herdr::server::headless: client resize client_id=2 cols=81 rows=71 cell_width_px=0 cell_height_px=0
2026-06-30T09:02:44.223160Z  INFO herdr::server::headless: client resize client_id=2 cols=81 rows=46 cell_width_px=0 cell_height_px=0
2026-06-30T09:03:15.305934Z  INFO herdr::pane: agent changed pane=1 previous_agent=None agent=Some(OpenCode) process=opencode pgid=Some(1468)
2026-06-30T09:03:20.306792Z  INFO herdr::logging: session saved event="persist.save" subsystem="persist" outcome="ok" path=/home/aoeu/.config/herdr/session.json workspaces=1
2026-06-30T09:03:46.636356Z  WARN herdr::raw_input: flushing lone escape after input timeout; if this follows an alt chord or focus switch it may reach the pane as plain esc bytes=[27]
2026-06-30T09:03:46.806032Z  WARN herdr::raw_input: flushing lone escape after input timeout; if this follows an alt chord or focus switch it may reach the pane as plain esc bytes=[27]
2026-06-30T09:03:46.967359Z  WARN herdr::raw_input: flushing lone escape after input timeout; if this follows an alt chord or focus switch it may reach the pane as plain esc bytes=[27]
2026-06-30T09:03:47.134339Z  WARN herdr::raw_input: flushing lone escape after input timeout; if this follows an alt chord or focus switch it may reach the pane as plain esc bytes=[27]
2026-06-30T09:04:52.047097Z  INFO herdr::pane: agent changed pane=1 previous_agent=Some(OpenCode) agent=None pgid=Some(1137)
2026-06-30T09:04:56.746260Z  INFO herdr::logging: session saved event="persist.save" subsystem="persist" outcome="ok" path=/home/aoeu/.config/herdr/session.json workspaces=1
2026-06-30T09:05:01.922096Z  INFO herdr::logging: session saved event="persist.save" subsystem="persist" outcome="ok" path=/home/aoeu/.config/herdr/session.json workspaces=1
2026-06-30T09:07:27.351700Z  INFO herdr::server::headless: client resize client_id=2 cols=81 rows=71 cell_width_px=0 cell_height_px=0
2026-06-30T09:07:27.552249Z  INFO herdr::server::headless: client resize client_id=2 cols=81 rows=46 cell_width_px=0 cell_height_px=0
2026-06-30T09:07:40.986020Z  INFO herdr::server::headless: client resize client_id=2 cols=81 rows=71 cell_width_px=0 cell_height_px=0
2026-06-30T09:07:55.724117Z  INFO herdr::server::headless: client resize client_id=2 cols=81 rows=46 cell_width_px=0 cell_height_px=0
2026-06-30T09:08:31.453656Z  INFO herdr::pane: agent changed pane=1 previous_agent=None agent=Some(OpenCode) process=opencode pgid=Some(7097)
2026-06-30T09:08:44.562582Z  INFO herdr::logging: session saved event="persist.save" subsystem="persist" outcome="ok" path=/home/aoeu/.config/herdr/session.json workspaces=1
2026-06-30T09:09:25.050071Z  INFO herdr::pane: agent changed pane=1 previous_agent=Some(OpenCode) agent=None pgid=Some(1137)
2026-06-30T09:09:29.746506Z  INFO herdr::logging: session saved event="persist.save" subsystem="persist" outcome="ok" path=/home/aoeu/.config/herdr/session.json workspaces=1
2026-06-30T09:10:08.921206Z  INFO herdr::logging: session saved event="persist.save" subsystem="persist" outcome="ok" path=/home/aoeu/.config/herdr/session.json workspaces=1
2026-06-30T09:10:10.467194Z  WARN herdr::raw_input: flushing lone escape after input timeout; if this follows an alt chord or focus switch it may reach the pane as plain esc bytes=[27]
2026-06-30T09:10:12.176211Z  INFO herdr::server::headless: client detach requested via keybind client_id=2
2026-06-30T09:10:12.178694Z  INFO herdr::server::headless: client disconnected client_id=2
2026-06-30T09:16:33.958419Z  INFO herdr::logging: checking for updates event="update.check.start" subsystem="update" outcome="started"
2026-06-30T09:46:33.959707Z  INFO herdr::logging: checking for updates event="update.check.start" subsystem="update" outcome="started"
2026-06-30T10:16:33.960573Z  INFO herdr::logging: checking for updates event="update.check.start" subsystem="update" outcome="started"
2026-06-30T10:46:33.961978Z  INFO herdr::logging: checking for updates event="update.check.start" subsystem="update" outcome="started"
2026-06-30T11:16:33.963418Z  INFO herdr::logging: checking for updates event="update.check.start" subsystem="update" outcome="started"
2026-06-30T11:46:33.964801Z  INFO herdr::logging: checking for updates event="update.check.start" subsystem="update" outcome="started"
2026-06-30T12:16:33.965664Z  INFO herdr::logging: checking for updates event="update.check.start" subsystem="update" outcome="started"
2026-07-01T17:10:20.541934Z  INFO herdr::api::server: api server listening path=/home/aoeu/.config/herdr/herdr.sock
2026-07-01T17:10:20.550737Z  INFO herdr::logging: spawning pane terminal event="pane.spawn.start" subsystem="pane" outcome="started" pane_id=1 rows=24 cols=80 scrollback_limit_bytes=10000000
2026-07-01T17:10:20.559455Z  INFO herdr::logging: pane child spawned event="pane.spawned" subsystem="pane" outcome="ok" pane_id=1 pid=1543
2026-07-01T17:10:20.561560Z  INFO herdr::logging: spawning pane terminal event="pane.spawn.start" subsystem="pane" outcome="started" pane_id=2 rows=24 cols=80 scrollback_limit_bytes=10000000
2026-07-01T17:10:20.562485Z  INFO herdr::logging: pane child spawned event="pane.spawned" subsystem="pane" outcome="ok" pane_id=2 pid=1546
2026-07-01T17:10:20.563923Z  INFO herdr::logging: session restore evaluated event="persist.restore" subsystem="persist" outcome="ok" workspaces=1
2026-07-01T17:10:20.564266Z  INFO herdr::app: using pane scrollback configuration pane_scrollback_limit_bytes=10000000
2026-07-01T17:10:20.646672Z  INFO herdr::logging: checking for updates event="update.check.start" subsystem="update" outcome="started"
2026-07-01T17:10:20.646693Z  INFO herdr::server::headless: restored session already has workspaces; ignoring startup cwd cwd=/home/aoeu
2026-07-01T17:10:20.647079Z  INFO herdr::server::headless: client protocol socket listening path=/home/aoeu/.config/herdr/herdr-client.sock
2026-07-01T17:10:20.647112Z  INFO herdr::server::headless: herdr server started api_socket=/home/aoeu/.config/herdr/herdr.sock client_socket=/home/aoeu/.config/herdr/herdr-client.sock
2026-07-01T17:10:20.647129Z  INFO herdr::logging: herdr starting event="app.startup" subsystem="server" outcome="started" pid=1536
2026-07-01T17:10:20.712688Z  INFO herdr::server::headless: client connected client_id=2 cols=93 rows=47 cell_width_px=0 cell_height_px=0 render_encoding=SemanticFrame
2026-07-01T17:10:24.227813Z  INFO herdr::server::headless: client resize client_id=2 cols=125 rows=47 cell_width_px=0 cell_height_px=0
2026-07-01T17:10:24.524344Z  INFO herdr::server::headless: client resize client_id=2 cols=188 rows=47 cell_width_px=0 cell_height_px=0
2026-07-01T17:10:25.425675Z  INFO herdr::server::headless: client resize client_id=2 cols=125 rows=47 cell_width_px=0 cell_height_px=0
2026-07-01T17:10:25.926034Z  INFO herdr::server::headless: client resize client_id=2 cols=188 rows=47 cell_width_px=0 cell_height_px=0
2026-07-01T17:10:37.784450Z  INFO herdr::pane: agent changed pane=1 previous_agent=None agent=Some(OpenCode) process=opencode pgid=Some(1934)
2026-07-01T17:10:42.097625Z  INFO herdr::logging: tab focused event="tab.focus" subsystem="tab" outcome="ok" workspace_id="w6" tab_id="w6:t2"
2026-07-01T17:10:47.104325Z  INFO herdr::logging: session saved event="persist.save" subsystem="persist" outcome="ok" path=/home/aoeu/.config/herdr/session.json workspaces=1
2026-07-01T17:10:47.954606Z  INFO herdr::logging: tab focused event="tab.focus" subsystem="tab" outcome="ok" workspace_id="w6" tab_id="w6:t1"
2026-07-01T17:10:52.959438Z  INFO herdr::logging: session saved event="persist.save" subsystem="persist" outcome="ok" path=/home/aoeu/.config/herdr/session.json workspaces=1
2026-07-01T17:11:24.081557Z  INFO herdr::logging: spawning pane terminal event="pane.spawn.start" subsystem="pane" outcome="started" pane_id=3 rows=46 cols=162 scrollback_limit_bytes=10000000
2026-07-01T17:11:24.084844Z  INFO herdr::logging: pane child spawned event="pane.spawned" subsystem="pane" outcome="ok" pane_id=3 pid=2395
2026-07-01T17:11:24.085436Z  INFO herdr::logging: tab focused event="tab.focus" subsystem="tab" outcome="ok" workspace_id="w6" tab_id="w6:t6"
2026-07-01T17:11:24.085473Z  INFO herdr::logging: tab created event="tab.create" subsystem="tab" outcome="ok" workspace_id="w6" tab_id="w6:t6" pane_id=3
2026-07-01T17:11:29.114011Z  INFO herdr::logging: session saved event="persist.save" subsystem="persist" outcome="ok" path=/home/aoeu/.config/herdr/session.json workspaces=1
2026-07-01T17:11:33.740756Z  INFO herdr::pane: agent changed pane=3 previous_agent=None agent=Some(OpenCode) process=opencode pgid=Some(2626)
2026-07-01T17:11:36.006738Z  INFO herdr::logging: session saved event="persist.save" subsystem="persist" outcome="ok" path=/home/aoeu/.config/herdr/session.json workspaces=1
2026-07-01T17:11:39.718081Z  INFO herdr::logging: spawning pane terminal event="pane.spawn.start" subsystem="pane" outcome="started" pane_id=4 rows=46 cols=162 scrollback_limit_bytes=10000000
2026-07-01T17:11:39.721525Z  INFO herdr::logging: pane child spawned event="pane.spawned" subsystem="pane" outcome="ok" pane_id=4 pid=2786
2026-07-01T17:11:39.722211Z  INFO herdr::logging: tab focused event="tab.focus" subsystem="tab" outcome="ok" workspace_id="w6" tab_id="w6:t7"
2026-07-01T17:11:39.722248Z  INFO herdr::logging: tab created event="tab.create" subsystem="tab" outcome="ok" workspace_id="w6" tab_id="w6:t7" pane_id=4
2026-07-01T17:11:44.752103Z  INFO herdr::logging: session saved event="persist.save" subsystem="persist" outcome="ok" path=/home/aoeu/.config/herdr/session.json workspaces=1
2026-07-01T17:12:10.556704Z  INFO herdr::server::headless: client resize client_id=2 cols=192 rows=48 cell_width_px=0 cell_height_px=0
2026-07-01T17:12:10.957407Z  INFO herdr::server::headless: client resize client_id=2 cols=188 rows=47 cell_width_px=0 cell_height_px=0
2026-07-01T17:14:10.600182Z  INFO herdr::logging: tab focused event="tab.focus" subsystem="tab" outcome="ok" workspace_id="w6" tab_id="w6:t6"
2026-07-01T17:14:15.612065Z  INFO herdr::logging: session saved event="persist.save" subsystem="persist" outcome="ok" path=/home/aoeu/.config/herdr/session.json workspaces=1
2026-07-01T17:14:34.561445Z  INFO herdr::pane: agent changed pane=3 previous_agent=None agent=Some(OpenCode) process=opencode pgid=Some(2626)
2026-07-01T17:14:39.565809Z  INFO herdr::logging: session saved event="persist.save" subsystem="persist" outcome="ok" path=/home/aoeu/.config/herdr/session.json workspaces=1
2026-07-01T17:17:52.572396Z  WARN herdr::raw_input: flushing lone escape after input timeout; if this follows an alt chord or focus switch it may reach the pane as plain esc bytes=[27]
2026-07-01T17:18:41.932343Z  WARN herdr::raw_input: flushing lone escape after input timeout; if this follows an alt chord or focus switch it may reach the pane as plain esc bytes=[27]
2026-07-01T17:26:39.956178Z  INFO herdr::logging: tab focused event="tab.focus" subsystem="tab" outcome="ok" workspace_id="w6" tab_id="w6:t7"
2026-07-01T17:26:44.962109Z  INFO herdr::logging: session saved event="persist.save" subsystem="persist" outcome="ok" path=/home/aoeu/.config/herdr/session.json workspaces=1
2026-07-01T17:26:46.721703Z  INFO herdr::logging: spawning pane terminal event="pane.spawn.start" subsystem="pane" outcome="started" pane_id=5 rows=46 cols=184 scrollback_limit_bytes=10000000
2026-07-01T17:26:46.726308Z  INFO herdr::logging: pane child spawned event="pane.spawned" subsystem="pane" outcome="ok" pane_id=5 pid=13274
2026-07-01T17:26:46.726960Z  INFO herdr::logging: tab focused event="tab.focus" subsystem="tab" outcome="ok" workspace_id="w6" tab_id="w6:t8"
2026-07-01T17:26:46.727013Z  INFO herdr::logging: tab created event="tab.create" subsystem="tab" outcome="ok" workspace_id="w6" tab_id="w6:t8" pane_id=5
2026-07-01T17:26:51.760296Z  INFO herdr::logging: session saved event="persist.save" subsystem="persist" outcome="ok" path=/home/aoeu/.config/herdr/session.json workspaces=1
2026-07-01T17:29:06.524265Z  INFO herdr::logging: pane child exited event="pane.exit" subsystem="pane" outcome="completed" pane_id=5 status="ExitStatus { code: 0, signal: None }"
2026-07-01T17:29:06.526148Z  INFO herdr::pane: pane session terminated pane=5 pid=13274 signal=Hangup
2026-07-01T17:29:11.544122Z  INFO herdr::logging: session saved event="persist.save" subsystem="persist" outcome="ok" path=/home/aoeu/.config/herdr/session.json workspaces=1
2026-07-01T17:29:55.576882Z  INFO herdr::logging: spawning pane terminal event="pane.spawn.start" subsystem="pane" outcome="started" pane_id=6 rows=46 cols=184 scrollback_limit_bytes=10000000
2026-07-01T17:29:55.579953Z  INFO herdr::logging: pane child spawned event="pane.spawned" subsystem="pane" outcome="ok" pane_id=6 pid=16200
2026-07-01T17:29:55.580262Z  INFO herdr::logging: tab focused event="tab.focus" subsystem="tab" outcome="ok" workspace_id="w6" tab_id="w6:t9"
2026-07-01T17:29:55.580282Z  INFO herdr::logging: tab created event="tab.create" subsystem="tab" outcome="ok" workspace_id="w6" tab_id="w6:t9" pane_id=6
2026-07-01T17:30:00.602907Z  INFO herdr::logging: session saved event="persist.save" subsystem="persist" outcome="ok" path=/home/aoeu/.config/herdr/session.json workspaces=1
2026-07-01T17:30:12.246911Z  INFO herdr::pane: agent changed pane=6 previous_agent=None agent=Some(OpenCode) process=opencode pgid=Some(16508)
2026-07-01T17:30:13.516311Z  INFO herdr::logging: session saved event="persist.save" subsystem="persist" outcome="ok" path=/home/aoeu/.config/herdr/session.json workspaces=1
2026-07-01T17:30:30.377078Z  INFO herdr::pane: agent changed pane=6 previous_agent=None agent=Some(OpenCode) process=opencode pgid=Some(16508)
2026-07-01T17:30:34.044683Z  INFO herdr::logging: tab focused event="tab.focus" subsystem="tab" outcome="ok" workspace_id="w6" tab_id="w6:t6"
2026-07-01T17:30:39.058910Z  INFO herdr::logging: session saved event="persist.save" subsystem="persist" outcome="ok" path=/home/aoeu/.config/herdr/session.json workspaces=1
2026-07-01T17:30:49.853433Z  INFO herdr::logging: tab focused event="tab.focus" subsystem="tab" outcome="ok" workspace_id="w6" tab_id="w6:t9"
2026-07-01T17:30:54.862427Z  INFO herdr::logging: session saved event="persist.save" subsystem="persist" outcome="ok" path=/home/aoeu/.config/herdr/session.json workspaces=1
2026-07-01T17:31:26.045444Z  INFO herdr::logging: tab focused event="tab.focus" subsystem="tab" outcome="ok" workspace_id="w6" tab_id="w6:t6"
2026-07-01T17:31:31.057612Z  INFO herdr::logging: session saved event="persist.save" subsystem="persist" outcome="ok" path=/home/aoeu/.config/herdr/session.json workspaces=1
2026-07-01T17:31:41.986517Z  INFO herdr::logging: tab focused event="tab.focus" subsystem="tab" outcome="ok" workspace_id="w6" tab_id="w6:t9"
2026-07-01T17:31:46.994556Z  INFO herdr::logging: session saved event="persist.save" subsystem="persist" outcome="ok" path=/home/aoeu/.config/herdr/session.json workspaces=1
2026-07-01T17:32:56.239422Z  INFO herdr::logging: tab focused event="tab.focus" subsystem="tab" outcome="ok" workspace_id="w6" tab_id="w6:t6"
2026-07-01T17:32:57.683852Z  INFO herdr::logging: tab focused event="tab.focus" subsystem="tab" outcome="ok" workspace_id="w6" tab_id="w6:t9"
2026-07-01T17:33:02.699667Z  INFO herdr::logging: session saved event="persist.save" subsystem="persist" outcome="ok" path=/home/aoeu/.config/herdr/session.json workspaces=1
2026-07-01T17:33:04.647797Z  INFO herdr::server::headless: client resize client_id=2 cols=189 rows=47 cell_width_px=0 cell_height_px=0
2026-07-01T17:33:12.180059Z  INFO herdr::logging: tab focused event="tab.focus" subsystem="tab" outcome="ok" workspace_id="w6" tab_id="w6:t7"
2026-07-01T17:33:12.217422Z  INFO herdr::logging: tab focused event="tab.focus" subsystem="tab" outcome="ok" workspace_id="w6" tab_id="w6:t7"
2026-07-01T17:33:17.225266Z  INFO herdr::logging: session saved event="persist.save" subsystem="persist" outcome="ok" path=/home/aoeu/.config/herdr/session.json workspaces=1
2026-07-01T17:33:26.243879Z  INFO herdr::logging: pane child exited event="pane.exit" subsystem="pane" outcome="completed" pane_id=4 status="ExitStatus { code: 0, signal: None }"
2026-07-01T17:33:26.244011Z  INFO herdr::pane: pane session terminated pane=4 pid=2786 signal=Hangup
2026-07-01T17:33:29.256553Z  INFO herdr::logging: tab focused event="tab.focus" subsystem="tab" outcome="ok" workspace_id="w6" tab_id="w6:t9"
2026-07-01T17:33:31.648355Z  INFO herdr::logging: tab focused event="tab.focus" subsystem="tab" outcome="ok" workspace_id="w6" tab_id="w6:t6"
2026-07-01T17:33:34.323457Z  INFO herdr::logging: tab focused event="tab.focus" subsystem="tab" outcome="ok" workspace_id="w6" tab_id="w6:t9"
2026-07-01T17:33:39.327716Z  INFO herdr::logging: session saved event="persist.save" subsystem="persist" outcome="ok" path=/home/aoeu/.config/herdr/session.json workspaces=1
2026-07-01T17:33:43.686312Z  INFO herdr::server::headless: client resize client_id=2 cols=188 rows=47 cell_width_px=0 cell_height_px=0
2026-07-01T17:33:51.826692Z  INFO herdr::server::headless: client resize client_id=2 cols=189 rows=47 cell_width_px=0 cell_height_px=0
2026-07-01T17:34:01.386128Z  INFO herdr::logging: tab focused event="tab.focus" subsystem="tab" outcome="ok" workspace_id="w6" tab_id="w6:t6"
2026-07-01T17:34:06.403635Z  INFO herdr::logging: session saved event="persist.save" subsystem="persist" outcome="ok" path=/home/aoeu/.config/herdr/session.json workspaces=1
2026-07-01T17:34:08.287091Z  INFO herdr::logging: tab focused event="tab.focus" subsystem="tab" outcome="ok" workspace_id="w6" tab_id="w6:t1"
2026-07-01T17:34:10.948657Z  INFO herdr::logging: tab focused event="tab.focus" subsystem="tab" outcome="ok" workspace_id="w6" tab_id="w6:t9"
2026-07-01T17:34:15.958585Z  INFO herdr::logging: session saved event="persist.save" subsystem="persist" outcome="ok" path=/home/aoeu/.config/herdr/session.json workspaces=1
2026-07-01T17:34:21.835160Z  INFO herdr::logging: tab focused event="tab.focus" subsystem="tab" outcome="ok" workspace_id="w6" tab_id="w6:t6"
2026-07-01T17:34:23.347358Z  INFO herdr::logging: tab focused event="tab.focus" subsystem="tab" outcome="ok" workspace_id="w6" tab_id="w6:t9"
2026-07-01T17:34:24.373861Z  INFO herdr::server::headless: client resize client_id=2 cols=189 rows=41 cell_width_px=0 cell_height_px=0
2026-07-01T17:34:28.352088Z  INFO herdr::logging: session saved event="persist.save" subsystem="persist" outcome="ok" path=/home/aoeu/.config/herdr/session.json workspaces=1
2026-07-01T17:35:01.486335Z  INFO herdr::logging: tab focused event="tab.focus" subsystem="tab" outcome="ok" workspace_id="w6" tab_id="w6:t6"
2026-07-01T17:35:06.491789Z  INFO herdr::logging: session saved event="persist.save" subsystem="persist" outcome="ok" path=/home/aoeu/.config/herdr/session.json workspaces=1
2026-07-01T17:35:09.879512Z  INFO herdr::logging: tab focused event="tab.focus" subsystem="tab" outcome="ok" workspace_id="w6" tab_id="w6:t1"
2026-07-01T17:35:14.885116Z  INFO herdr::logging: session saved event="persist.save" subsystem="persist" outcome="ok" path=/home/aoeu/.config/herdr/session.json workspaces=1
2026-07-01T17:35:15.338917Z  INFO herdr::logging: tab focused event="tab.focus" subsystem="tab" outcome="ok" workspace_id="w6" tab_id="w6:t2"
2026-07-01T17:35:16.756416Z  INFO herdr::logging: tab focused event="tab.focus" subsystem="tab" outcome="ok" workspace_id="w6" tab_id="w6:t6"
2026-07-01T17:35:20.060270Z  INFO herdr::logging: tab focused event="tab.focus" subsystem="tab" outcome="ok" workspace_id="w6" tab_id="w6:t9"
2026-07-01T17:35:21.467831Z  INFO herdr::server::headless: client resize client_id=2 cols=189 rows=47 cell_width_px=0 cell_height_px=0
2026-07-01T17:35:25.071242Z  INFO herdr::logging: session saved event="persist.save" subsystem="persist" outcome="ok" path=/home/aoeu/.config/herdr/session.json workspaces=1
2026-07-01T17:35:26.642285Z  WARN herdr::raw_input: flushing lone escape after input timeout; if this follows an alt chord or focus switch it may reach the pane as plain esc bytes=[27]
2026-07-01T17:35:26.825098Z  WARN herdr::raw_input: flushing lone escape after input timeout; if this follows an alt chord or focus switch it may reach the pane as plain esc bytes=[27]
2026-07-01T17:35:26.952411Z  WARN herdr::raw_input: flushing lone escape after input timeout; if this follows an alt chord or focus switch it may reach the pane as plain esc bytes=[27]
2026-07-01T17:35:27.092404Z  WARN herdr::raw_input: flushing lone escape after input timeout; if this follows an alt chord or focus switch it may reach the pane as plain esc bytes=[27]
2026-07-01T17:35:35.334999Z  INFO herdr::logging: tab focused event="tab.focus" subsystem="tab" outcome="ok" workspace_id="w6" tab_id="w6:t6"
2026-07-01T17:35:40.344222Z  INFO herdr::logging: session saved event="persist.save" subsystem="persist" outcome="ok" path=/home/aoeu/.config/herdr/session.json workspaces=1
2026-07-01T17:35:54.894855Z  INFO herdr::logging: tab focused event="tab.focus" subsystem="tab" outcome="ok" workspace_id="w6" tab_id="w6:t9"
2026-07-01T17:35:59.902139Z  INFO herdr::logging: session saved event="persist.save" subsystem="persist" outcome="ok" path=/home/aoeu/.config/herdr/session.json workspaces=1
2026-07-01T17:37:06.290979Z  INFO herdr::logging: tab focused event="tab.focus" subsystem="tab" outcome="ok" workspace_id="w6" tab_id="w6:t6"
2026-07-01T17:37:11.339208Z  INFO herdr::logging: session saved event="persist.save" subsystem="persist" outcome="ok" path=/home/aoeu/.config/herdr/session.json workspaces=1
2026-07-01T17:37:14.234178Z  INFO herdr::logging: tab focused event="tab.focus" subsystem="tab" outcome="ok" workspace_id="w6" tab_id="w6:t9"
2026-07-01T17:37:19.242246Z  INFO herdr::logging: session saved event="persist.save" subsystem="persist" outcome="ok" path=/home/aoeu/.config/herdr/session.json workspaces=1
2026-07-01T17:37:23.991783Z  INFO herdr::logging: tab focused event="tab.focus" subsystem="tab" outcome="ok" workspace_id="w6" tab_id="w6:t6"
2026-07-01T17:37:27.378746Z  INFO herdr::logging: tab focused event="tab.focus" subsystem="tab" outcome="ok" workspace_id="w6" tab_id="w6:t9"
2026-07-01T17:37:32.385803Z  INFO herdr::logging: session saved event="persist.save" subsystem="persist" outcome="ok" path=/home/aoeu/.config/herdr/session.json workspaces=1
2026-07-01T17:37:46.911279Z  INFO herdr::logging: tab focused event="tab.focus" subsystem="tab" outcome="ok" workspace_id="w6" tab_id="w6:t6"
2026-07-01T17:37:51.915492Z  INFO herdr::logging: session saved event="persist.save" subsystem="persist" outcome="ok" path=/home/aoeu/.config/herdr/session.json workspaces=1
2026-07-01T17:37:54.704832Z  INFO herdr::logging: tab focused event="tab.focus" subsystem="tab" outcome="ok" workspace_id="w6" tab_id="w6:t9"
2026-07-01T17:37:59.709741Z  INFO herdr::logging: session saved event="persist.save" subsystem="persist" outcome="ok" path=/home/aoeu/.config/herdr/session.json workspaces=1
2026-07-01T17:38:03.372607Z  INFO herdr::logging: tab focused event="tab.focus" subsystem="tab" outcome="ok" workspace_id="w6" tab_id="w6:t6"
2026-07-01T17:38:07.954988Z  INFO herdr::logging: tab focused event="tab.focus" subsystem="tab" outcome="ok" workspace_id="w6" tab_id="w6:t9"
2026-07-01T17:38:12.968402Z  INFO herdr::logging: session saved event="persist.save" subsystem="persist" outcome="ok" path=/home/aoeu/.config/herdr/session.json workspaces=1
2026-07-01T17:38:17.937172Z  INFO herdr::logging: tab focused event="tab.focus" subsystem="tab" outcome="ok" workspace_id="w6" tab_id="w6:t6"
2026-07-01T17:38:20.607757Z  INFO herdr::logging: tab focused event="tab.focus" subsystem="tab" outcome="ok" workspace_id="w6" tab_id="w6:t9"
2026-07-01T17:38:25.614247Z  INFO herdr::logging: session saved event="persist.save" subsystem="persist" outcome="ok" path=/home/aoeu/.config/herdr/session.json workspaces=1
2026-07-01T17:38:27.756030Z  INFO herdr::logging: tab focused event="tab.focus" subsystem="tab" outcome="ok" workspace_id="w6" tab_id="w6:t6"
2026-07-01T17:38:32.762598Z  INFO herdr::logging: session saved event="persist.save" subsystem="persist" outcome="ok" path=/home/aoeu/.config/herdr/session.json workspaces=1
2026-07-01T17:38:45.228103Z  INFO herdr::logging: tab focused event="tab.focus" subsystem="tab" outcome="ok" workspace_id="w6" tab_id="w6:t9"
2026-07-01T17:38:50.232319Z  INFO herdr::logging: session saved event="persist.save" subsystem="persist" outcome="ok" path=/home/aoeu/.config/herdr/session.json workspaces=1
2026-07-01T17:39:17.906276Z  INFO herdr::server::headless: client resize client_id=2 cols=188 rows=47 cell_width_px=0 cell_height_px=0
2026-07-01T17:39:29.743763Z  INFO herdr::server::headless: client resize client_id=2 cols=189 rows=47 cell_width_px=0 cell_height_px=0
2026-07-01T17:39:43.816289Z  INFO herdr::logging: tab focused event="tab.focus" subsystem="tab" outcome="ok" workspace_id="w6" tab_id="w6:t6"
2026-07-01T17:39:48.820162Z  INFO herdr::logging: session saved event="persist.save" subsystem="persist" outcome="ok" path=/home/aoeu/.config/herdr/session.json workspaces=1
2026-07-01T17:40:15.227906Z  INFO herdr::logging: tab focused event="tab.focus" subsystem="tab" outcome="ok" workspace_id="w6" tab_id="w6:t9"
2026-07-01T17:40:20.233922Z  INFO herdr::logging: session saved event="persist.save" subsystem="persist" outcome="ok" path=/home/aoeu/.config/herdr/session.json workspaces=1
2026-07-01T17:40:20.647905Z  INFO herdr::logging: checking for updates event="update.check.start" subsystem="update" outcome="started"
2026-07-01T17:40:21.369101Z  INFO herdr::logging: tab focused event="tab.focus" subsystem="tab" outcome="ok" workspace_id="w6" tab_id="w6:t6"
2026-07-01T17:40:23.318809Z  INFO herdr::logging: tab focused event="tab.focus" subsystem="tab" outcome="ok" workspace_id="w6" tab_id="w6:t9"
2026-07-01T17:40:26.358203Z  INFO herdr::logging: tab focused event="tab.focus" subsystem="tab" outcome="ok" workspace_id="w6" tab_id="w6:t6"
2026-07-01T17:40:31.364944Z  INFO herdr::logging: session saved event="persist.save" subsystem="persist" outcome="ok" path=/home/aoeu/.config/herdr/session.json workspaces=1
2026-07-01T17:40:44.888114Z  WARN herdr::raw_input: flushing lone escape after input timeout; if this follows an alt chord or focus switch it may reach the pane as plain esc bytes=[27]
2026-07-01T17:40:45.850352Z  WARN herdr::raw_input: flushing lone escape after input timeout; if this follows an alt chord or focus switch it may reach the pane as plain esc bytes=[27]
2026-07-01T17:40:46.011644Z  WARN herdr::raw_input: flushing lone escape after input timeout; if this follows an alt chord or focus switch it may reach the pane as plain esc bytes=[27]
2026-07-01T17:40:46.159636Z  WARN herdr::raw_input: flushing lone escape after input timeout; if this follows an alt chord or focus switch it may reach the pane as plain esc bytes=[27]
2026-07-01T17:40:46.286394Z  WARN herdr::raw_input: flushing lone escape after input timeout; if this follows an alt chord or focus switch it may reach the pane as plain esc bytes=[27]
2026-07-01T17:40:50.890980Z  WARN herdr::raw_input: flushing lone escape after input timeout; if this follows an alt chord or focus switch it may reach the pane as plain esc bytes=[27]
2026-07-01T17:40:51.490963Z  WARN herdr::raw_input: flushing lone escape after input timeout; if this follows an alt chord or focus switch it may reach the pane as plain esc bytes=[27]
2026-07-01T17:40:51.531962Z  WARN herdr::raw_input: flushing lone escape after input timeout; if this follows an alt chord or focus switch it may reach the pane as plain esc bytes=[27]
2026-07-01T17:40:51.571435Z  WARN herdr::raw_input: flushing lone escape after input timeout; if this follows an alt chord or focus switch it may reach the pane as plain esc bytes=[27]
2026-07-01T17:40:51.611054Z  WARN herdr::raw_input: flushing lone escape after input timeout; if this follows an alt chord or focus switch it may reach the pane as plain esc bytes=[27]
2026-07-01T17:40:51.651469Z  WARN herdr::raw_input: flushing lone escape after input timeout; if this follows an alt chord or focus switch it may reach the pane as plain esc bytes=[27]
2026-07-01T17:40:51.691810Z  WARN herdr::raw_input: flushing lone escape after input timeout; if this follows an alt chord or focus switch it may reach the pane as plain esc bytes=[27]
2026-07-01T17:40:51.731893Z  WARN herdr::raw_input: flushing lone escape after input timeout; if this follows an alt chord or focus switch it may reach the pane as plain esc bytes=[27]
2026-07-01T17:40:51.772059Z  WARN herdr::raw_input: flushing lone escape after input timeout; if this follows an alt chord or focus switch it may reach the pane as plain esc bytes=[27]
2026-07-01T17:40:51.812136Z  WARN herdr::raw_input: flushing lone escape after input timeout; if this follows an alt chord or focus switch it may reach the pane as plain esc bytes=[27]
2026-07-01T17:40:51.852315Z  WARN herdr::raw_input: flushing lone escape after input timeout; if this follows an alt chord or focus switch it may reach the pane as plain esc bytes=[27]
2026-07-01T17:40:51.892482Z  WARN herdr::raw_input: flushing lone escape after input timeout; if this follows an alt chord or focus switch it may reach the pane as plain esc bytes=[27]
2026-07-01T17:40:53.145854Z  WARN herdr::raw_input: flushing lone escape after input timeout; if this follows an alt chord or focus switch it may reach the pane as plain esc bytes=[27]
2026-07-01T17:40:53.746395Z  WARN herdr::raw_input: flushing lone escape after input timeout; if this follows an alt chord or focus switch it may reach the pane as plain esc bytes=[27]
2026-07-01T17:40:53.786202Z  WARN herdr::raw_input: flushing lone escape after input timeout; if this follows an alt chord or focus switch it may reach the pane as plain esc bytes=[27]
2026-07-01T17:40:53.827104Z  WARN herdr::raw_input: flushing lone escape after input timeout; if this follows an alt chord or focus switch it may reach the pane as plain esc bytes=[27]
2026-07-01T17:40:53.866751Z  WARN herdr::raw_input: flushing lone escape after input timeout; if this follows an alt chord or focus switch it may reach the pane as plain esc bytes=[27]
2026-07-01T17:40:53.906640Z  WARN herdr::raw_input: flushing lone escape after input timeout; if this follows an alt chord or focus switch it may reach the pane as plain esc bytes=[27]
2026-07-01T17:40:53.946919Z  WARN herdr::raw_input: flushing lone escape after input timeout; if this follows an alt chord or focus switch it may reach the pane as plain esc bytes=[27]
2026-07-01T17:40:53.987084Z  WARN herdr::raw_input: flushing lone escape after input timeout; if this follows an alt chord or focus switch it may reach the pane as plain esc bytes=[27]
2026-07-01T17:40:54.027171Z  WARN herdr::raw_input: flushing lone escape after input timeout; if this follows an alt chord or focus switch it may reach the pane as plain esc bytes=[27]
2026-07-01T17:40:54.067315Z  WARN herdr::raw_input: flushing lone escape after input timeout; if this follows an alt chord or focus switch it may reach the pane as plain esc bytes=[27]
2026-07-01T17:40:54.107691Z  WARN herdr::raw_input: flushing lone escape after input timeout; if this follows an alt chord or focus switch it may reach the pane as plain esc bytes=[27]
2026-07-01T17:40:54.147581Z  WARN herdr::raw_input: flushing lone escape after input timeout; if this follows an alt chord or focus switch it may reach the pane as plain esc bytes=[27]
2026-07-01T17:40:54.188815Z  WARN herdr::raw_input: flushing lone escape after input timeout; if this follows an alt chord or focus switch it may reach the pane as plain esc bytes=[27]
2026-07-01T17:40:54.228938Z  WARN herdr::raw_input: flushing lone escape after input timeout; if this follows an alt chord or focus switch it may reach the pane as plain esc bytes=[27]
2026-07-01T17:40:54.269219Z  WARN herdr::raw_input: flushing lone escape after input timeout; if this follows an alt chord or focus switch it may reach the pane as plain esc bytes=[27]
2026-07-01T17:40:54.309141Z  WARN herdr::raw_input: flushing lone escape after input timeout; if this follows an alt chord or focus switch it may reach the pane as plain esc bytes=[27]
2026-07-01T17:40:54.349239Z  WARN herdr::raw_input: flushing lone escape after input timeout; if this follows an alt chord or focus switch it may reach the pane as plain esc bytes=[27]
2026-07-01T17:40:54.389860Z  WARN herdr::raw_input: flushing lone escape after input timeout; if this follows an alt chord or focus switch it may reach the pane as plain esc bytes=[27]
2026-07-01T17:40:54.429748Z  WARN herdr::raw_input: flushing lone escape after input timeout; if this follows an alt chord or focus switch it may reach the pane as plain esc bytes=[27]
2026-07-01T17:40:54.470068Z  WARN herdr::raw_input: flushing lone escape after input timeout; if this follows an alt chord or focus switch it may reach the pane as plain esc bytes=[27]
2026-07-01T17:40:54.510283Z  WARN herdr::raw_input: flushing lone escape after input timeout; if this follows an alt chord or focus switch it may reach the pane as plain esc bytes=[27]
2026-07-01T17:40:54.550169Z  WARN herdr::raw_input: flushing lone escape after input timeout; if this follows an alt chord or focus switch it may reach the pane as plain esc bytes=[27]
2026-07-01T17:40:54.590626Z  WARN herdr::raw_input: flushing lone escape after input timeout; if this follows an alt chord or focus switch it may reach the pane as plain esc bytes=[27]
2026-07-01T17:40:54.630314Z  WARN herdr::raw_input: flushing lone escape after input timeout; if this follows an alt chord or focus switch it may reach the pane as plain esc bytes=[27]
2026-07-01T17:40:54.670576Z  WARN herdr::raw_input: flushing lone escape after input timeout; if this follows an alt chord or focus switch it may reach the pane as plain esc bytes=[27]
2026-07-01T17:40:54.711321Z  WARN herdr::raw_input: flushing lone escape after input timeout; if this follows an alt chord or focus switch it may reach the pane as plain esc bytes=[27]
2026-07-01T17:40:54.750816Z  WARN herdr::raw_input: flushing lone escape after input timeout; if this follows an alt chord or focus switch it may reach the pane as plain esc bytes=[27]
2026-07-01T17:40:54.790989Z  WARN herdr::raw_input: flushing lone escape after input timeout; if this follows an alt chord or focus switch it may reach the pane as plain esc bytes=[27]
2026-07-01T17:40:54.831103Z  WARN herdr::raw_input: flushing lone escape after input timeout; if this follows an alt chord or focus switch it may reach the pane as plain esc bytes=[27]
2026-07-01T17:40:54.871669Z  WARN herdr::raw_input: flushing lone escape after input timeout; if this follows an alt chord or focus switch it may reach the pane as plain esc bytes=[27]
2026-07-01T17:40:54.912480Z  WARN herdr::raw_input: flushing lone escape after input timeout; if this follows an alt chord or focus switch it may reach the pane as plain esc bytes=[27]
2026-07-01T17:40:54.951838Z  WARN herdr::raw_input: flushing lone escape after input timeout; if this follows an alt chord or focus switch it may reach the pane as plain esc bytes=[27]
2026-07-01T17:40:54.992016Z  WARN herdr::raw_input: flushing lone escape after input timeout; if this follows an alt chord or focus switch it may reach the pane as plain esc bytes=[27]
2026-07-01T17:40:55.032062Z  WARN herdr::raw_input: flushing lone escape after input timeout; if this follows an alt chord or focus switch it may reach the pane as plain esc bytes=[27]
2026-07-01T17:40:55.073253Z  WARN herdr::raw_input: flushing lone escape after input timeout; if this follows an alt chord or focus switch it may reach the pane as plain esc bytes=[27]
2026-07-01T17:40:55.113333Z  WARN herdr::raw_input: flushing lone escape after input timeout; if this follows an alt chord or focus switch it may reach the pane as plain esc bytes=[27]
2026-07-01T17:40:55.153465Z  WARN herdr::raw_input: flushing lone escape after input timeout; if this follows an alt chord or focus switch it may reach the pane as plain esc bytes=[27]
2026-07-01T17:40:55.193974Z  WARN herdr::raw_input: flushing lone escape after input timeout; if this follows an alt chord or focus switch it may reach the pane as plain esc bytes=[27]
2026-07-01T17:40:55.233731Z  WARN herdr::raw_input: flushing lone escape after input timeout; if this follows an alt chord or focus switch it may reach the pane as plain esc bytes=[27]
2026-07-01T17:40:55.273806Z  WARN herdr::raw_input: flushing lone escape after input timeout; if this follows an alt chord or focus switch it may reach the pane as plain esc bytes=[27]
2026-07-01T17:40:55.313918Z  WARN herdr::raw_input: flushing lone escape after input timeout; if this follows an alt chord or focus switch it may reach the pane as plain esc bytes=[27]
2026-07-01T17:40:55.354275Z  WARN herdr::raw_input: flushing lone escape after input timeout; if this follows an alt chord or focus switch it may reach the pane as plain esc bytes=[27]
2026-07-01T17:40:55.397501Z  WARN herdr::raw_input: flushing lone escape after input timeout; if this follows an alt chord or focus switch it may reach the pane as plain esc bytes=[27]
2026-07-01T17:40:55.438148Z  WARN herdr::raw_input: flushing lone escape after input timeout; if this follows an alt chord or focus switch it may reach the pane as plain esc bytes=[27]
2026-07-01T17:40:55.477178Z  WARN herdr::raw_input: flushing lone escape after input timeout; if this follows an alt chord or focus switch it may reach the pane as plain esc bytes=[27]
2026-07-01T17:40:55.517326Z  WARN herdr::raw_input: flushing lone escape after input timeout; if this follows an alt chord or focus switch it may reach the pane as plain esc bytes=[27]
2026-07-01T17:40:55.557593Z  WARN herdr::raw_input: flushing lone escape after input timeout; if this follows an alt chord or focus switch it may reach the pane as plain esc bytes=[27]
2026-07-01T17:40:55.597908Z  WARN herdr::raw_input: flushing lone escape after input timeout; if this follows an alt chord or focus switch it may reach the pane as plain esc bytes=[27]
2026-07-01T17:40:55.641080Z  WARN herdr::raw_input: flushing lone escape after input timeout; if this follows an alt chord or focus switch it may reach the pane as plain esc bytes=[27]
2026-07-01T17:40:55.681245Z  WARN herdr::raw_input: flushing lone escape after input timeout; if this follows an alt chord or focus switch it may reach the pane as plain esc bytes=[27]
2026-07-01T17:40:55.721557Z  WARN herdr::raw_input: flushing lone escape after input timeout; if this follows an alt chord or focus switch it may reach the pane as plain esc bytes=[27]
2026-07-01T17:40:55.762075Z  WARN herdr::raw_input: flushing lone escape after input timeout; if this follows an alt chord or focus switch it may reach the pane as plain esc bytes=[27]
2026-07-01T17:41:03.649461Z  WARN herdr::raw_input: flushing lone escape after input timeout; if this follows an alt chord or focus switch it may reach the pane as plain esc bytes=[27]
2026-07-01T17:41:04.250024Z  WARN herdr::raw_input: flushing lone escape after input timeout; if this follows an alt chord or focus switch it may reach the pane as plain esc bytes=[27]
2026-07-01T17:41:04.289919Z  WARN herdr::raw_input: flushing lone escape after input timeout; if this follows an alt chord or focus switch it may reach the pane as plain esc bytes=[27]
2026-07-01T17:41:04.330172Z  WARN herdr::raw_input: flushing lone escape after input timeout; if this follows an alt chord or focus switch it may reach the pane as plain esc bytes=[27]
2026-07-01T17:41:04.370128Z  WARN herdr::raw_input: flushing lone escape after input timeout; if this follows an alt chord or focus switch it may reach the pane as plain esc bytes=[27]
2026-07-01T17:41:04.410322Z  WARN herdr::raw_input: flushing lone escape after input timeout; if this follows an alt chord or focus switch it may reach the pane as plain esc bytes=[27]
2026-07-01T17:41:04.450417Z  WARN herdr::raw_input: flushing lone escape after input timeout; if this follows an alt chord or focus switch it may reach the pane as plain esc bytes=[27]
2026-07-01T17:41:04.490426Z  WARN herdr::raw_input: flushing lone escape after input timeout; if this follows an alt chord or focus switch it may reach the pane as plain esc bytes=[27]
2026-07-01T17:41:04.533621Z  WARN herdr::raw_input: flushing lone escape after input timeout; if this follows an alt chord or focus switch it may reach the pane as plain esc bytes=[27]
2026-07-01T17:41:04.570804Z  WARN herdr::raw_input: flushing lone escape after input timeout; if this follows an alt chord or focus switch it may reach the pane as plain esc bytes=[27]
2026-07-01T17:41:04.610928Z  WARN herdr::raw_input: flushing lone escape after input timeout; if this follows an alt chord or focus switch it may reach the pane as plain esc bytes=[27]
2026-07-01T17:41:04.658123Z  WARN herdr::raw_input: flushing lone escape after input timeout; if this follows an alt chord or focus switch it may reach the pane as plain esc bytes=[27]
2026-07-01T17:41:04.695330Z  WARN herdr::raw_input: flushing lone escape after input timeout; if this follows an alt chord or focus switch it may reach the pane as plain esc bytes=[27]
2026-07-01T17:41:04.735565Z  WARN herdr::raw_input: flushing lone escape after input timeout; if this follows an alt chord or focus switch it may reach the pane as plain esc bytes=[27]
2026-07-01T17:41:04.775569Z  WARN herdr::raw_input: flushing lone escape after input timeout; if this follows an alt chord or focus switch it may reach the pane as plain esc bytes=[27]
2026-07-01T17:41:04.815889Z  WARN herdr::raw_input: flushing lone escape after input timeout; if this follows an alt chord or focus switch it may reach the pane as plain esc bytes=[27]
2026-07-01T17:41:04.855940Z  WARN herdr::raw_input: flushing lone escape after input timeout; if this follows an alt chord or focus switch it may reach the pane as plain esc bytes=[27]
2026-07-01T17:41:04.896164Z  WARN herdr::raw_input: flushing lone escape after input timeout; if this follows an alt chord or focus switch it may reach the pane as plain esc bytes=[27]
2026-07-01T17:41:04.936286Z  WARN herdr::raw_input: flushing lone escape after input timeout; if this follows an alt chord or focus switch it may reach the pane as plain esc bytes=[27]
2026-07-01T17:41:04.981626Z  WARN herdr::raw_input: flushing lone escape after input timeout; if this follows an alt chord or focus switch it may reach the pane as plain esc bytes=[27]
2026-07-01T17:41:05.021194Z  WARN herdr::raw_input: flushing lone escape after input timeout; if this follows an alt chord or focus switch it may reach the pane as plain esc bytes=[27]
2026-07-01T17:41:05.063517Z  WARN herdr::raw_input: flushing lone escape after input timeout; if this follows an alt chord or focus switch it may reach the pane as plain esc bytes=[27]
2026-07-01T17:41:05.103495Z  WARN herdr::raw_input: flushing lone escape after input timeout; if this follows an alt chord or focus switch it may reach the pane as plain esc bytes=[27]
2026-07-01T17:41:05.143635Z  WARN herdr::raw_input: flushing lone escape after input timeout; if this follows an alt chord or focus switch it may reach the pane as plain esc bytes=[27]
2026-07-01T17:41:05.184133Z  WARN herdr::raw_input: flushing lone escape after input timeout; if this follows an alt chord or focus switch it may reach the pane as plain esc bytes=[27]
2026-07-01T17:41:05.224202Z  WARN herdr::raw_input: flushing lone escape after input timeout; if this follows an alt chord or focus switch it may reach the pane as plain esc bytes=[27]
2026-07-01T17:41:05.264299Z  WARN herdr::raw_input: flushing lone escape after input timeout; if this follows an alt chord or focus switch it may reach the pane as plain esc bytes=[27]
2026-07-01T17:41:05.304466Z  WARN herdr::raw_input: flushing lone escape after input timeout; if this follows an alt chord or focus switch it may reach the pane as plain esc bytes=[27]
2026-07-01T17:41:05.344546Z  WARN herdr::raw_input: flushing lone escape after input timeout; if this follows an alt chord or focus switch it may reach the pane as plain esc bytes=[27]
2026-07-01T17:41:05.384674Z  WARN herdr::raw_input: flushing lone escape after input timeout; if this follows an alt chord or focus switch it may reach the pane as plain esc bytes=[27]
2026-07-01T17:41:05.424861Z  WARN herdr::raw_input: flushing lone escape after input timeout; if this follows an alt chord or focus switch it may reach the pane as plain esc bytes=[27]
2026-07-01T17:41:05.466350Z  WARN herdr::raw_input: flushing lone escape after input timeout; if this follows an alt chord or focus switch it may reach the pane as plain esc bytes=[27]
2026-07-01T17:41:05.506161Z  WARN herdr::raw_input: flushing lone escape after input timeout; if this follows an alt chord or focus switch it may reach the pane as plain esc bytes=[27]
2026-07-01T17:41:05.546163Z  WARN herdr::raw_input: flushing lone escape after input timeout; if this follows an alt chord or focus switch it may reach the pane as plain esc bytes=[27]
2026-07-01T17:41:05.587101Z  WARN herdr::raw_input: flushing lone escape after input timeout; if this follows an alt chord or focus switch it may reach the pane as plain esc bytes=[27]
2026-07-01T17:41:05.626420Z  WARN herdr::raw_input: flushing lone escape after input timeout; if this follows an alt chord or focus switch it may reach the pane as plain esc bytes=[27]
2026-07-01T17:41:05.666833Z  WARN herdr::raw_input: flushing lone escape after input timeout; if this follows an alt chord or focus switch it may reach the pane as plain esc bytes=[27]
2026-07-01T17:41:05.707390Z  WARN herdr::raw_input: flushing lone escape after input timeout; if this follows an alt chord or focus switch it may reach the pane as plain esc bytes=[27]
2026-07-01T17:41:05.747010Z  WARN herdr::raw_input: flushing lone escape after input timeout; if this follows an alt chord or focus switch it may reach the pane as plain esc bytes=[27]
2026-07-01T17:41:05.787165Z  WARN herdr::raw_input: flushing lone escape after input timeout; if this follows an alt chord or focus switch it may reach the pane as plain esc bytes=[27]
2026-07-01T17:41:05.827178Z  WARN herdr::raw_input: flushing lone escape after input timeout; if this follows an alt chord or focus switch it may reach the pane as plain esc bytes=[27]
2026-07-01T17:41:05.868760Z  WARN herdr::raw_input: flushing lone escape after input timeout; if this follows an alt chord or focus switch it may reach the pane as plain esc bytes=[27]
2026-07-01T17:41:05.908740Z  WARN herdr::raw_input: flushing lone escape after input timeout; if this follows an alt chord or focus switch it may reach the pane as plain esc bytes=[27]
2026-07-01T17:41:05.950227Z  WARN herdr::raw_input: flushing lone escape after input timeout; if this follows an alt chord or focus switch it may reach the pane as plain esc bytes=[27]
2026-07-01T17:41:05.991887Z  WARN herdr::raw_input: flushing lone escape after input timeout; if this follows an alt chord or focus switch it may reach the pane as plain esc bytes=[27]
2026-07-01T17:41:06.029150Z  WARN herdr::raw_input: flushing lone escape after input timeout; if this follows an alt chord or focus switch it may reach the pane as plain esc bytes=[27]
2026-07-01T17:41:06.069188Z  WARN herdr::raw_input: flushing lone escape after input timeout; if this follows an alt chord or focus switch it may reach the pane as plain esc bytes=[27]
2026-07-01T17:41:06.115772Z  WARN herdr::raw_input: flushing lone escape after input timeout; if this follows an alt chord or focus switch it may reach the pane as plain esc bytes=[27]
2026-07-01T17:41:06.149874Z  WARN herdr::raw_input: flushing lone escape after input timeout; if this follows an alt chord or focus switch it may reach the pane as plain esc bytes=[27]
2026-07-01T17:41:06.190006Z  WARN herdr::raw_input: flushing lone escape after input timeout; if this follows an alt chord or focus switch it may reach the pane as plain esc bytes=[27]
2026-07-01T17:41:06.230463Z  WARN herdr::raw_input: flushing lone escape after input timeout; if this follows an alt chord or focus switch it may reach the pane as plain esc bytes=[27]
2026-07-01T17:41:06.270464Z  WARN herdr::raw_input: flushing lone escape after input timeout; if this follows an alt chord or focus switch it may reach the pane as plain esc bytes=[27]
2026-07-01T17:41:06.310701Z  WARN herdr::raw_input: flushing lone escape after input timeout; if this follows an alt chord or focus switch it may reach the pane as plain esc bytes=[27]
2026-07-01T17:41:06.350873Z  WARN herdr::raw_input: flushing lone escape after input timeout; if this follows an alt chord or focus switch it may reach the pane as plain esc bytes=[27]
2026-07-01T17:41:06.391165Z  WARN herdr::raw_input: flushing lone escape after input timeout; if this follows an alt chord or focus switch it may reach the pane as plain esc bytes=[27]
2026-07-01T17:41:06.433653Z  WARN herdr::raw_input: flushing lone escape after input timeout; if this follows an alt chord or focus switch it may reach the pane as plain esc bytes=[27]
2026-07-01T17:41:06.473776Z  WARN herdr::raw_input: flushing lone escape after input timeout; if this follows an alt chord or focus switch it may reach the pane as plain esc bytes=[27]
2026-07-01T17:41:06.514476Z  WARN herdr::raw_input: flushing lone escape after input timeout; if this follows an alt chord or focus switch it may reach the pane as plain esc bytes=[27]
2026-07-01T17:41:06.554145Z  WARN herdr::raw_input: flushing lone escape after input timeout; if this follows an alt chord or focus switch it may reach the pane as plain esc bytes=[27]
2026-07-01T17:41:06.597090Z  WARN herdr::raw_input: flushing lone escape after input timeout; if this follows an alt chord or focus switch it may reach the pane as plain esc bytes=[27]
2026-07-01T17:41:06.637264Z  WARN herdr::raw_input: flushing lone escape after input timeout; if this follows an alt chord or focus switch it may reach the pane as plain esc bytes=[27]
2026-07-01T17:41:06.677297Z  WARN herdr::raw_input: flushing lone escape after input timeout; if this follows an alt chord or focus switch it may reach the pane as plain esc bytes=[27]
2026-07-01T17:41:06.717530Z  WARN herdr::raw_input: flushing lone escape after input timeout; if this follows an alt chord or focus switch it may reach the pane as plain esc bytes=[27]
2026-07-01T17:41:06.757679Z  WARN herdr::raw_input: flushing lone escape after input timeout; if this follows an alt chord or focus switch it may reach the pane as plain esc bytes=[27]
2026-07-01T17:41:06.800504Z  WARN herdr::raw_input: flushing lone escape after input timeout; if this follows an alt chord or focus switch it may reach the pane as plain esc bytes=[27]
2026-07-01T17:41:06.846256Z  WARN herdr::raw_input: flushing lone escape after input timeout; if this follows an alt chord or focus switch it may reach the pane as plain esc bytes=[27]
2026-07-01T17:41:06.888951Z  WARN herdr::raw_input: flushing lone escape after input timeout; if this follows an alt chord or focus switch it may reach the pane as plain esc bytes=[27]
2026-07-01T17:41:06.929677Z  WARN herdr::raw_input: flushing lone escape after input timeout; if this follows an alt chord or focus switch it may reach the pane as plain esc bytes=[27]
2026-07-01T17:41:06.966617Z  WARN herdr::raw_input: flushing lone escape after input timeout; if this follows an alt chord or focus switch it may reach the pane as plain esc bytes=[27]
2026-07-01T17:41:07.007327Z  WARN herdr::raw_input: flushing lone escape after input timeout; if this follows an alt chord or focus switch it may reach the pane as plain esc bytes=[27]
2026-07-01T17:41:07.046888Z  WARN herdr::raw_input: flushing lone escape after input timeout; if this follows an alt chord or focus switch it may reach the pane as plain esc bytes=[27]
2026-07-01T17:41:07.092779Z  WARN herdr::raw_input: flushing lone escape after input timeout; if this follows an alt chord or focus switch it may reach the pane as plain esc bytes=[27]
2026-07-01T17:41:07.135517Z  WARN herdr::raw_input: flushing lone escape after input timeout; if this follows an alt chord or focus switch it may reach the pane as plain esc bytes=[27]
2026-07-01T17:41:07.175926Z  WARN herdr::raw_input: flushing lone escape after input timeout; if this follows an alt chord or focus switch it may reach the pane as plain esc bytes=[27]
2026-07-01T17:41:07.215842Z  WARN herdr::raw_input: flushing lone escape after input timeout; if this follows an alt chord or focus switch it may reach the pane as plain esc bytes=[27]
2026-07-01T17:41:07.255906Z  WARN herdr::raw_input: flushing lone escape after input timeout; if this follows an alt chord or focus switch it may reach the pane as plain esc bytes=[27]
2026-07-01T17:41:07.300578Z  WARN herdr::raw_input: flushing lone escape after input timeout; if this follows an alt chord or focus switch it may reach the pane as plain esc bytes=[27]
2026-07-01T17:41:07.339203Z  WARN herdr::raw_input: flushing lone escape after input timeout; if this follows an alt chord or focus switch it may reach the pane as plain esc bytes=[27]
2026-07-01T17:41:07.379551Z  WARN herdr::raw_input: flushing lone escape after input timeout; if this follows an alt chord or focus switch it may reach the pane as plain esc bytes=[27]
2026-07-01T17:41:07.419698Z  WARN herdr::raw_input: flushing lone escape after input timeout; if this follows an alt chord or focus switch it may reach the pane as plain esc bytes=[27]
2026-07-01T17:41:07.460028Z  WARN herdr::raw_input: flushing lone escape after input timeout; if this follows an alt chord or focus switch it may reach the pane as plain esc bytes=[27]
2026-07-01T17:41:07.500036Z  WARN herdr::raw_input: flushing lone escape after input timeout; if this follows an alt chord or focus switch it may reach the pane as plain esc bytes=[27]
2026-07-01T17:41:07.540158Z  WARN herdr::raw_input: flushing lone escape after input timeout; if this follows an alt chord or focus switch it may reach the pane as plain esc bytes=[27]
2026-07-01T17:41:07.580362Z  WARN herdr::raw_input: flushing lone escape after input timeout; if this follows an alt chord or focus switch it may reach the pane as plain esc bytes=[27]
2026-07-01T17:41:07.624606Z  WARN herdr::raw_input: flushing lone escape after input timeout; if this follows an alt chord or focus switch it may reach the pane as plain esc bytes=[27]
2026-07-01T17:41:07.666370Z  WARN herdr::raw_input: flushing lone escape after input timeout; if this follows an alt chord or focus switch it may reach the pane as plain esc bytes=[27]
2026-07-01T17:41:07.704787Z  WARN herdr::raw_input: flushing lone escape after input timeout; if this follows an alt chord or focus switch it may reach the pane as plain esc bytes=[27]
2026-07-01T17:41:07.745218Z  WARN herdr::raw_input: flushing lone escape after input timeout; if this follows an alt chord or focus switch it may reach the pane as plain esc bytes=[27]
2026-07-01T17:41:07.784997Z  WARN herdr::raw_input: flushing lone escape after input timeout; if this follows an alt chord or focus switch it may reach the pane as plain esc bytes=[27]
2026-07-01T17:41:07.825655Z  WARN herdr::raw_input: flushing lone escape after input timeout; if this follows an alt chord or focus switch it may reach the pane as plain esc bytes=[27]
2026-07-01T17:41:07.865275Z  WARN herdr::raw_input: flushing lone escape after input timeout; if this follows an alt chord or focus switch it may reach the pane as plain esc bytes=[27]
2026-07-01T17:41:07.905353Z  WARN herdr::raw_input: flushing lone escape after input timeout; if this follows an alt chord or focus switch it may reach the pane as plain esc bytes=[27]
2026-07-01T17:41:07.945516Z  WARN herdr::raw_input: flushing lone escape after input timeout; if this follows an alt chord or focus switch it may reach the pane as plain esc bytes=[27]
2026-07-01T17:41:07.987261Z  WARN herdr::raw_input: flushing lone escape after input timeout; if this follows an alt chord or focus switch it may reach the pane as plain esc bytes=[27]
2026-07-01T17:41:08.027763Z  WARN herdr::raw_input: flushing lone escape after input timeout; if this follows an alt chord or focus switch it may reach the pane as plain esc bytes=[27]
2026-07-01T17:41:08.067473Z  WARN herdr::raw_input: flushing lone escape after input timeout; if this follows an alt chord or focus switch it may reach the pane as plain esc bytes=[27]
2026-07-01T17:41:08.107489Z  WARN herdr::raw_input: flushing lone escape after input timeout; if this follows an alt chord or focus switch it may reach the pane as plain esc bytes=[27]
2026-07-01T17:41:08.152938Z  WARN herdr::raw_input: flushing lone escape after input timeout; if this follows an alt chord or focus switch it may reach the pane as plain esc bytes=[27]
2026-07-01T17:41:08.193395Z  WARN herdr::raw_input: flushing lone escape after input timeout; if this follows an alt chord or focus switch it may reach the pane as plain esc bytes=[27]
2026-07-01T17:41:08.232913Z  WARN herdr::raw_input: flushing lone escape after input timeout; if this follows an alt chord or focus switch it may reach the pane as plain esc bytes=[27]
2026-07-01T17:41:08.273108Z  WARN herdr::raw_input: flushing lone escape after input timeout; if this follows an alt chord or focus switch it may reach the pane as plain esc bytes=[27]
2026-07-01T17:41:08.313866Z  WARN herdr::raw_input: flushing lone escape after input timeout; if this follows an alt chord or focus switch it may reach the pane as plain esc bytes=[27]
2026-07-01T17:41:08.353501Z  WARN herdr::raw_input: flushing lone escape after input timeout; if this follows an alt chord or focus switch it may reach the pane as plain esc bytes=[27]
2026-07-01T17:41:08.393711Z  WARN herdr::raw_input: flushing lone escape after input timeout; if this follows an alt chord or focus switch it may reach the pane as plain esc bytes=[27]
2026-07-01T17:41:08.433858Z  WARN herdr::raw_input: flushing lone escape after input timeout; if this follows an alt chord or focus switch it may reach the pane as plain esc bytes=[27]
2026-07-01T17:41:08.474995Z  WARN herdr::raw_input: flushing lone escape after input timeout; if this follows an alt chord or focus switch it may reach the pane as plain esc bytes=[27]
2026-07-01T17:41:08.515048Z  WARN herdr::raw_input: flushing lone escape after input timeout; if this follows an alt chord or focus switch it may reach the pane as plain esc bytes=[27]
2026-07-01T17:41:08.557007Z  WARN herdr::raw_input: flushing lone escape after input timeout; if this follows an alt chord or focus switch it may reach the pane as plain esc bytes=[27]
2026-07-01T17:41:08.595109Z  WARN herdr::raw_input: flushing lone escape after input timeout; if this follows an alt chord or focus switch it may reach the pane as plain esc bytes=[27]
2026-07-01T17:41:08.635361Z  WARN herdr::raw_input: flushing lone escape after input timeout; if this follows an alt chord or focus switch it may reach the pane as plain esc bytes=[27]
2026-07-01T17:41:08.676127Z  WARN herdr::raw_input: flushing lone escape after input timeout; if this follows an alt chord or focus switch it may reach the pane as plain esc bytes=[27]
2026-07-01T17:41:08.715595Z  WARN herdr::raw_input: flushing lone escape after input timeout; if this follows an alt chord or focus switch it may reach the pane as plain esc bytes=[27]
2026-07-01T17:41:08.755697Z  WARN herdr::raw_input: flushing lone escape after input timeout; if this follows an alt chord or focus switch it may reach the pane as plain esc bytes=[27]
2026-07-01T17:41:08.795911Z  WARN herdr::raw_input: flushing lone escape after input timeout; if this follows an alt chord or focus switch it may reach the pane as plain esc bytes=[27]
2026-07-01T17:41:08.838227Z  WARN herdr::raw_input: flushing lone escape after input timeout; if this follows an alt chord or focus switch it may reach the pane as plain esc bytes=[27]
2026-07-01T17:41:08.877433Z  WARN herdr::raw_input: flushing lone escape after input timeout; if this follows an alt chord or focus switch it may reach the pane as plain esc bytes=[27]
2026-07-01T17:41:08.916413Z  WARN herdr::raw_input: flushing lone escape after input timeout; if this follows an alt chord or focus switch it may reach the pane as plain esc bytes=[27]
2026-07-01T17:41:08.956409Z  WARN herdr::raw_input: flushing lone escape after input timeout; if this follows an alt chord or focus switch it may reach the pane as plain esc bytes=[27]
2026-07-01T17:41:08.996582Z  WARN herdr::raw_input: flushing lone escape after input timeout; if this follows an alt chord or focus switch it may reach the pane as plain esc bytes=[27]
2026-07-01T17:41:09.038429Z  WARN herdr::raw_input: flushing lone escape after input timeout; if this follows an alt chord or focus switch it may reach the pane as plain esc bytes=[27]
2026-07-01T17:41:09.078310Z  WARN herdr::raw_input: flushing lone escape after input timeout; if this follows an alt chord or focus switch it may reach the pane as plain esc bytes=[27]
2026-07-01T17:41:09.118947Z  WARN herdr::raw_input: flushing lone escape after input timeout; if this follows an alt chord or focus switch it may reach the pane as plain esc bytes=[27]
2026-07-01T17:41:09.158734Z  WARN herdr::raw_input: flushing lone escape after input timeout; if this follows an alt chord or focus switch it may reach the pane as plain esc bytes=[27]
2026-07-01T17:41:09.198979Z  WARN herdr::raw_input: flushing lone escape after input timeout; if this follows an alt chord or focus switch it may reach the pane as plain esc bytes=[27]
2026-07-01T17:41:09.241744Z  WARN herdr::raw_input: flushing lone escape after input timeout; if this follows an alt chord or focus switch it may reach the pane as plain esc bytes=[27]
2026-07-01T17:41:09.281617Z  WARN herdr::raw_input: flushing lone escape after input timeout; if this follows an alt chord or focus switch it may reach the pane as plain esc bytes=[27]
2026-07-01T17:41:09.321869Z  WARN herdr::raw_input: flushing lone escape after input timeout; if this follows an alt chord or focus switch it may reach the pane as plain esc bytes=[27]
2026-07-01T17:41:09.361931Z  WARN herdr::raw_input: flushing lone escape after input timeout; if this follows an alt chord or focus switch it may reach the pane as plain esc bytes=[27]
2026-07-01T17:41:09.401995Z  WARN herdr::raw_input: flushing lone escape after input timeout; if this follows an alt chord or focus switch it may reach the pane as plain esc bytes=[27]
2026-07-01T17:41:09.444030Z  WARN herdr::raw_input: flushing lone escape after input timeout; if this follows an alt chord or focus switch it may reach the pane as plain esc bytes=[27]
2026-07-01T17:41:09.483650Z  WARN herdr::raw_input: flushing lone escape after input timeout; if this follows an alt chord or focus switch it may reach the pane as plain esc bytes=[27]
2026-07-01T17:41:09.523592Z  WARN herdr::raw_input: flushing lone escape after input timeout; if this follows an alt chord or focus switch it may reach the pane as plain esc bytes=[27]
2026-07-01T17:41:09.563841Z  WARN herdr::raw_input: flushing lone escape after input timeout; if this follows an alt chord or focus switch it may reach the pane as plain esc bytes=[27]
2026-07-01T17:41:09.604402Z  WARN herdr::raw_input: flushing lone escape after input timeout; if this follows an alt chord or focus switch it may reach the pane as plain esc bytes=[27]
2026-07-01T17:41:09.644576Z  WARN herdr::raw_input: flushing lone escape after input timeout; if this follows an alt chord or focus switch it may reach the pane as plain esc bytes=[27]
2026-07-01T17:41:09.684630Z  WARN herdr::raw_input: flushing lone escape after input timeout; if this follows an alt chord or focus switch it may reach the pane as plain esc bytes=[27]
2026-07-01T17:41:09.724689Z  WARN herdr::raw_input: flushing lone escape after input timeout; if this follows an alt chord or focus switch it may reach the pane as plain esc bytes=[27]
2026-07-01T17:41:09.764881Z  WARN herdr::raw_input: flushing lone escape after input timeout; if this follows an alt chord or focus switch it may reach the pane as plain esc bytes=[27]
2026-07-01T17:41:09.807789Z  WARN herdr::raw_input: flushing lone escape after input timeout; if this follows an alt chord or focus switch it may reach the pane as plain esc bytes=[27]
2026-07-01T17:41:09.845943Z  WARN herdr::raw_input: flushing lone escape after input timeout; if this follows an alt chord or focus switch it may reach the pane as plain esc bytes=[27]
2026-07-01T17:41:09.886098Z  WARN herdr::raw_input: flushing lone escape after input timeout; if this follows an alt chord or focus switch it may reach the pane as plain esc bytes=[27]
2026-07-01T17:41:09.926097Z  WARN herdr::raw_input: flushing lone escape after input timeout; if this follows an alt chord or focus switch it may reach the pane as plain esc bytes=[27]
2026-07-01T17:41:09.966216Z  WARN herdr::raw_input: flushing lone escape after input timeout; if this follows an alt chord or focus switch it may reach the pane as plain esc bytes=[27]
2026-07-01T17:41:10.009400Z  WARN herdr::raw_input: flushing lone escape after input timeout; if this follows an alt chord or focus switch it may reach the pane as plain esc bytes=[27]
2026-07-01T17:41:10.046377Z  WARN herdr::raw_input: flushing lone escape after input timeout; if this follows an alt chord or focus switch it may reach the pane as plain esc bytes=[27]
2026-07-01T17:41:10.086481Z  WARN herdr::raw_input: flushing lone escape after input timeout; if this follows an alt chord or focus switch it may reach the pane as plain esc bytes=[27]
2026-07-01T17:41:10.126624Z  WARN herdr::raw_input: flushing lone escape after input timeout; if this follows an alt chord or focus switch it may reach the pane as plain esc bytes=[27]
2026-07-01T17:41:10.166787Z  WARN herdr::raw_input: flushing lone escape after input timeout; if this follows an alt chord or focus switch it may reach the pane as plain esc bytes=[27]
2026-07-01T17:41:10.206807Z  WARN herdr::raw_input: flushing lone escape after input timeout; if this follows an alt chord or focus switch it may reach the pane as plain esc bytes=[27]
2026-07-01T17:41:10.248576Z  WARN herdr::raw_input: flushing lone escape after input timeout; if this follows an alt chord or focus switch it may reach the pane as plain esc bytes=[27]
2026-07-01T17:41:10.287152Z  WARN herdr::raw_input: flushing lone escape after input timeout; if this follows an alt chord or focus switch it may reach the pane as plain esc bytes=[27]
2026-07-01T17:41:10.327511Z  WARN herdr::raw_input: flushing lone escape after input timeout; if this follows an alt chord or focus switch it may reach the pane as plain esc bytes=[27]
2026-07-01T17:41:10.367312Z  WARN herdr::raw_input: flushing lone escape after input timeout; if this follows an alt chord or focus switch it may reach the pane as plain esc bytes=[27]
2026-07-01T17:41:10.407427Z  WARN herdr::raw_input: flushing lone escape after input timeout; if this follows an alt chord or focus switch it may reach the pane as plain esc bytes=[27]
2026-07-01T17:41:10.447522Z  WARN herdr::raw_input: flushing lone escape after input timeout; if this follows an alt chord or focus switch it may reach the pane as plain esc bytes=[27]
2026-07-01T17:41:10.487820Z  WARN herdr::raw_input: flushing lone escape after input timeout; if this follows an alt chord or focus switch it may reach the pane as plain esc bytes=[27]
2026-07-01T17:41:10.528187Z  WARN herdr::raw_input: flushing lone escape after input timeout; if this follows an alt chord or focus switch it may reach the pane as plain esc bytes=[27]
2026-07-01T17:41:10.568011Z  WARN herdr::raw_input: flushing lone escape after input timeout; if this follows an alt chord or focus switch it may reach the pane as plain esc bytes=[27]
2026-07-01T17:41:10.608012Z  WARN herdr::raw_input: flushing lone escape after input timeout; if this follows an alt chord or focus switch it may reach the pane as plain esc bytes=[27]
2026-07-01T17:41:10.648142Z  WARN herdr::raw_input: flushing lone escape after input timeout; if this follows an alt chord or focus switch it may reach the pane as plain esc bytes=[27]
2026-07-01T17:41:10.688482Z  WARN herdr::raw_input: flushing lone escape after input timeout; if this follows an alt chord or focus switch it may reach the pane as plain esc bytes=[27]
2026-07-01T17:41:10.729182Z  WARN herdr::raw_input: flushing lone escape after input timeout; if this follows an alt chord or focus switch it may reach the pane as plain esc bytes=[27]
2026-07-01T17:41:10.768688Z  WARN herdr::raw_input: flushing lone escape after input timeout; if this follows an alt chord or focus switch it may reach the pane as plain esc bytes=[27]
2026-07-01T17:41:10.808990Z  WARN herdr::raw_input: flushing lone escape after input timeout; if this follows an alt chord or focus switch it may reach the pane as plain esc bytes=[27]
2026-07-01T17:41:10.849016Z  WARN herdr::raw_input: flushing lone escape after input timeout; if this follows an alt chord or focus switch it may reach the pane as plain esc bytes=[27]
2026-07-01T17:41:10.931175Z  WARN herdr::raw_input: flushing lone escape after input timeout; if this follows an alt chord or focus switch it may reach the pane as plain esc bytes=[27]
2026-07-01T17:41:10.974098Z  WARN herdr::raw_input: flushing lone escape after input timeout; if this follows an alt chord or focus switch it may reach the pane as plain esc bytes=[27]
2026-07-01T17:41:11.014162Z  WARN herdr::raw_input: flushing lone escape after input timeout; if this follows an alt chord or focus switch it may reach the pane as plain esc bytes=[27]
2026-07-01T17:41:11.054016Z  WARN herdr::raw_input: flushing lone escape after input timeout; if this follows an alt chord or focus switch it may reach the pane as plain esc bytes=[27]
2026-07-01T17:41:11.094085Z  WARN herdr::raw_input: flushing lone escape after input timeout; if this follows an alt chord or focus switch it may reach the pane as plain esc bytes=[27]
2026-07-01T17:41:11.134266Z  WARN herdr::raw_input: flushing lone escape after input timeout; if this follows an alt chord or focus switch it may reach the pane as plain esc bytes=[27]
2026-07-01T17:41:11.174490Z  WARN herdr::raw_input: flushing lone escape after input timeout; if this follows an alt chord or focus switch it may reach the pane as plain esc bytes=[27]
2026-07-01T17:41:11.214386Z  WARN herdr::raw_input: flushing lone escape after input timeout; if this follows an alt chord or focus switch it may reach the pane as plain esc bytes=[27]
2026-07-01T17:41:11.376329Z  WARN herdr::raw_input: flushing lone escape after input timeout; if this follows an alt chord or focus switch it may reach the pane as plain esc bytes=[27]
2026-07-01T17:41:11.415255Z  WARN herdr::raw_input: flushing lone escape after input timeout; if this follows an alt chord or focus switch it may reach the pane as plain esc bytes=[27]
2026-07-01T17:41:11.455510Z  WARN herdr::raw_input: flushing lone escape after input timeout; if this follows an alt chord or focus switch it may reach the pane as plain esc bytes=[27]
2026-07-01T17:41:11.496169Z  WARN herdr::raw_input: flushing lone escape after input timeout; if this follows an alt chord or focus switch it may reach the pane as plain esc bytes=[27]
2026-07-01T17:41:11.535736Z  WARN herdr::raw_input: flushing lone escape after input timeout; if this follows an alt chord or focus switch it may reach the pane as plain esc bytes=[27]
2026-07-01T17:41:11.575798Z  WARN herdr::raw_input: flushing lone escape after input timeout; if this follows an alt chord or focus switch it may reach the pane as plain esc bytes=[27]
2026-07-01T17:41:11.615933Z  WARN herdr::raw_input: flushing lone escape after input timeout; if this follows an alt chord or focus switch it may reach the pane as plain esc bytes=[27]
2026-07-01T17:41:11.656239Z  WARN herdr::raw_input: flushing lone escape after input timeout; if this follows an alt chord or focus switch it may reach the pane as plain esc bytes=[27]
2026-07-01T17:41:11.696891Z  WARN herdr::raw_input: flushing lone escape after input timeout; if this follows an alt chord or focus switch it may reach the pane as plain esc bytes=[27]
2026-07-01T17:41:11.816591Z  WARN herdr::raw_input: flushing lone escape after input timeout; if this follows an alt chord or focus switch it may reach the pane as plain esc bytes=[27]
2026-07-01T17:41:11.857003Z  WARN herdr::raw_input: flushing lone escape after input timeout; if this follows an alt chord or focus switch it may reach the pane as plain esc bytes=[27]
2026-07-01T17:41:11.897426Z  WARN herdr::raw_input: flushing lone escape after input timeout; if this follows an alt chord or focus switch it may reach the pane as plain esc bytes=[27]
2026-07-01T17:41:11.937325Z  WARN herdr::raw_input: flushing lone escape after input timeout; if this follows an alt chord or focus switch it may reach the pane as plain esc bytes=[27]
2026-07-01T17:41:11.977506Z  WARN herdr::raw_input: flushing lone escape after input timeout; if this follows an alt chord or focus switch it may reach the pane as plain esc bytes=[27]
2026-07-01T17:41:12.017248Z  WARN herdr::raw_input: flushing lone escape after input timeout; if this follows an alt chord or focus switch it may reach the pane as plain esc bytes=[27]
2026-07-01T17:41:12.057970Z  WARN herdr::raw_input: flushing lone escape after input timeout; if this follows an alt chord or focus switch it may reach the pane as plain esc bytes=[27]
2026-07-01T17:41:12.097924Z  WARN herdr::raw_input: flushing lone escape after input timeout; if this follows an alt chord or focus switch it may reach the pane as plain esc bytes=[27]
2026-07-01T17:41:12.137873Z  WARN herdr::raw_input: flushing lone escape after input timeout; if this follows an alt chord or focus switch it may reach the pane as plain esc bytes=[27]
2026-07-01T17:41:12.178172Z  WARN herdr::raw_input: flushing lone escape after input timeout; if this follows an alt chord or focus switch it may reach the pane as plain esc bytes=[27]
2026-07-01T17:41:12.218221Z  WARN herdr::raw_input: flushing lone escape after input timeout; if this follows an alt chord or focus switch it may reach the pane as plain esc bytes=[27]
2026-07-01T17:41:12.259578Z  WARN herdr::raw_input: flushing lone escape after input timeout; if this follows an alt chord or focus switch it may reach the pane as plain esc bytes=[27]
2026-07-01T17:41:12.302212Z  WARN herdr::raw_input: flushing lone escape after input timeout; if this follows an alt chord or focus switch it may reach the pane as plain esc bytes=[27]
2026-07-01T17:41:12.339701Z  WARN herdr::raw_input: flushing lone escape after input timeout; if this follows an alt chord or focus switch it may reach the pane as plain esc bytes=[27]
2026-07-01T17:41:12.380504Z  WARN herdr::raw_input: flushing lone escape after input timeout; if this follows an alt chord or focus switch it may reach the pane as plain esc bytes=[27]
2026-07-01T17:41:12.419914Z  WARN herdr::raw_input: flushing lone escape after input timeout; if this follows an alt chord or focus switch it may reach the pane as plain esc bytes=[27]
2026-07-01T17:41:12.460819Z  WARN herdr::raw_input: flushing lone escape after input timeout; if this follows an alt chord or focus switch it may reach the pane as plain esc bytes=[27]
2026-07-01T17:41:12.500216Z  WARN herdr::raw_input: flushing lone escape after input timeout; if this follows an alt chord or focus switch it may reach the pane as plain esc bytes=[27]
2026-07-01T17:41:12.540735Z  WARN herdr::raw_input: flushing lone escape after input timeout; if this follows an alt chord or focus switch it may reach the pane as plain esc bytes=[27]
2026-07-01T17:41:12.580906Z  WARN herdr::raw_input: flushing lone escape after input timeout; if this follows an alt chord or focus switch it may reach the pane as plain esc bytes=[27]
2026-07-01T17:41:12.620925Z  WARN herdr::raw_input: flushing lone escape after input timeout; if this follows an alt chord or focus switch it may reach the pane as plain esc bytes=[27]
2026-07-01T17:41:12.632856Z  INFO herdr::logging: tab focused event="tab.focus" subsystem="tab" outcome="ok" workspace_id="w6" tab_id="w6:t9"
2026-07-01T17:41:12.660887Z  WARN herdr::raw_input: flushing lone escape after input timeout; if this follows an alt chord or focus switch it may reach the pane as plain esc bytes=[27]
2026-07-01T17:41:12.704842Z  WARN herdr::raw_input: flushing lone escape after input timeout; if this follows an alt chord or focus switch it may reach the pane as plain esc bytes=[27]
2026-07-01T17:41:12.753804Z  WARN herdr::raw_input: flushing lone escape after input timeout; if this follows an alt chord or focus switch it may reach the pane as plain esc bytes=[27]
2026-07-01T17:41:12.795394Z  WARN herdr::raw_input: flushing lone escape after input timeout; if this follows an alt chord or focus switch it may reach the pane as plain esc bytes=[27]
2026-07-01T17:41:12.837596Z  WARN herdr::raw_input: flushing lone escape after input timeout; if this follows an alt chord or focus switch it may reach the pane as plain esc bytes=[27]
2026-07-01T17:41:12.879331Z  WARN herdr::raw_input: flushing lone escape after input timeout; if this follows an alt chord or focus switch it may reach the pane as plain esc bytes=[27]
2026-07-01T17:41:12.922182Z  WARN herdr::raw_input: flushing lone escape after input timeout; if this follows an alt chord or focus switch it may reach the pane as plain esc bytes=[27]
2026-07-01T17:41:12.955707Z  WARN herdr::raw_input: flushing lone escape after input timeout; if this follows an alt chord or focus switch it may reach the pane as plain esc bytes=[27]
2026-07-01T17:41:12.995785Z  WARN herdr::raw_input: flushing lone escape after input timeout; if this follows an alt chord or focus switch it may reach the pane as plain esc bytes=[27]
2026-07-01T17:41:13.035954Z  WARN herdr::raw_input: flushing lone escape after input timeout; if this follows an alt chord or focus switch it may reach the pane as plain esc bytes=[27]
2026-07-01T17:41:13.076107Z  WARN herdr::raw_input: flushing lone escape after input timeout; if this follows an alt chord or focus switch it may reach the pane as plain esc bytes=[27]
2026-07-01T17:41:13.116284Z  WARN herdr::raw_input: flushing lone escape after input timeout; if this follows an alt chord or focus switch it may reach the pane as plain esc bytes=[27]
2026-07-01T17:41:13.158203Z  WARN herdr::raw_input: flushing lone escape after input timeout; if this follows an alt chord or focus switch it may reach the pane as plain esc bytes=[27]
2026-07-01T17:41:13.197495Z  WARN herdr::raw_input: flushing lone escape after input timeout; if this follows an alt chord or focus switch it may reach the pane as plain esc bytes=[27]
2026-07-01T17:41:13.237559Z  WARN herdr::raw_input: flushing lone escape after input timeout; if this follows an alt chord or focus switch it may reach the pane as plain esc bytes=[27]
2026-07-01T17:41:13.279466Z  WARN herdr::raw_input: flushing lone escape after input timeout; if this follows an alt chord or focus switch it may reach the pane as plain esc bytes=[27]
2026-07-01T17:41:13.319482Z  WARN herdr::raw_input: flushing lone escape after input timeout; if this follows an alt chord or focus switch it may reach the pane as plain esc bytes=[27]
2026-07-01T17:41:13.359905Z  WARN herdr::raw_input: flushing lone escape after input timeout; if this follows an alt chord or focus switch it may reach the pane as plain esc bytes=[27]
2026-07-01T17:41:13.401204Z  WARN herdr::raw_input: flushing lone escape after input timeout; if this follows an alt chord or focus switch it may reach the pane as plain esc bytes=[27]
2026-07-01T17:41:13.443692Z  WARN herdr::raw_input: flushing lone escape after input timeout; if this follows an alt chord or focus switch it may reach the pane as plain esc bytes=[27]
2026-07-01T17:41:13.483852Z  WARN herdr::raw_input: flushing lone escape after input timeout; if this follows an alt chord or focus switch it may reach the pane as plain esc bytes=[27]
2026-07-01T17:41:13.523941Z  WARN herdr::raw_input: flushing lone escape after input timeout; if this follows an alt chord or focus switch it may reach the pane as plain esc bytes=[27]
2026-07-01T17:41:13.565107Z  WARN herdr::raw_input: flushing lone escape after input timeout; if this follows an alt chord or focus switch it may reach the pane as plain esc bytes=[27]
2026-07-01T17:41:13.605231Z  WARN herdr::raw_input: flushing lone escape after input timeout; if this follows an alt chord or focus switch it may reach the pane as plain esc bytes=[27]
2026-07-01T17:41:13.645423Z  WARN herdr::raw_input: flushing lone escape after input timeout; if this follows an alt chord or focus switch it may reach the pane as plain esc bytes=[27]
2026-07-01T17:41:13.686176Z  WARN herdr::raw_input: flushing lone escape after input timeout; if this follows an alt chord or focus switch it may reach the pane as plain esc bytes=[27]
2026-07-01T17:41:13.726507Z  WARN herdr::raw_input: flushing lone escape after input timeout; if this follows an alt chord or focus switch it may reach the pane as plain esc bytes=[27]
2026-07-01T17:41:13.766741Z  WARN herdr::raw_input: flushing lone escape after input timeout; if this follows an alt chord or focus switch it may reach the pane as plain esc bytes=[27]
2026-07-01T17:41:13.806696Z  WARN herdr::raw_input: flushing lone escape after input timeout; if this follows an alt chord or focus switch it may reach the pane as plain esc bytes=[27]
2026-07-01T17:41:13.846792Z  WARN herdr::raw_input: flushing lone escape after input timeout; if this follows an alt chord or focus switch it may reach the pane as plain esc bytes=[27]
2026-07-01T17:41:13.887093Z  WARN herdr::raw_input: flushing lone escape after input timeout; if this follows an alt chord or focus switch it may reach the pane as plain esc bytes=[27]
2026-07-01T17:41:13.928349Z  WARN herdr::raw_input: flushing lone escape after input timeout; if this follows an alt chord or focus switch it may reach the pane as plain esc bytes=[27]
2026-07-01T17:41:13.968514Z  WARN herdr::raw_input: flushing lone escape after input timeout; if this follows an alt chord or focus switch it may reach the pane as plain esc bytes=[27]
2026-07-01T17:41:14.008919Z  WARN herdr::raw_input: flushing lone escape after input timeout; if this follows an alt chord or focus switch it may reach the pane as plain esc bytes=[27]
2026-07-01T17:41:14.049449Z  WARN herdr::raw_input: flushing lone escape after input timeout; if this follows an alt chord or focus switch it may reach the pane as plain esc bytes=[27]
2026-07-01T17:41:14.089088Z  WARN herdr::raw_input: flushing lone escape after input timeout; if this follows an alt chord or focus switch it may reach the pane as plain esc bytes=[27]
2026-07-01T17:41:14.129360Z  WARN herdr::raw_input: flushing lone escape after input timeout; if this follows an alt chord or focus switch it may reach the pane as plain esc bytes=[27]
2026-07-01T17:41:14.169472Z  WARN herdr::raw_input: flushing lone escape after input timeout; if this follows an alt chord or focus switch it may reach the pane as plain esc bytes=[27]
2026-07-01T17:41:14.210698Z  WARN herdr::raw_input: flushing lone escape after input timeout; if this follows an alt chord or focus switch it may reach the pane as plain esc bytes=[27]
2026-07-01T17:41:14.250772Z  WARN herdr::raw_input: flushing lone escape after input timeout; if this follows an alt chord or focus switch it may reach the pane as plain esc bytes=[27]
2026-07-01T17:41:14.290849Z  WARN herdr::raw_input: flushing lone escape after input timeout; if this follows an alt chord or focus switch it may reach the pane as plain esc bytes=[27]
2026-07-01T17:41:14.331042Z  WARN herdr::raw_input: flushing lone escape after input timeout; if this follows an alt chord or focus switch it may reach the pane as plain esc bytes=[27]
2026-07-01T17:41:14.371222Z  WARN herdr::raw_input: flushing lone escape after input timeout; if this follows an alt chord or focus switch it may reach the pane as plain esc bytes=[27]
2026-07-01T17:41:14.411500Z  WARN herdr::raw_input: flushing lone escape after input timeout; if this follows an alt chord or focus switch it may reach the pane as plain esc bytes=[27]
2026-07-01T17:41:14.454293Z  WARN herdr::raw_input: flushing lone escape after input timeout; if this follows an alt chord or focus switch it may reach the pane as plain esc bytes=[27]
2026-07-01T17:41:14.494390Z  WARN herdr::raw_input: flushing lone escape after input timeout; if this follows an alt chord or focus switch it may reach the pane as plain esc bytes=[27]
2026-07-01T17:41:14.534431Z  WARN herdr::raw_input: flushing lone escape after input timeout; if this follows an alt chord or focus switch it may reach the pane as plain esc bytes=[27]
2026-07-01T17:41:14.574713Z  WARN herdr::raw_input: flushing lone escape after input timeout; if this follows an alt chord or focus switch it may reach the pane as plain esc bytes=[27]
2026-07-01T17:41:14.777059Z  WARN herdr::raw_input: flushing lone escape after input timeout; if this follows an alt chord or focus switch it may reach the pane as plain esc bytes=[27]
2026-07-01T17:41:14.817235Z  WARN herdr::raw_input: flushing lone escape after input timeout; if this follows an alt chord or focus switch it may reach the pane as plain esc bytes=[27]
2026-07-01T17:41:14.857298Z  WARN herdr::raw_input: flushing lone escape after input timeout; if this follows an alt chord or focus switch it may reach the pane as plain esc bytes=[27]
2026-07-01T17:41:14.946108Z  WARN herdr::raw_input: flushing lone escape after input timeout; if this follows an alt chord or focus switch it may reach the pane as plain esc bytes=[27]
2026-07-01T17:41:15.026280Z  WARN herdr::raw_input: flushing lone escape after input timeout; if this follows an alt chord or focus switch it may reach the pane as plain esc bytes=[27]
2026-07-01T17:41:15.066796Z  WARN herdr::raw_input: flushing lone escape after input timeout; if this follows an alt chord or focus switch it may reach the pane as plain esc bytes=[27]
2026-07-01T17:41:15.106516Z  WARN herdr::raw_input: flushing lone escape after input timeout; if this follows an alt chord or focus switch it may reach the pane as plain esc bytes=[27]
2026-07-01T17:41:15.146591Z  WARN herdr::raw_input: flushing lone escape after input timeout; if this follows an alt chord or focus switch it may reach the pane as plain esc bytes=[27]
2026-07-01T17:41:15.186714Z  WARN herdr::raw_input: flushing lone escape after input timeout; if this follows an alt chord or focus switch it may reach the pane as plain esc bytes=[27]
2026-07-01T17:41:15.227218Z  WARN herdr::raw_input: flushing lone escape after input timeout; if this follows an alt chord or focus switch it may reach the pane as plain esc bytes=[27]
2026-07-01T17:41:15.267622Z  WARN herdr::raw_input: flushing lone escape after input timeout; if this follows an alt chord or focus switch it may reach the pane as plain esc bytes=[27]
2026-07-01T17:41:15.307434Z  WARN herdr::raw_input: flushing lone escape after input timeout; if this follows an alt chord or focus switch it may reach the pane as plain esc bytes=[27]
2026-07-01T17:41:15.347540Z  WARN herdr::raw_input: flushing lone escape after input timeout; if this follows an alt chord or focus switch it may reach the pane as plain esc bytes=[27]
2026-07-01T17:41:15.387650Z  WARN herdr::raw_input: flushing lone escape after input timeout; if this follows an alt chord or focus switch it may reach the pane as plain esc bytes=[27]
2026-07-01T17:41:15.429353Z  WARN herdr::raw_input: flushing lone escape after input timeout; if this follows an alt chord or focus switch it may reach the pane as plain esc bytes=[27]
2026-07-01T17:41:15.468275Z  WARN herdr::raw_input: flushing lone escape after input timeout; if this follows an alt chord or focus switch it may reach the pane as plain esc bytes=[27]
2026-07-01T17:41:15.508300Z  WARN herdr::raw_input: flushing lone escape after input timeout; if this follows an alt chord or focus switch it may reach the pane as plain esc bytes=[27]
2026-07-01T17:41:15.548375Z  WARN herdr::raw_input: flushing lone escape after input timeout; if this follows an alt chord or focus switch it may reach the pane as plain esc bytes=[27]
2026-07-01T17:41:15.590108Z  WARN herdr::raw_input: flushing lone escape after input timeout; if this follows an alt chord or focus switch it may reach the pane as plain esc bytes=[27]
2026-07-01T17:41:15.628992Z  WARN herdr::raw_input: flushing lone escape after input timeout; if this follows an alt chord or focus switch it may reach the pane as plain esc bytes=[27]
2026-07-01T17:41:15.669053Z  WARN herdr::raw_input: flushing lone escape after input timeout; if this follows an alt chord or focus switch it may reach the pane as plain esc bytes=[27]
2026-07-01T17:41:15.712793Z  WARN herdr::raw_input: flushing lone escape after input timeout; if this follows an alt chord or focus switch it may reach the pane as plain esc bytes=[27]
2026-07-01T17:41:15.749277Z  WARN herdr::raw_input: flushing lone escape after input timeout; if this follows an alt chord or focus switch it may reach the pane as plain esc bytes=[27]
2026-07-01T17:41:15.789485Z  WARN herdr::raw_input: flushing lone escape after input timeout; if this follows an alt chord or focus switch it may reach the pane as plain esc bytes=[27]
2026-07-01T17:41:15.829580Z  WARN herdr::raw_input: flushing lone escape after input timeout; if this follows an alt chord or focus switch it may reach the pane as plain esc bytes=[27]
2026-07-01T17:41:15.869728Z  WARN herdr::raw_input: flushing lone escape after input timeout; if this follows an alt chord or focus switch it may reach the pane as plain esc bytes=[27]
2026-07-01T17:41:15.909877Z  WARN herdr::raw_input: flushing lone escape after input timeout; if this follows an alt chord or focus switch it may reach the pane as plain esc bytes=[27]
2026-07-01T17:41:15.950221Z  WARN herdr::raw_input: flushing lone escape after input timeout; if this follows an alt chord or focus switch it may reach the pane as plain esc bytes=[27]
2026-07-01T17:41:15.990123Z  WARN herdr::raw_input: flushing lone escape after input timeout; if this follows an alt chord or focus switch it may reach the pane as plain esc bytes=[27]
2026-07-01T17:41:16.030836Z  WARN herdr::raw_input: flushing lone escape after input timeout; if this follows an alt chord or focus switch it may reach the pane as plain esc bytes=[27]
2026-07-01T17:41:16.070946Z  WARN herdr::raw_input: flushing lone escape after input timeout; if this follows an alt chord or focus switch it may reach the pane as plain esc bytes=[27]
2026-07-01T17:41:16.111357Z  WARN herdr::raw_input: flushing lone escape after input timeout; if this follows an alt chord or focus switch it may reach the pane as plain esc bytes=[27]
2026-07-01T17:41:16.151446Z  WARN herdr::raw_input: flushing lone escape after input timeout; if this follows an alt chord or focus switch it may reach the pane as plain esc bytes=[27]
2026-07-01T17:41:16.191591Z  WARN herdr::raw_input: flushing lone escape after input timeout; if this follows an alt chord or focus switch it may reach the pane as plain esc bytes=[27]
2026-07-01T17:41:16.231782Z  WARN herdr::raw_input: flushing lone escape after input timeout; if this follows an alt chord or focus switch it may reach the pane as plain esc bytes=[27]
2026-07-01T17:41:16.271707Z  WARN herdr::raw_input: flushing lone escape after input timeout; if this follows an alt chord or focus switch it may reach the pane as plain esc bytes=[27]
2026-07-01T17:41:16.312038Z  WARN herdr::raw_input: flushing lone escape after input timeout; if this follows an alt chord or focus switch it may reach the pane as plain esc bytes=[27]
2026-07-01T17:41:16.352309Z  WARN herdr::raw_input: flushing lone escape after input timeout; if this follows an alt chord or focus switch it may reach the pane as plain esc bytes=[27]
2026-07-01T17:41:16.392208Z  WARN herdr::raw_input: flushing lone escape after input timeout; if this follows an alt chord or focus switch it may reach the pane as plain esc bytes=[27]
                                                                                                                                                                                                                                                                                                                                                                                                                                                                                                                                                                                                                                                                                                                                                                                                                                                                                                                                                                                                                                                                                                                                                                                                                                                                                      2026-07-01T17:46:00.101829Z  INFO herdr::api::server: api server listening path=/home/aoeu/.config/herdr/herdr.sock
2026-07-01T17:46:00.112413Z  INFO herdr::logging: spawning pane terminal event="pane.spawn.start" subsystem="pane" outcome="started" pane_id=1 rows=24 cols=80 scrollback_limit_bytes=10000000
2026-07-01T17:46:00.120912Z  INFO herdr::logging: pane child spawned event="pane.spawned" subsystem="pane" outcome="ok" pane_id=1 pid=1179
2026-07-01T17:46:00.123618Z  INFO herdr::logging: spawning pane terminal event="pane.spawn.start" subsystem="pane" outcome="started" pane_id=2 rows=24 cols=80 scrollback_limit_bytes=10000000
2026-07-01T17:46:00.124391Z  INFO herdr::logging: pane child spawned event="pane.spawned" subsystem="pane" outcome="ok" pane_id=2 pid=1183
2026-07-01T17:46:00.125871Z  INFO herdr::logging: session restore evaluated event="persist.restore" subsystem="persist" outcome="ok" workspaces=1
2026-07-01T17:46:00.126243Z  INFO herdr::app: using pane scrollback configuration pane_scrollback_limit_bytes=10000000
2026-07-01T17:46:00.216613Z  INFO herdr::logging: checking for updates event="update.check.start" subsystem="update" outcome="started"
2026-07-01T17:46:00.216642Z  INFO herdr::server::headless: restored session already has workspaces; ignoring startup cwd cwd=/home/aoeu
2026-07-01T17:46:00.217059Z  INFO herdr::server::headless: client protocol socket listening path=/home/aoeu/.config/herdr/herdr-client.sock
2026-07-01T17:46:00.217141Z  INFO herdr::server::headless: herdr server started api_socket=/home/aoeu/.config/herdr/herdr.sock client_socket=/home/aoeu/.config/herdr/herdr-client.sock
2026-07-01T17:46:00.217178Z  INFO herdr::logging: herdr starting event="app.startup" subsystem="server" outcome="started" pid=1170
2026-07-01T17:46:00.264519Z  INFO herdr::server::headless: client connected client_id=2 cols=189 rows=47 cell_width_px=0 cell_height_px=0 render_encoding=SemanticFrame
2026-07-01T17:46:00.288201Z  INFO herdr::logging: spawning pane terminal event="pane.spawn.start" subsystem="pane" outcome="started" pane_id=3 rows=46 cols=163 scrollback_limit_bytes=10000000
2026-07-01T17:46:00.289281Z  INFO herdr::logging: pane child spawned event="pane.spawned" subsystem="pane" outcome="ok" pane_id=3 pid=1254
2026-07-01T17:46:00.289535Z  INFO herdr::logging: spawning pane terminal event="pane.spawn.start" subsystem="pane" outcome="started" pane_id=4 rows=46 cols=162 scrollback_limit_bytes=10000000
2026-07-01T17:46:00.291003Z  INFO herdr::logging: pane child spawned event="pane.spawned" subsystem="pane" outcome="ok" pane_id=4 pid=1257
2026-07-01T17:46:03.235055Z  WARN herdr::detect::manifest_update: agent detection manifest update failed: failed to fetch https://herdr.dev/agent-detection/index.toml
2026-07-01T17:46:05.297491Z  INFO herdr::logging: session saved event="persist.save" subsystem="persist" outcome="ok" path=/home/aoeu/.config/herdr/session.json workspaces=1
2026-07-01T17:46:07.233728Z  WARN herdr::logging: update check failed event="update.check.complete" subsystem="update" outcome="error" err="failed to fetch update manifest"
2026-07-01T17:46:18.286207Z  INFO herdr::server::headless: client disconnected client_id=2
2026-07-01T17:46:18.346815Z  INFO herdr::logging: pane child exited event="pane.exit" subsystem="pane" outcome="completed" pane_id=3 status="ExitStatus { code: 0, signal: None }"
2026-07-01T17:46:18.346928Z  INFO herdr::pane: pane session terminated pane=3 pid=1254 signal=Hangup
2026-07-01T17:46:23.349649Z  INFO herdr::logging: session saved event="persist.save" subsystem="persist" outcome="ok" path=/home/aoeu/.config/herdr/session.json workspaces=1
2026-07-01T17:46:23.599469Z  INFO herdr::server::headless: client connected client_id=4 cols=189 rows=47 cell_width_px=0 cell_height_px=0 render_encoding=SemanticFrame
2026-07-01T17:46:25.581266Z  INFO herdr::logging: tab focused event="tab.focus" subsystem="tab" outcome="ok" workspace_id="w6" tab_id="w6:t9"
2026-07-01T17:46:29.772420Z  INFO herdr::logging: tab focused event="tab.focus" subsystem="tab" outcome="ok" workspace_id="w6" tab_id="w6:t1"
2026-07-01T17:46:33.126380Z  INFO herdr::server::headless: client disconnected client_id=4
2026-07-01T17:46:34.774560Z  INFO herdr::logging: session saved event="persist.save" subsystem="persist" outcome="ok" path=/home/aoeu/.config/herdr/session.json workspaces=1
2026-07-01T17:46:36.782780Z  INFO herdr::server::headless: client connected client_id=6 cols=189 rows=47 cell_width_px=0 cell_height_px=0 render_encoding=SemanticFrame
2026-07-01T17:46:39.227657Z  INFO herdr::logging: workspace focused event="workspace.focus" subsystem="workspace" outcome="ok" workspace_id="w6"
2026-07-01T17:46:39.227709Z  INFO herdr::logging: tab focused event="tab.focus" subsystem="tab" outcome="ok" workspace_id="w6" tab_id="w6:t1"
2026-07-01T17:46:41.016842Z  INFO herdr::logging: tab focused event="tab.focus" subsystem="tab" outcome="ok" workspace_id="w6" tab_id="w6:t9"
2026-07-01T17:46:51.452997Z  INFO herdr::app::actions: copied selection to clipboard
2026-07-01T17:46:52.765409Z  INFO herdr::logging: session saved event="persist.save" subsystem="persist" outcome="ok" path=/home/aoeu/.config/herdr/session.json workspaces=1
2026-07-01T17:46:54.607292Z  INFO herdr::pane: agent changed pane=4 previous_agent=None agent=Some(OpenCode) process=opencode pgid=Some(2201)
2026-07-01T17:47:08.916883Z  WARN herdr::raw_input: flushing lone escape after input timeout; if this follows an alt chord or focus switch it may reach the pane as plain esc bytes=[27]
2026-07-01T17:47:09.117403Z  WARN herdr::raw_input: flushing lone escape after input timeout; if this follows an alt chord or focus switch it may reach the pane as plain esc bytes=[27]
2026-07-01T17:47:09.261711Z  WARN herdr::raw_input: flushing lone escape after input timeout; if this follows an alt chord or focus switch it may reach the pane as plain esc bytes=[27]
2026-07-01T17:47:09.399485Z  WARN herdr::raw_input: flushing lone escape after input timeout; if this follows an alt chord or focus switch it may reach the pane as plain esc bytes=[27]
2026-07-01T17:47:09.822567Z  WARN herdr::raw_input: flushing lone escape after input timeout; if this follows an alt chord or focus switch it may reach the pane as plain esc bytes=[27]
2026-07-01T17:47:09.989388Z  WARN herdr::raw_input: flushing lone escape after input timeout; if this follows an alt chord or focus switch it may reach the pane as plain esc bytes=[27]
2026-07-01T17:47:10.159985Z  WARN herdr::raw_input: flushing lone escape after input timeout; if this follows an alt chord or focus switch it may reach the pane as plain esc bytes=[27]
2026-07-01T17:47:10.294695Z  WARN herdr::raw_input: flushing lone escape after input timeout; if this follows an alt chord or focus switch it may reach the pane as plain esc bytes=[27]
2026-07-01T17:47:10.457022Z  WARN herdr::raw_input: flushing lone escape after input timeout; if this follows an alt chord or focus switch it may reach the pane as plain esc bytes=[27]
2026-07-01T17:47:10.787306Z  WARN herdr::raw_input: flushing lone escape after input timeout; if this follows an alt chord or focus switch it may reach the pane as plain esc bytes=[27]
2026-07-01T17:47:10.967725Z  WARN herdr::raw_input: flushing lone escape after input timeout; if this follows an alt chord or focus switch it may reach the pane as plain esc bytes=[27]
2026-07-01T17:47:13.465273Z  WARN herdr::raw_input: flushing lone escape after input timeout; if this follows an alt chord or focus switch it may reach the pane as plain esc bytes=[27]
2026-07-01T17:47:13.657606Z  WARN herdr::raw_input: flushing lone escape after input timeout; if this follows an alt chord or focus switch it may reach the pane as plain esc bytes=[27]
2026-07-01T17:47:13.864892Z  WARN herdr::raw_input: flushing lone escape after input timeout; if this follows an alt chord or focus switch it may reach the pane as plain esc bytes=[27]
2026-07-01T17:47:14.056117Z  WARN herdr::raw_input: flushing lone escape after input timeout; if this follows an alt chord or focus switch it may reach the pane as plain esc bytes=[27]
2026-07-01T17:47:14.226722Z  WARN herdr::raw_input: flushing lone escape after input timeout; if this follows an alt chord or focus switch it may reach the pane as plain esc bytes=[27]
2026-07-01T17:47:14.401636Z  WARN herdr::raw_input: flushing lone escape after input timeout; if this follows an alt chord or focus switch it may reach the pane as plain esc bytes=[27]
2026-07-01T17:47:14.582972Z  WARN herdr::raw_input: flushing lone escape after input timeout; if this follows an alt chord or focus switch it may reach the pane as plain esc bytes=[27]
2026-07-01T17:47:14.748171Z  WARN herdr::raw_input: flushing lone escape after input timeout; if this follows an alt chord or focus switch it may reach the pane as plain esc bytes=[27]
2026-07-01T17:47:21.361092Z  WARN herdr::raw_input: flushing lone escape after input timeout; if this follows an alt chord or focus switch it may reach the pane as plain esc bytes=[27]
2026-07-01T17:47:21.556917Z  WARN herdr::raw_input: flushing lone escape after input timeout; if this follows an alt chord or focus switch it may reach the pane as plain esc bytes=[27]
2026-07-01T17:47:21.706669Z  WARN herdr::raw_input: flushing lone escape after input timeout; if this follows an alt chord or focus switch it may reach the pane as plain esc bytes=[27]
2026-07-01T17:47:21.856283Z  WARN herdr::raw_input: flushing lone escape after input timeout; if this follows an alt chord or focus switch it may reach the pane as plain esc bytes=[27]
2026-07-01T17:47:22.014538Z  WARN herdr::raw_input: flushing lone escape after input timeout; if this follows an alt chord or focus switch it may reach the pane as plain esc bytes=[27]
2026-07-01T17:47:22.168131Z  WARN herdr::raw_input: flushing lone escape after input timeout; if this follows an alt chord or focus switch it may reach the pane as plain esc bytes=[27]
2026-07-01T17:47:23.732061Z  INFO herdr::server::headless: client resize client_id=6 cols=93 rows=47 cell_width_px=0 cell_height_px=0
2026-07-01T17:47:25.934086Z  INFO herdr::server::headless: client resize client_id=6 cols=189 rows=47 cell_width_px=0 cell_height_px=0
2026-07-01T17:47:51.267096Z  INFO herdr::pane: agent changed pane=4 previous_agent=None agent=Some(OpenCode) process=opencode pgid=Some(2201)
2026-07-01T17:48:01.209461Z  WARN herdr::raw_input: flushing lone escape after input timeout; if this follows an alt chord or focus switch it may reach the pane as plain esc bytes=[27]
2026-07-01T17:48:01.420506Z  WARN herdr::raw_input: flushing lone escape after input timeout; if this follows an alt chord or focus switch it may reach the pane as plain esc bytes=[27]
2026-07-01T17:48:01.585556Z  WARN herdr::raw_input: flushing lone escape after input timeout; if this follows an alt chord or focus switch it may reach the pane as plain esc bytes=[27]
2026-07-01T17:48:01.748294Z  WARN herdr::raw_input: flushing lone escape after input timeout; if this follows an alt chord or focus switch it may reach the pane as plain esc bytes=[27]
2026-07-01T17:48:02.751715Z  WARN herdr::raw_input: flushing lone escape after input timeout; if this follows an alt chord or focus switch it may reach the pane as plain esc bytes=[27]
2026-07-01T17:48:02.994261Z  WARN herdr::raw_input: flushing lone escape after input timeout; if this follows an alt chord or focus switch it may reach the pane as plain esc bytes=[27]
2026-07-01T17:48:03.189016Z  WARN herdr::raw_input: flushing lone escape after input timeout; if this follows an alt chord or focus switch it may reach the pane as plain esc bytes=[27]
2026-07-01T17:48:13.673835Z  WARN herdr::raw_input: flushing lone escape after input timeout; if this follows an alt chord or focus switch it may reach the pane as plain esc bytes=[27]
2026-07-01T17:48:14.031916Z  WARN herdr::raw_input: flushing lone escape after input timeout; if this follows an alt chord or focus switch it may reach the pane as plain esc bytes=[27]
2026-07-01T17:48:14.199739Z  WARN herdr::raw_input: flushing lone escape after input timeout; if this follows an alt chord or focus switch it may reach the pane as plain esc bytes=[27]
2026-07-01T17:48:14.368499Z  WARN herdr::raw_input: flushing lone escape after input timeout; if this follows an alt chord or focus switch it may reach the pane as plain esc bytes=[27]
2026-07-01T17:48:14.511310Z  WARN herdr::raw_input: flushing lone escape after input timeout; if this follows an alt chord or focus switch it may reach the pane as plain esc bytes=[27]
2026-07-01T17:48:14.675241Z  WARN herdr::raw_input: flushing lone escape after input timeout; if this follows an alt chord or focus switch it may reach the pane as plain esc bytes=[27]
2026-07-01T17:48:14.826448Z  WARN herdr::raw_input: flushing lone escape after input timeout; if this follows an alt chord or focus switch it may reach the pane as plain esc bytes=[27]
2026-07-01T17:48:14.979169Z  WARN herdr::raw_input: flushing lone escape after input timeout; if this follows an alt chord or focus switch it may reach the pane as plain esc bytes=[27]
2026-07-01T17:48:15.136089Z  WARN herdr::raw_input: flushing lone escape after input timeout; if this follows an alt chord or focus switch it may reach the pane as plain esc bytes=[27]
2026-07-01T17:48:56.124364Z  WARN herdr::raw_input: flushing lone escape after input timeout; if this follows an alt chord or focus switch it may reach the pane as plain esc bytes=[27]
2026-07-01T17:48:56.676569Z  WARN herdr::raw_input: flushing lone escape after input timeout; if this follows an alt chord or focus switch it may reach the pane as plain esc bytes=[27]
2026-07-01T17:48:56.838553Z  WARN herdr::raw_input: flushing lone escape after input timeout; if this follows an alt chord or focus switch it may reach the pane as plain esc bytes=[27]
2026-07-01T17:48:56.965237Z  WARN herdr::raw_input: flushing lone escape after input timeout; if this follows an alt chord or focus switch it may reach the pane as plain esc bytes=[27]
2026-07-01T17:48:57.112140Z  WARN herdr::raw_input: flushing lone escape after input timeout; if this follows an alt chord or focus switch it may reach the pane as plain esc bytes=[27]
2026-07-01T17:48:59.371452Z  INFO herdr::pane: agent changed pane=4 previous_agent=Some(OpenCode) agent=None pgid=Some(3832)
2026-07-01T17:49:00.387979Z  INFO herdr::pane: agent changed pane=4 previous_agent=None agent=Some(OpenCode) process=opencode pgid=Some(3884)
2026-07-01T17:49:04.067028Z  INFO herdr::logging: session saved event="persist.save" subsystem="persist" outcome="ok" path=/home/aoeu/.config/herdr/session.json workspaces=1
2026-07-01T17:49:08.705142Z  WARN herdr::raw_input: flushing lone escape after input timeout; if this follows an alt chord or focus switch it may reach the pane as plain esc bytes=[27]
2026-07-01T17:49:08.851060Z  WARN herdr::raw_input: flushing lone escape after input timeout; if this follows an alt chord or focus switch it may reach the pane as plain esc bytes=[27]
2026-07-01T17:49:09.451635Z  WARN herdr::raw_input: flushing lone escape after input timeout; if this follows an alt chord or focus switch it may reach the pane as plain esc bytes=[27]
2026-07-01T17:49:09.491711Z  WARN herdr::raw_input: flushing lone escape after input timeout; if this follows an alt chord or focus switch it may reach the pane as plain esc bytes=[27]
2026-07-01T17:49:09.531749Z  WARN herdr::raw_input: flushing lone escape after input timeout; if this follows an alt chord or focus switch it may reach the pane as plain esc bytes=[27]
2026-07-01T17:49:09.572271Z  WARN herdr::raw_input: flushing lone escape after input timeout; if this follows an alt chord or focus switch it may reach the pane as plain esc bytes=[27]
2026-07-01T17:49:09.612064Z  WARN herdr::raw_input: flushing lone escape after input timeout; if this follows an alt chord or focus switch it may reach the pane as plain esc bytes=[27]
2026-07-01T17:49:09.652154Z  WARN herdr::raw_input: flushing lone escape after input timeout; if this follows an alt chord or focus switch it may reach the pane as plain esc bytes=[27]
2026-07-01T17:49:09.692805Z  WARN herdr::raw_input: flushing lone escape after input timeout; if this follows an alt chord or focus switch it may reach the pane as plain esc bytes=[27]
2026-07-01T17:49:09.732528Z  WARN herdr::raw_input: flushing lone escape after input timeout; if this follows an alt chord or focus switch it may reach the pane as plain esc bytes=[27]
2026-07-01T17:49:09.772633Z  WARN herdr::raw_input: flushing lone escape after input timeout; if this follows an alt chord or focus switch it may reach the pane as plain esc bytes=[27]
2026-07-01T17:49:09.812754Z  WARN herdr::raw_input: flushing lone escape after input timeout; if this follows an alt chord or focus switch it may reach the pane as plain esc bytes=[27]
2026-07-01T17:49:09.852926Z  WARN herdr::raw_input: flushing lone escape after input timeout; if this follows an alt chord or focus switch it may reach the pane as plain esc bytes=[27]
2026-07-01T17:49:09.957972Z  WARN herdr::raw_input: flushing lone escape after input timeout; if this follows an alt chord or focus switch it may reach the pane as plain esc bytes=[27]
2026-07-01T17:49:10.118642Z  WARN herdr::raw_input: flushing lone escape after input timeout; if this follows an alt chord or focus switch it may reach the pane as plain esc bytes=[27]
2026-07-01T17:49:10.277565Z  WARN herdr::raw_input: flushing lone escape after input timeout; if this follows an alt chord or focus switch it may reach the pane as plain esc bytes=[27]
2026-07-01T17:49:10.427987Z  WARN herdr::raw_input: flushing lone escape after input timeout; if this follows an alt chord or focus switch it may reach the pane as plain esc bytes=[27]
2026-07-01T17:49:10.579327Z  WARN herdr::raw_input: flushing lone escape after input timeout; if this follows an alt chord or focus switch it may reach the pane as plain esc bytes=[27]
2026-07-01T17:49:10.706969Z  WARN herdr::raw_input: flushing lone escape after input timeout; if this follows an alt chord or focus switch it may reach the pane as plain esc bytes=[27]
2026-07-01T17:49:11.877274Z  INFO herdr::logging: session saved event="persist.save" subsystem="persist" outcome="ok" path=/home/aoeu/.config/herdr/session.json workspaces=1
2026-07-01T17:49:19.000417Z  WARN herdr::raw_input: flushing lone escape after input timeout; if this follows an alt chord or focus switch it may reach the pane as plain esc bytes=[27]
2026-07-01T17:49:19.211286Z  WARN herdr::raw_input: flushing lone escape after input timeout; if this follows an alt chord or focus switch it may reach the pane as plain esc bytes=[27]
2026-07-01T17:49:19.337834Z  WARN herdr::raw_input: flushing lone escape after input timeout; if this follows an alt chord or focus switch it may reach the pane as plain esc bytes=[27]
2026-07-01T17:49:19.495837Z  WARN herdr::raw_input: flushing lone escape after input timeout; if this follows an alt chord or focus switch it may reach the pane as plain esc bytes=[27]
2026-07-01T17:49:19.654427Z  WARN herdr::raw_input: flushing lone escape after input timeout; if this follows an alt chord or focus switch it may reach the pane as plain esc bytes=[27]
2026-07-01T17:49:19.825159Z  WARN herdr::raw_input: flushing lone escape after input timeout; if this follows an alt chord or focus switch it may reach the pane as plain esc bytes=[27]
2026-07-01T17:49:19.998624Z  WARN herdr::raw_input: flushing lone escape after input timeout; if this follows an alt chord or focus switch it may reach the pane as plain esc bytes=[27]
2026-07-01T17:49:20.151853Z  WARN herdr::raw_input: flushing lone escape after input timeout; if this follows an alt chord or focus switch it may reach the pane as plain esc bytes=[27]
2026-07-01T17:49:20.299681Z  WARN herdr::raw_input: flushing lone escape after input timeout; if this follows an alt chord or focus switch it may reach the pane as plain esc bytes=[27]
2026-07-01T17:49:20.450941Z  WARN herdr::raw_input: flushing lone escape after input timeout; if this follows an alt chord or focus switch it may reach the pane as plain esc bytes=[27]
2026-07-01T17:49:20.608348Z  WARN herdr::raw_input: flushing lone escape after input timeout; if this follows an alt chord or focus switch it may reach the pane as plain esc bytes=[27]
2026-07-01T17:49:20.812025Z  WARN herdr::raw_input: flushing lone escape after input timeout; if this follows an alt chord or focus switch it may reach the pane as plain esc bytes=[27]
2026-07-01T17:49:20.956037Z  WARN herdr::raw_input: flushing lone escape after input timeout; if this follows an alt chord or focus switch it may reach the pane as plain esc bytes=[27]
2026-07-01T17:49:21.096887Z  WARN herdr::raw_input: flushing lone escape after input timeout; if this follows an alt chord or focus switch it may reach the pane as plain esc bytes=[27]
2026-07-01T17:49:21.267631Z  WARN herdr::raw_input: flushing lone escape after input timeout; if this follows an alt chord or focus switch it may reach the pane as plain esc bytes=[27]
2026-07-01T17:49:21.423434Z  WARN herdr::raw_input: flushing lone escape after input timeout; if this follows an alt chord or focus switch it may reach the pane as plain esc bytes=[27]
2026-07-01T17:49:21.569390Z  WARN herdr::raw_input: flushing lone escape after input timeout; if this follows an alt chord or focus switch it may reach the pane as plain esc bytes=[27]
2026-07-01T17:49:21.731471Z  WARN herdr::raw_input: flushing lone escape after input timeout; if this follows an alt chord or focus switch it may reach the pane as plain esc bytes=[27]
2026-07-01T17:49:21.871013Z  WARN herdr::raw_input: flushing lone escape after input timeout; if this follows an alt chord or focus switch it may reach the pane as plain esc bytes=[27]
2026-07-01T17:49:22.031042Z  WARN herdr::raw_input: flushing lone escape after input timeout; if this follows an alt chord or focus switch it may reach the pane as plain esc bytes=[27]
2026-07-01T17:49:22.182475Z  WARN herdr::raw_input: flushing lone escape after input timeout; if this follows an alt chord or focus switch it may reach the pane as plain esc bytes=[27]
2026-07-01T17:49:22.329572Z  WARN herdr::raw_input: flushing lone escape after input timeout; if this follows an alt chord or focus switch it may reach the pane as plain esc bytes=[27]
2026-07-01T17:49:22.480782Z  WARN herdr::raw_input: flushing lone escape after input timeout; if this follows an alt chord or focus switch it may reach the pane as plain esc bytes=[27]
2026-07-01T17:49:22.626047Z  WARN herdr::raw_input: flushing lone escape after input timeout; if this follows an alt chord or focus switch it may reach the pane as plain esc bytes=[27]
2026-07-01T17:49:22.768446Z  WARN herdr::raw_input: flushing lone escape after input timeout; if this follows an alt chord or focus switch it may reach the pane as plain esc bytes=[27]
2026-07-01T17:49:22.912614Z  WARN herdr::raw_input: flushing lone escape after input timeout; if this follows an alt chord or focus switch it may reach the pane as plain esc bytes=[27]
2026-07-01T17:49:23.073619Z  WARN herdr::raw_input: flushing lone escape after input timeout; if this follows an alt chord or focus switch it may reach the pane as plain esc bytes=[27]
2026-07-01T17:49:23.387786Z  WARN herdr::raw_input: flushing lone escape after input timeout; if this follows an alt chord or focus switch it may reach the pane as plain esc bytes=[27]
2026-07-01T17:49:30.381408Z  INFO herdr::pane: agent changed pane=4 previous_agent=Some(OpenCode) agent=None pgid=Some(1257)
2026-07-01T17:49:34.940443Z  INFO herdr::pane: agent changed pane=4 previous_agent=None agent=Some(OpenCode) process=opencode pgid=Some(4390)
2026-07-01T17:49:35.075094Z  INFO herdr::logging: session saved event="persist.save" subsystem="persist" outcome="ok" path=/home/aoeu/.config/herdr/session.json workspaces=1
2026-07-01T17:49:41.912096Z  INFO herdr::pane: agent changed pane=4 previous_agent=Some(OpenCode) agent=None pgid=Some(1257)
2026-07-01T17:49:45.972102Z  INFO herdr::pane: agent changed pane=4 previous_agent=None agent=Some(OpenCode) process=opencode pgid=Some(4612)
2026-07-01T17:50:03.446642Z  INFO herdr::pane: agent changed pane=4 previous_agent=None agent=Some(OpenCode) process=opencode pgid=Some(4612)
2026-07-01T17:50:08.449915Z  INFO herdr::logging: session saved event="persist.save" subsystem="persist" outcome="ok" path=/home/aoeu/.config/herdr/session.json workspaces=1
2026-07-01T17:50:09.616095Z  WARN herdr::raw_input: flushing lone escape after input timeout; if this follows an alt chord or focus switch it may reach the pane as plain esc bytes=[27]
2026-07-01T17:50:09.821311Z  WARN herdr::raw_input: flushing lone escape after input timeout; if this follows an alt chord or focus switch it may reach the pane as plain esc bytes=[27]
2026-07-01T17:50:09.992089Z  WARN herdr::raw_input: flushing lone escape after input timeout; if this follows an alt chord or focus switch it may reach the pane as plain esc bytes=[27]
2026-07-01T17:50:10.131209Z  WARN herdr::raw_input: flushing lone escape after input timeout; if this follows an alt chord or focus switch it may reach the pane as plain esc bytes=[27]
2026-07-01T17:50:10.274800Z  WARN herdr::raw_input: flushing lone escape after input timeout; if this follows an alt chord or focus switch it may reach the pane as plain esc bytes=[27]
2026-07-01T17:50:10.421565Z  WARN herdr::raw_input: flushing lone escape after input timeout; if this follows an alt chord or focus switch it may reach the pane as plain esc bytes=[27]
2026-07-01T17:50:18.227892Z  INFO herdr::pane: agent changed pane=4 previous_agent=Some(OpenCode) agent=None pgid=Some(1257)
2026-07-01T17:50:22.926114Z  INFO herdr::logging: session saved event="persist.save" subsystem="persist" outcome="ok" path=/home/aoeu/.config/herdr/session.json workspaces=1
2026-07-01T17:50:32.331508Z  INFO herdr::logging: session saved event="persist.save" subsystem="persist" outcome="ok" path=/home/aoeu/.config/herdr/session.json workspaces=1
2026-07-01T17:51:20.330466Z  INFO herdr::pane: agent changed pane=4 previous_agent=None agent=Some(OpenCode) process=opencode pgid=Some(5997)
2026-07-01T17:51:31.661571Z  INFO herdr::pane: agent changed pane=4 previous_agent=None agent=Some(OpenCode) process=opencode pgid=Some(5997)
2026-07-01T17:51:36.630228Z  INFO herdr::logging: session saved event="persist.save" subsystem="persist" outcome="ok" path=/home/aoeu/.config/herdr/session.json workspaces=1
2026-07-01T17:55:23.813461Z  INFO herdr::logging: tab focused event="tab.focus" subsystem="tab" outcome="ok" workspace_id="w6" tab_id="w6:t1"
2026-07-01T17:55:28.817118Z  INFO herdr::logging: session saved event="persist.save" subsystem="persist" outcome="ok" path=/home/aoeu/.config/herdr/session.json workspaces=1
2026-07-01T17:55:35.387445Z  INFO herdr::pane: agent changed pane=1 previous_agent=None agent=Some(OpenCode) process=opencode pgid=Some(8808)
2026-07-01T17:55:48.077378Z  INFO herdr::pane: agent changed pane=1 previous_agent=Some(OpenCode) agent=None pgid=Some(1179)
2026-07-01T17:55:52.626407Z  INFO herdr::pane: agent changed pane=1 previous_agent=None agent=Some(OpenCode) process=opencode pgid=Some(9135)
2026-07-01T17:55:59.489463Z  WARN herdr::raw_input: flushing lone escape after input timeout; if this follows an alt chord or focus switch it may reach the pane as plain esc bytes=[27]
2026-07-01T17:56:01.463391Z  INFO herdr::logging: tab focused event="tab.focus" subsystem="tab" outcome="ok" workspace_id="w6" tab_id="w6:t2"
2026-07-01T17:56:02.335514Z  INFO herdr::logging: tab focused event="tab.focus" subsystem="tab" outcome="ok" workspace_id="w6" tab_id="w6:t9"
2026-07-01T17:56:07.343787Z  INFO herdr::logging: session saved event="persist.save" subsystem="persist" outcome="ok" path=/home/aoeu/.config/herdr/session.json workspaces=1
2026-07-01T17:56:20.160184Z  INFO herdr::logging: spawning pane terminal event="pane.spawn.start" subsystem="pane" outcome="started" pane_id=5 rows=46 cols=171 scrollback_limit_bytes=10000000
2026-07-01T17:56:20.163925Z  INFO herdr::logging: pane child spawned event="pane.spawned" subsystem="pane" outcome="ok" pane_id=5 pid=9461
2026-07-01T17:56:20.164411Z  INFO herdr::logging: tab focused event="tab.focus" subsystem="tab" outcome="ok" workspace_id="w6" tab_id="w6:tA"
2026-07-01T17:56:20.164458Z  INFO herdr::logging: tab created event="tab.create" subsystem="tab" outcome="ok" workspace_id="w6" tab_id="w6:tA" pane_id=5
2026-07-01T17:56:27.837504Z  INFO herdr::pane: agent changed pane=5 previous_agent=None agent=Some(OpenCode) process=opencode pgid=Some(9715)
2026-07-01T17:56:29.399142Z  INFO herdr::logging: session saved event="persist.save" subsystem="persist" outcome="ok" path=/home/aoeu/.config/herdr/session.json workspaces=1
2026-07-01T17:56:31.004038Z  INFO herdr::logging: tab focused event="tab.focus" subsystem="tab" outcome="ok" workspace_id="w6" tab_id="w6:t9"
2026-07-01T17:56:36.013332Z  INFO herdr::logging: session saved event="persist.save" subsystem="persist" outcome="ok" path=/home/aoeu/.config/herdr/session.json workspaces=1
2026-07-01T17:56:38.438596Z  INFO herdr::pane: agent changed pane=4 previous_agent=Some(OpenCode) agent=None pgid=Some(1257)
2026-07-01T17:56:43.136252Z  INFO herdr::logging: session saved event="persist.save" subsystem="persist" outcome="ok" path=/home/aoeu/.config/herdr/session.json workspaces=1
2026-07-01T17:56:53.327489Z  WARN herdr::raw_input: flushing lone escape after input timeout; if this follows an alt chord or focus switch it may reach the pane as plain esc bytes=[27]
2026-07-01T17:57:06.523083Z  INFO herdr::logging: pane child exited event="pane.exit" subsystem="pane" outcome="completed" pane_id=4 status="ExitStatus { code: 0, signal: None }"
2026-07-01T17:57:06.523178Z  INFO herdr::pane: pane session terminated pane=4 pid=1257 signal=Hangup
2026-07-01T17:57:10.814644Z  INFO herdr::logging: tab focused event="tab.focus" subsystem="tab" outcome="ok" workspace_id="w6" tab_id="w6:t1"
2026-07-01T17:57:12.850751Z  INFO herdr::logging: tab focused event="tab.focus" subsystem="tab" outcome="ok" workspace_id="w6" tab_id="w6:tA"
2026-07-01T17:57:14.351316Z  WARN herdr::raw_input: flushing lone escape after input timeout; if this follows an alt chord or focus switch it may reach the pane as plain esc bytes=[27]
2026-07-01T17:57:17.861256Z  INFO herdr::logging: session saved event="persist.save" subsystem="persist" outcome="ok" path=/home/aoeu/.config/herdr/session.json workspaces=1
2026-07-01T17:57:24.594456Z  INFO herdr::pane: agent changed pane=5 previous_agent=None agent=Some(OpenCode) process=opencode pgid=Some(9715)
2026-07-01T17:57:29.596758Z  INFO herdr::logging: session saved event="persist.save" subsystem="persist" outcome="ok" path=/home/aoeu/.config/herdr/session.json workspaces=1
2026-07-01T17:57:35.108013Z  INFO herdr::logging: spawning pane terminal event="pane.spawn.start" subsystem="pane" outcome="started" pane_id=6 rows=46 cols=171 scrollback_limit_bytes=10000000
2026-07-01T17:57:35.111718Z  INFO herdr::logging: pane child spawned event="pane.spawned" subsystem="pane" outcome="ok" pane_id=6 pid=10810
2026-07-01T17:57:35.112270Z  INFO herdr::logging: tab focused event="tab.focus" subsystem="tab" outcome="ok" workspace_id="w6" tab_id="w6:tB"
2026-07-01T17:57:35.112315Z  INFO herdr::logging: tab created event="tab.create" subsystem="tab" outcome="ok" workspace_id="w6" tab_id="w6:tB" pane_id=6
2026-07-01T17:57:43.298865Z  INFO herdr::pane: agent changed pane=6 previous_agent=None agent=Some(OpenCode) process=opencode pgid=Some(11063)
2026-07-01T17:57:43.748260Z  INFO herdr::logging: session saved event="persist.save" subsystem="persist" outcome="ok" path=/home/aoeu/.config/herdr/session.json workspaces=1
2026-07-01T17:57:46.111358Z  INFO herdr::logging: tab focused event="tab.focus" subsystem="tab" outcome="ok" workspace_id="w6" tab_id="w6:tA"
2026-07-01T17:57:51.120883Z  INFO herdr::logging: session saved event="persist.save" subsystem="persist" outcome="ok" path=/home/aoeu/.config/herdr/session.json workspaces=1
2026-07-01T17:57:52.712351Z  INFO herdr::logging: spawning pane terminal event="pane.spawn.start" subsystem="pane" outcome="started" pane_id=7 rows=46 cols=171 scrollback_limit_bytes=10000000
2026-07-01T17:57:52.715308Z  INFO herdr::logging: pane child spawned event="pane.spawned" subsystem="pane" outcome="ok" pane_id=7 pid=11207
2026-07-01T17:57:52.715963Z  INFO herdr::logging: tab focused event="tab.focus" subsystem="tab" outcome="ok" workspace_id="w6" tab_id="w6:tC"
2026-07-01T17:57:52.716056Z  INFO herdr::logging: tab created event="tab.create" subsystem="tab" outcome="ok" workspace_id="w6" tab_id="w6:tC" pane_id=7
2026-07-01T17:58:01.519365Z  INFO herdr::logging: session saved event="persist.save" subsystem="persist" outcome="ok" path=/home/aoeu/.config/herdr/session.json workspaces=1
2026-07-01T17:58:12.334692Z  INFO herdr::app::actions: copied selection to clipboard
2026-07-01T17:58:14.243016Z  INFO herdr::logging: tab focused event="tab.focus" subsystem="tab" outcome="ok" workspace_id="w6" tab_id="w6:tA"
2026-07-01T17:58:18.261498Z  INFO herdr::logging: tab focused event="tab.focus" subsystem="tab" outcome="ok" workspace_id="w6" tab_id="w6:tB"
2026-07-01T17:58:23.267387Z  INFO herdr::logging: session saved event="persist.save" subsystem="persist" outcome="ok" path=/home/aoeu/.config/herdr/session.json workspaces=1
2026-07-01T17:58:31.697667Z  INFO herdr::pane: agent changed pane=6 previous_agent=Some(OpenCode) agent=None pgid=Some(10810)
2026-07-01T17:58:33.643960Z  INFO herdr::logging: pane child exited event="pane.exit" subsystem="pane" outcome="completed" pane_id=6 status="ExitStatus { code: 0, signal: None }"
2026-07-01T17:58:33.644044Z  INFO herdr::pane: pane session terminated pane=6 pid=10810 signal=Hangup
2026-07-01T17:58:37.457824Z  INFO herdr::logging: tab focused event="tab.focus" subsystem="tab" outcome="ok" workspace_id="w6" tab_id="w6:tC"
2026-07-01T17:58:42.469212Z  INFO herdr::logging: session saved event="persist.save" subsystem="persist" outcome="ok" path=/home/aoeu/.config/herdr/session.json workspaces=1
2026-07-01T17:58:44.764285Z  INFO herdr::logging: pane child exited event="pane.exit" subsystem="pane" outcome="completed" pane_id=7 status="ExitStatus { code: 0, signal: None }"
2026-07-01T17:58:44.764458Z  INFO herdr::pane: pane session terminated pane=7 pid=11207 signal=Hangup
2026-07-01T17:58:48.244219Z  INFO herdr::logging: tab focused event="tab.focus" subsystem="tab" outcome="ok" workspace_id="w6" tab_id="w6:t1"
2026-07-01T17:58:51.259487Z  INFO herdr::logging: tab focused event="tab.focus" subsystem="tab" outcome="ok" workspace_id="w6" tab_id="w6:tA"
2026-07-01T17:58:56.262282Z  INFO herdr::logging: session saved event="persist.save" subsystem="persist" outcome="ok" path=/home/aoeu/.config/herdr/session.json workspaces=1
2026-07-01T17:59:06.774316Z  INFO herdr::logging: spawning pane terminal event="pane.spawn.start" subsystem="pane" outcome="started" pane_id=8 rows=46 cols=171 scrollback_limit_bytes=10000000
2026-07-01T17:59:06.775829Z  INFO herdr::logging: pane child spawned event="pane.spawned" subsystem="pane" outcome="ok" pane_id=8 pid=12453
2026-07-01T17:59:06.776025Z  INFO herdr::logging: tab focused event="tab.focus" subsystem="tab" outcome="ok" workspace_id="w6" tab_id="w6:tD"
2026-07-01T17:59:06.776040Z  INFO herdr::logging: tab created event="tab.create" subsystem="tab" outcome="ok" workspace_id="w6" tab_id="w6:tD" pane_id=8
2026-07-01T17:59:09.067465Z  INFO herdr::logging: tab focused event="tab.focus" subsystem="tab" outcome="ok" workspace_id="w6" tab_id="w6:tA"
2026-07-01T17:59:10.728347Z  INFO herdr::logging: tab focused event="tab.focus" subsystem="tab" outcome="ok" workspace_id="w6" tab_id="w6:t2"
2026-07-01T17:59:11.927828Z  INFO herdr::logging: tab focused event="tab.focus" subsystem="tab" outcome="ok" workspace_id="w6" tab_id="w6:t1"
2026-07-01T17:59:13.285419Z  INFO herdr::logging: tab focused event="tab.focus" subsystem="tab" outcome="ok" workspace_id="w6" tab_id="w6:tA"
2026-07-01T17:59:18.290475Z  INFO herdr::logging: session saved event="persist.save" subsystem="persist" outcome="ok" path=/home/aoeu/.config/herdr/session.json workspaces=1
2026-07-01T17:59:35.381316Z  INFO herdr::logging: spawning pane terminal event="pane.spawn.start" subsystem="pane" outcome="started" pane_id=9 rows=46 cols=171 scrollback_limit_bytes=10000000
2026-07-01T17:59:35.383840Z  INFO herdr::logging: pane child spawned event="pane.spawned" subsystem="pane" outcome="ok" pane_id=9 pid=12959
2026-07-01T17:59:35.384659Z  INFO herdr::logging: tab focused event="tab.focus" subsystem="tab" outcome="ok" workspace_id="w6" tab_id="w6:tE"
2026-07-01T17:59:35.384767Z  INFO herdr::logging: tab created event="tab.create" subsystem="tab" outcome="ok" workspace_id="w6" tab_id="w6:tE" pane_id=9
2026-07-01T17:59:44.631986Z  INFO herdr::logging: session saved event="persist.save" subsystem="persist" outcome="ok" path=/home/aoeu/.config/herdr/session.json workspaces=1
2026-07-01T17:59:45.044281Z  INFO herdr::pane: agent changed pane=9 previous_agent=None agent=Some(OpenCode) process=opencode pgid=Some(13306)
2026-07-01T18:00:02.909530Z  INFO herdr::pane: agent changed pane=9 previous_agent=Some(OpenCode) agent=None pgid=Some(12959)
2026-07-01T18:00:27.114852Z  INFO herdr::pane: agent changed pane=9 previous_agent=None agent=Some(OpenCode) process=opencode pgid=Some(14048)
2026-07-01T18:00:30.888404Z  INFO herdr::logging: tab focused event="tab.focus" subsystem="tab" outcome="ok" workspace_id="w6" tab_id="w6:tA"
2026-07-01T18:00:35.895966Z  INFO herdr::logging: session saved event="persist.save" subsystem="persist" outcome="ok" path=/home/aoeu/.config/herdr/session.json workspaces=1
2026-07-01T18:00:37.170598Z  INFO herdr::logging: tab focused event="tab.focus" subsystem="tab" outcome="ok" workspace_id="w6" tab_id="w6:tE"
2026-07-01T18:00:39.268909Z  INFO herdr::logging: tab focused event="tab.focus" subsystem="tab" outcome="ok" workspace_id="w6" tab_id="w6:tA"
2026-07-01T18:00:43.964957Z  INFO herdr::logging: tab focused event="tab.focus" subsystem="tab" outcome="ok" workspace_id="w6" tab_id="w6:tD"
2026-07-01T18:00:48.973013Z  INFO herdr::logging: session saved event="persist.save" subsystem="persist" outcome="ok" path=/home/aoeu/.config/herdr/session.json workspaces=1
2026-07-01T18:00:52.106874Z  INFO herdr::logging: tab focused event="tab.focus" subsystem="tab" outcome="ok" workspace_id="w6" tab_id="w6:tE"
2026-07-01T18:00:57.111327Z  INFO herdr::logging: session saved event="persist.save" subsystem="persist" outcome="ok" path=/home/aoeu/.config/herdr/session.json workspaces=1
2026-07-01T18:01:05.230809Z  INFO herdr::pane: agent changed pane=9 previous_agent=None agent=Some(OpenCode) process=opencode pgid=Some(14048)
2026-07-01T18:01:07.184903Z  INFO herdr::logging: tab focused event="tab.focus" subsystem="tab" outcome="ok" workspace_id="w6" tab_id="w6:tD"
2026-07-01T18:01:10.492635Z  INFO herdr::logging: tab focused event="tab.focus" subsystem="tab" outcome="ok" workspace_id="w6" tab_id="w6:tA"
2026-07-01T18:01:11.759692Z  INFO herdr::logging: tab focused event="tab.focus" subsystem="tab" outcome="ok" workspace_id="w6" tab_id="w6:tE"
2026-07-01T18:01:13.547857Z  INFO herdr::logging: tab focused event="tab.focus" subsystem="tab" outcome="ok" workspace_id="w6" tab_id="w6:tA"
2026-07-01T18:01:18.580697Z  INFO herdr::logging: session saved event="persist.save" subsystem="persist" outcome="ok" path=/home/aoeu/.config/herdr/session.json workspaces=1
2026-07-01T18:01:20.964488Z  INFO herdr::logging: tab focused event="tab.focus" subsystem="tab" outcome="ok" workspace_id="w6" tab_id="w6:tD"
2026-07-01T18:01:24.023010Z  INFO herdr::logging: tab focused event="tab.focus" subsystem="tab" outcome="ok" workspace_id="w6" tab_id="w6:tE"
2026-07-01T18:01:27.337711Z  INFO herdr::logging: tab focused event="tab.focus" subsystem="tab" outcome="ok" workspace_id="w6" tab_id="w6:tD"
2026-07-01T18:01:32.347474Z  INFO herdr::logging: session saved event="persist.save" subsystem="persist" outcome="ok" path=/home/aoeu/.config/herdr/session.json workspaces=1
2026-07-01T18:01:38.997269Z  INFO herdr::logging: tab focused event="tab.focus" subsystem="tab" outcome="ok" workspace_id="w6" tab_id="w6:tA"
2026-07-01T18:01:44.008895Z  INFO herdr::logging: session saved event="persist.save" subsystem="persist" outcome="ok" path=/home/aoeu/.config/herdr/session.json workspaces=1
2026-07-01T18:01:44.846940Z  INFO herdr::logging: tab focused event="tab.focus" subsystem="tab" outcome="ok" workspace_id="w6" tab_id="w6:tD"
2026-07-01T18:01:48.702898Z  INFO herdr::logging: tab focused event="tab.focus" subsystem="tab" outcome="ok" workspace_id="w6" tab_id="w6:tA"
2026-07-01T18:01:53.715982Z  INFO herdr::logging: session saved event="persist.save" subsystem="persist" outcome="ok" path=/home/aoeu/.config/herdr/session.json workspaces=1
2026-07-01T18:02:21.296965Z  INFO herdr::logging: tab focused event="tab.focus" subsystem="tab" outcome="ok" workspace_id="w6" tab_id="w6:tE"
2026-07-01T18:02:26.314093Z  INFO herdr::logging: session saved event="persist.save" subsystem="persist" outcome="ok" path=/home/aoeu/.config/herdr/session.json workspaces=1
2026-07-01T18:02:27.324902Z  INFO herdr::server::headless: client resize client_id=6 cols=93 rows=47 cell_width_px=0 cell_height_px=0
2026-07-01T18:02:28.121156Z  INFO herdr::server::headless: client resize client_id=6 cols=189 rows=47 cell_width_px=0 cell_height_px=0
2026-07-01T18:02:31.801194Z  INFO herdr::logging: tab focused event="tab.focus" subsystem="tab" outcome="ok" workspace_id="w6" tab_id="w6:tA"
2026-07-01T18:02:36.807113Z  INFO herdr::logging: session saved event="persist.save" subsystem="persist" outcome="ok" path=/home/aoeu/.config/herdr/session.json workspaces=1
2026-07-01T18:03:21.576351Z  INFO herdr::logging: tab focused event="tab.focus" subsystem="tab" outcome="ok" workspace_id="w6" tab_id="w6:tE"
2026-07-01T18:03:24.266502Z  WARN herdr::raw_input: flushing lone escape after input timeout; if this follows an alt chord or focus switch it may reach the pane as plain esc bytes=[27]
2026-07-01T18:03:24.474182Z  WARN herdr::raw_input: flushing lone escape after input timeout; if this follows an alt chord or focus switch it may reach the pane as plain esc bytes=[27]
2026-07-01T18:03:24.622423Z  WARN herdr::raw_input: flushing lone escape after input timeout; if this follows an alt chord or focus switch it may reach the pane as plain esc bytes=[27]
2026-07-01T18:03:24.749789Z  WARN herdr::raw_input: flushing lone escape after input timeout; if this follows an alt chord or focus switch it may reach the pane as plain esc bytes=[27]
2026-07-01T18:03:24.880435Z  WARN herdr::raw_input: flushing lone escape after input timeout; if this follows an alt chord or focus switch it may reach the pane as plain esc bytes=[27]
2026-07-01T18:03:26.582271Z  INFO herdr::logging: session saved event="persist.save" subsystem="persist" outcome="ok" path=/home/aoeu/.config/herdr/session.json workspaces=1
2026-07-01T18:03:41.226057Z  INFO herdr::logging: tab focused event="tab.focus" subsystem="tab" outcome="ok" workspace_id="w6" tab_id="w6:tD"
2026-07-01T18:03:46.231067Z  INFO herdr::logging: session saved event="persist.save" subsystem="persist" outcome="ok" path=/home/aoeu/.config/herdr/session.json workspaces=1
2026-07-01T18:03:54.366384Z  INFO herdr::server::headless: client resize client_id=6 cols=93 rows=47 cell_width_px=0 cell_height_px=0
2026-07-01T18:04:11.902338Z  INFO herdr::server::headless: client resize client_id=6 cols=189 rows=47 cell_width_px=0 cell_height_px=0
2026-07-01T18:04:21.005352Z  WARN herdr::raw_input: flushing lone escape after input timeout; if this follows an alt chord or focus switch it may reach the pane as plain esc bytes=[27]
2026-07-01T18:04:21.185390Z  WARN herdr::raw_input: flushing lone escape after input timeout; if this follows an alt chord or focus switch it may reach the pane as plain esc bytes=[27]
2026-07-01T18:04:21.332042Z  WARN herdr::raw_input: flushing lone escape after input timeout; if this follows an alt chord or focus switch it may reach the pane as plain esc bytes=[27]
2026-07-01T18:04:21.466338Z  WARN herdr::raw_input: flushing lone escape after input timeout; if this follows an alt chord or focus switch it may reach the pane as plain esc bytes=[27]
2026-07-01T18:04:21.579609Z  WARN herdr::raw_input: flushing lone escape after input timeout; if this follows an alt chord or focus switch it may reach the pane as plain esc bytes=[27]
2026-07-01T18:04:21.795175Z  WARN herdr::raw_input: flushing lone escape after input timeout; if this follows an alt chord or focus switch it may reach the pane as plain esc bytes=[27]
2026-07-01T18:04:21.943840Z  WARN herdr::raw_input: flushing lone escape after input timeout; if this follows an alt chord or focus switch it may reach the pane as plain esc bytes=[27]
2026-07-01T18:04:40.346366Z  INFO herdr::logging: tab focused event="tab.focus" subsystem="tab" outcome="ok" workspace_id="w6" tab_id="w6:tA"
2026-07-01T18:04:40.355446Z  INFO herdr::logging: tab focused event="tab.focus" subsystem="tab" outcome="ok" workspace_id="w6" tab_id="w6:t2"
2026-07-01T18:04:40.382447Z  INFO herdr::logging: tab focused event="tab.focus" subsystem="tab" outcome="ok" workspace_id="w6" tab_id="w6:t1"
2026-07-01T18:04:40.382597Z  INFO herdr::logging: tab focused event="tab.focus" subsystem="tab" outcome="ok" workspace_id="w6" tab_id="w6:tE"
2026-07-01T18:04:40.382711Z  INFO herdr::logging: tab focused event="tab.focus" subsystem="tab" outcome="ok" workspace_id="w6" tab_id="w6:tD"
2026-07-01T18:04:40.411834Z  INFO herdr::logging: tab focused event="tab.focus" subsystem="tab" outcome="ok" workspace_id="w6" tab_id="w6:tA"
2026-07-01T18:04:40.419998Z  INFO herdr::logging: tab focused event="tab.focus" subsystem="tab" outcome="ok" workspace_id="w6" tab_id="w6:t2"
2026-07-01T18:04:40.420132Z  INFO herdr::logging: tab focused event="tab.focus" subsystem="tab" outcome="ok" workspace_id="w6" tab_id="w6:t1"
2026-07-01T18:04:40.443626Z  INFO herdr::logging: tab focused event="tab.focus" subsystem="tab" outcome="ok" workspace_id="w6" tab_id="w6:tE"
2026-07-01T18:04:40.445231Z  INFO herdr::logging: tab focused event="tab.focus" subsystem="tab" outcome="ok" workspace_id="w6" tab_id="w6:tD"
2026-07-01T18:04:40.464486Z  INFO herdr::logging: tab focused event="tab.focus" subsystem="tab" outcome="ok" workspace_id="w6" tab_id="w6:tA"
2026-07-01T18:04:40.464652Z  INFO herdr::logging: tab focused event="tab.focus" subsystem="tab" outcome="ok" workspace_id="w6" tab_id="w6:t2"
2026-07-01T18:04:40.464780Z  INFO herdr::logging: tab focused event="tab.focus" subsystem="tab" outcome="ok" workspace_id="w6" tab_id="w6:t1"
2026-07-01T18:04:40.511781Z  INFO herdr::logging: tab focused event="tab.focus" subsystem="tab" outcome="ok" workspace_id="w6" tab_id="w6:tE"
2026-07-01T18:04:40.511877Z  INFO herdr::logging: tab focused event="tab.focus" subsystem="tab" outcome="ok" workspace_id="w6" tab_id="w6:tD"
2026-07-01T18:04:40.511950Z  INFO herdr::logging: tab focused event="tab.focus" subsystem="tab" outcome="ok" workspace_id="w6" tab_id="w6:tA"
2026-07-01T18:04:40.535526Z  INFO herdr::logging: tab focused event="tab.focus" subsystem="tab" outcome="ok" workspace_id="w6" tab_id="w6:t2"
2026-07-01T18:04:40.535622Z  INFO herdr::logging: tab focused event="tab.focus" subsystem="tab" outcome="ok" workspace_id="w6" tab_id="w6:t1"
2026-07-01T18:04:40.541549Z  INFO herdr::logging: tab focused event="tab.focus" subsystem="tab" outcome="ok" workspace_id="w6" tab_id="w6:tE"
2026-07-01T18:04:40.567766Z  INFO herdr::logging: tab focused event="tab.focus" subsystem="tab" outcome="ok" workspace_id="w6" tab_id="w6:tD"
2026-07-01T18:04:41.234405Z  INFO herdr::logging: tab focused event="tab.focus" subsystem="tab" outcome="ok" workspace_id="w6" tab_id="w6:tE"
2026-07-01T18:04:41.247434Z  INFO herdr::logging: tab focused event="tab.focus" subsystem="tab" outcome="ok" workspace_id="w6" tab_id="w6:t1"
2026-07-01T18:04:41.250338Z  INFO herdr::logging: tab focused event="tab.focus" subsystem="tab" outcome="ok" workspace_id="w6" tab_id="w6:t2"
2026-07-01T18:04:41.275759Z  INFO herdr::logging: tab focused event="tab.focus" subsystem="tab" outcome="ok" workspace_id="w6" tab_id="w6:tA"
2026-07-01T18:04:41.276243Z  INFO herdr::logging: tab focused event="tab.focus" subsystem="tab" outcome="ok" workspace_id="w6" tab_id="w6:tD"
2026-07-01T18:04:41.289345Z  INFO herdr::logging: tab focused event="tab.focus" subsystem="tab" outcome="ok" workspace_id="w6" tab_id="w6:tE"
2026-07-01T18:04:41.290003Z  INFO herdr::logging: tab focused event="tab.focus" subsystem="tab" outcome="ok" workspace_id="w6" tab_id="w6:t1"
2026-07-01T18:04:41.292768Z  INFO herdr::logging: tab focused event="tab.focus" subsystem="tab" outcome="ok" workspace_id="w6" tab_id="w6:t2"
2026-07-01T18:04:41.298820Z  INFO herdr::logging: tab focused event="tab.focus" subsystem="tab" outcome="ok" workspace_id="w6" tab_id="w6:tA"
2026-07-01T18:04:41.303144Z  INFO herdr::logging: tab focused event="tab.focus" subsystem="tab" outcome="ok" workspace_id="w6" tab_id="w6:tD"
2026-07-01T18:04:41.309929Z  INFO herdr::logging: tab focused event="tab.focus" subsystem="tab" outcome="ok" workspace_id="w6" tab_id="w6:tE"
2026-07-01T18:04:41.331077Z  INFO herdr::logging: tab focused event="tab.focus" subsystem="tab" outcome="ok" workspace_id="w6" tab_id="w6:t1"
2026-07-01T18:04:41.334254Z  INFO herdr::logging: tab focused event="tab.focus" subsystem="tab" outcome="ok" workspace_id="w6" tab_id="w6:t2"
2026-07-01T18:04:41.340748Z  INFO herdr::logging: tab focused event="tab.focus" subsystem="tab" outcome="ok" workspace_id="w6" tab_id="w6:tA"
2026-07-01T18:04:41.366926Z  INFO herdr::logging: tab focused event="tab.focus" subsystem="tab" outcome="ok" workspace_id="w6" tab_id="w6:tD"
2026-07-01T18:04:41.367567Z  INFO herdr::logging: tab focused event="tab.focus" subsystem="tab" outcome="ok" workspace_id="w6" tab_id="w6:tE"
2026-07-01T18:04:41.367603Z  INFO herdr::logging: tab focused event="tab.focus" subsystem="tab" outcome="ok" workspace_id="w6" tab_id="w6:t1"
2026-07-01T18:04:41.390522Z  INFO herdr::logging: tab focused event="tab.focus" subsystem="tab" outcome="ok" workspace_id="w6" tab_id="w6:t2"
2026-07-01T18:04:42.087747Z  INFO herdr::logging: tab focused event="tab.focus" subsystem="tab" outcome="ok" workspace_id="w6" tab_id="w6:tA"
2026-07-01T18:04:42.303643Z  INFO herdr::logging: tab focused event="tab.focus" subsystem="tab" outcome="ok" workspace_id="w6" tab_id="w6:tD"
2026-07-01T18:04:42.318061Z  INFO herdr::logging: tab focused event="tab.focus" subsystem="tab" outcome="ok" workspace_id="w6" tab_id="w6:tE"
2026-07-01T18:04:42.335999Z  INFO herdr::logging: tab focused event="tab.focus" subsystem="tab" outcome="ok" workspace_id="w6" tab_id="w6:t1"
2026-07-01T18:04:42.337287Z  INFO herdr::logging: tab focused event="tab.focus" subsystem="tab" outcome="ok" workspace_id="w6" tab_id="w6:t2"
2026-07-01T18:04:42.354120Z  INFO herdr::logging: tab focused event="tab.focus" subsystem="tab" outcome="ok" workspace_id="w6" tab_id="w6:tA"
2026-07-01T18:04:42.355593Z  INFO herdr::logging: tab focused event="tab.focus" subsystem="tab" outcome="ok" workspace_id="w6" tab_id="w6:tD"
2026-07-01T18:04:42.369705Z  INFO herdr::logging: tab focused event="tab.focus" subsystem="tab" outcome="ok" workspace_id="w6" tab_id="w6:tE"
2026-07-01T18:04:42.376174Z  INFO herdr::logging: tab focused event="tab.focus" subsystem="tab" outcome="ok" workspace_id="w6" tab_id="w6:t1"
2026-07-01T18:04:42.385444Z  INFO herdr::logging: tab focused event="tab.focus" subsystem="tab" outcome="ok" workspace_id="w6" tab_id="w6:t2"
2026-07-01T18:04:43.042270Z  INFO herdr::logging: tab focused event="tab.focus" subsystem="tab" outcome="ok" workspace_id="w6" tab_id="w6:tA"
2026-07-01T18:04:43.094405Z  INFO herdr::logging: tab focused event="tab.focus" subsystem="tab" outcome="ok" workspace_id="w6" tab_id="w6:tD"
2026-07-01T18:04:43.119801Z  INFO herdr::logging: tab focused event="tab.focus" subsystem="tab" outcome="ok" workspace_id="w6" tab_id="w6:tE"
2026-07-01T18:04:43.125314Z  INFO herdr::logging: tab focused event="tab.focus" subsystem="tab" outcome="ok" workspace_id="w6" tab_id="w6:t1"
2026-07-01T18:04:43.136896Z  INFO herdr::logging: tab focused event="tab.focus" subsystem="tab" outcome="ok" workspace_id="w6" tab_id="w6:t2"
2026-07-01T18:04:43.143060Z  INFO herdr::logging: tab focused event="tab.focus" subsystem="tab" outcome="ok" workspace_id="w6" tab_id="w6:tA"
2026-07-01T18:04:43.156056Z  INFO herdr::logging: tab focused event="tab.focus" subsystem="tab" outcome="ok" workspace_id="w6" tab_id="w6:tD"
2026-07-01T18:04:43.160745Z  INFO herdr::logging: tab focused event="tab.focus" subsystem="tab" outcome="ok" workspace_id="w6" tab_id="w6:tE"
2026-07-01T18:04:43.163987Z  INFO herdr::logging: tab focused event="tab.focus" subsystem="tab" outcome="ok" workspace_id="w6" tab_id="w6:t1"
2026-07-01T18:04:43.179456Z  INFO herdr::logging: tab focused event="tab.focus" subsystem="tab" outcome="ok" workspace_id="w6" tab_id="w6:t2"
2026-07-01T18:04:43.980510Z  INFO herdr::logging: tab focused event="tab.focus" subsystem="tab" outcome="ok" workspace_id="w6" tab_id="w6:t1"
2026-07-01T18:04:44.103046Z  INFO herdr::logging: tab focused event="tab.focus" subsystem="tab" outcome="ok" workspace_id="w6" tab_id="w6:tE"
2026-07-01T18:04:44.511061Z  INFO herdr::logging: tab focused event="tab.focus" subsystem="tab" outcome="ok" workspace_id="w6" tab_id="w6:tD"
2026-07-01T18:04:44.641897Z  INFO herdr::logging: tab focused event="tab.focus" subsystem="tab" outcome="ok" workspace_id="w6" tab_id="w6:tA"
2026-07-01T18:04:44.718882Z  INFO herdr::logging: tab focused event="tab.focus" subsystem="tab" outcome="ok" workspace_id="w6" tab_id="w6:t2"
2026-07-01T18:04:46.060522Z  INFO herdr::logging: tab focused event="tab.focus" subsystem="tab" outcome="ok" workspace_id="w6" tab_id="w6:tA"
2026-07-01T18:04:46.127744Z  INFO herdr::logging: tab focused event="tab.focus" subsystem="tab" outcome="ok" workspace_id="w6" tab_id="w6:tD"
2026-07-01T18:04:46.874648Z  INFO herdr::logging: tab focused event="tab.focus" subsystem="tab" outcome="ok" workspace_id="w6" tab_id="w6:tE"
2026-07-01T18:04:50.178104Z  INFO herdr::logging: tab focused event="tab.focus" subsystem="tab" outcome="ok" workspace_id="w6" tab_id="w6:tA"
2026-07-01T18:04:55.185521Z  INFO herdr::logging: session saved event="persist.save" subsystem="persist" outcome="ok" path=/home/aoeu/.config/herdr/session.json workspaces=1
2026-07-01T18:05:09.556305Z  INFO herdr::logging: tab focused event="tab.focus" subsystem="tab" outcome="ok" workspace_id="w6" tab_id="w6:tD"
2026-07-01T18:05:14.560563Z  INFO herdr::logging: session saved event="persist.save" subsystem="persist" outcome="ok" path=/home/aoeu/.config/herdr/session.json workspaces=1
2026-07-01T18:05:31.761406Z  INFO herdr::logging: session saved event="persist.save" subsystem="persist" outcome="ok" path=/home/aoeu/.config/herdr/session.json workspaces=1
2026-07-01T18:05:50.079175Z  INFO herdr::server::headless: client resize client_id=6 cols=93 rows=47 cell_width_px=0 cell_height_px=0
2026-07-01T18:06:21.638510Z  INFO herdr::server::headless: client resize client_id=6 cols=189 rows=47 cell_width_px=0 cell_height_px=0
2026-07-01T18:06:24.878540Z  INFO herdr::logging: tab focused event="tab.focus" subsystem="tab" outcome="ok" workspace_id="w6" tab_id="w6:tA"
2026-07-01T18:06:29.888780Z  INFO herdr::logging: session saved event="persist.save" subsystem="persist" outcome="ok" path=/home/aoeu/.config/herdr/session.json workspaces=1
2026-07-01T18:06:38.164118Z  INFO herdr::logging: tab focused event="tab.focus" subsystem="tab" outcome="ok" workspace_id="w6" tab_id="w6:tE"
2026-07-01T18:06:43.169670Z  INFO herdr::logging: session saved event="persist.save" subsystem="persist" outcome="ok" path=/home/aoeu/.config/herdr/session.json workspaces=1
2026-07-01T18:07:12.182351Z  INFO herdr::logging: tab focused event="tab.focus" subsystem="tab" outcome="ok" workspace_id="w6" tab_id="w6:tD"
2026-07-01T18:07:13.591810Z  INFO herdr::logging: tab focused event="tab.focus" subsystem="tab" outcome="ok" workspace_id="w6" tab_id="w6:tA"
2026-07-01T18:07:18.607728Z  INFO herdr::logging: session saved event="persist.save" subsystem="persist" outcome="ok" path=/home/aoeu/.config/herdr/session.json workspaces=1
2026-07-01T18:07:24.234531Z  INFO herdr::logging: tab focused event="tab.focus" subsystem="tab" outcome="ok" workspace_id="w6" tab_id="w6:tE"
2026-07-01T18:07:29.247333Z  INFO herdr::logging: session saved event="persist.save" subsystem="persist" outcome="ok" path=/home/aoeu/.config/herdr/session.json workspaces=1
2026-07-01T18:07:44.866742Z  WARN herdr::raw_input: flushing lone escape after input timeout; if this follows an alt chord or focus switch it may reach the pane as plain esc bytes=[27]
2026-07-01T18:07:45.467184Z  WARN herdr::raw_input: flushing lone escape after input timeout; if this follows an alt chord or focus switch it may reach the pane as plain esc bytes=[27]
2026-07-01T18:07:45.507268Z  WARN herdr::raw_input: flushing lone escape after input timeout; if this follows an alt chord or focus switch it may reach the pane as plain esc bytes=[27]
2026-07-01T18:07:45.547235Z  WARN herdr::raw_input: flushing lone escape after input timeout; if this follows an alt chord or focus switch it may reach the pane as plain esc bytes=[27]
2026-07-01T18:07:45.587339Z  WARN herdr::raw_input: flushing lone escape after input timeout; if this follows an alt chord or focus switch it may reach the pane as plain esc bytes=[27]
2026-07-01T18:07:45.627519Z  WARN herdr::raw_input: flushing lone escape after input timeout; if this follows an alt chord or focus switch it may reach the pane as plain esc bytes=[27]
2026-07-01T18:07:45.644574Z  WARN herdr::raw_input: flushing lone escape after input timeout; if this follows an alt chord or focus switch it may reach the pane as plain esc bytes=[27]
2026-07-01T18:07:45.816925Z  WARN herdr::raw_input: flushing lone escape after input timeout; if this follows an alt chord or focus switch it may reach the pane as plain esc bytes=[27]
2026-07-01T18:07:45.980484Z  WARN herdr::raw_input: flushing lone escape after input timeout; if this follows an alt chord or focus switch it may reach the pane as plain esc bytes=[27]
2026-07-01T18:07:46.093503Z  WARN herdr::raw_input: flushing lone escape after input timeout; if this follows an alt chord or focus switch it may reach the pane as plain esc bytes=[27]
2026-07-01T18:07:46.217930Z  WARN herdr::raw_input: flushing lone escape after input timeout; if this follows an alt chord or focus switch it may reach the pane as plain esc bytes=[27]
2026-07-01T18:07:46.336433Z  WARN herdr::raw_input: flushing lone escape after input timeout; if this follows an alt chord or focus switch it may reach the pane as plain esc bytes=[27]
2026-07-01T18:07:46.473032Z  WARN herdr::raw_input: flushing lone escape after input timeout; if this follows an alt chord or focus switch it may reach the pane as plain esc bytes=[27]
2026-07-01T18:07:46.601382Z  WARN herdr::raw_input: flushing lone escape after input timeout; if this follows an alt chord or focus switch it may reach the pane as plain esc bytes=[27]
2026-07-01T18:07:47.204058Z  WARN herdr::raw_input: flushing lone escape after input timeout; if this follows an alt chord or focus switch it may reach the pane as plain esc bytes=[27]
2026-07-01T18:07:47.244670Z  WARN herdr::raw_input: flushing lone escape after input timeout; if this follows an alt chord or focus switch it may reach the pane as plain esc bytes=[27]
2026-07-01T18:07:47.284050Z  WARN herdr::raw_input: flushing lone escape after input timeout; if this follows an alt chord or focus switch it may reach the pane as plain esc bytes=[27]
2026-07-01T18:07:47.324239Z  WARN herdr::raw_input: flushing lone escape after input timeout; if this follows an alt chord or focus switch it may reach the pane as plain esc bytes=[27]
2026-07-01T18:07:47.365469Z  WARN herdr::raw_input: flushing lone escape after input timeout; if this follows an alt chord or focus switch it may reach the pane as plain esc bytes=[27]
2026-07-01T18:07:47.405449Z  WARN herdr::raw_input: flushing lone escape after input timeout; if this follows an alt chord or focus switch it may reach the pane as plain esc bytes=[27]
2026-07-01T18:07:47.445558Z  WARN herdr::raw_input: flushing lone escape after input timeout; if this follows an alt chord or focus switch it may reach the pane as plain esc bytes=[27]
2026-07-01T18:07:47.485900Z  WARN herdr::raw_input: flushing lone escape after input timeout; if this follows an alt chord or focus switch it may reach the pane as plain esc bytes=[27]
2026-07-01T18:07:47.525931Z  WARN herdr::raw_input: flushing lone escape after input timeout; if this follows an alt chord or focus switch it may reach the pane as plain esc bytes=[27]
2026-07-01T18:07:47.566112Z  WARN herdr::raw_input: flushing lone escape after input timeout; if this follows an alt chord or focus switch it may reach the pane as plain esc bytes=[27]
2026-07-01T18:07:47.606145Z  WARN herdr::raw_input: flushing lone escape after input timeout; if this follows an alt chord or focus switch it may reach the pane as plain esc bytes=[27]
2026-07-01T18:07:47.646442Z  WARN herdr::raw_input: flushing lone escape after input timeout; if this follows an alt chord or focus switch it may reach the pane as plain esc bytes=[27]
2026-07-01T18:07:47.686776Z  WARN herdr::raw_input: flushing lone escape after input timeout; if this follows an alt chord or focus switch it may reach the pane as plain esc bytes=[27]
2026-07-01T18:07:47.726830Z  WARN herdr::raw_input: flushing lone escape after input timeout; if this follows an alt chord or focus switch it may reach the pane as plain esc bytes=[27]
2026-07-01T18:07:47.766943Z  WARN herdr::raw_input: flushing lone escape after input timeout; if this follows an alt chord or focus switch it may reach the pane as plain esc bytes=[27]
2026-07-01T18:07:47.807018Z  WARN herdr::raw_input: flushing lone escape after input timeout; if this follows an alt chord or focus switch it may reach the pane as plain esc bytes=[27]
2026-07-01T18:07:47.849410Z  WARN herdr::raw_input: flushing lone escape after input timeout; if this follows an alt chord or focus switch it may reach the pane as plain esc bytes=[27]
2026-07-01T18:07:47.889554Z  WARN herdr::raw_input: flushing lone escape after input timeout; if this follows an alt chord or focus switch it may reach the pane as plain esc bytes=[27]
2026-07-01T18:07:47.930184Z  WARN herdr::raw_input: flushing lone escape after input timeout; if this follows an alt chord or focus switch it may reach the pane as plain esc bytes=[27]
2026-07-01T18:07:47.970109Z  WARN herdr::raw_input: flushing lone escape after input timeout; if this follows an alt chord or focus switch it may reach the pane as plain esc bytes=[27]
2026-07-01T18:07:48.010058Z  WARN herdr::raw_input: flushing lone escape after input timeout; if this follows an alt chord or focus switch it may reach the pane as plain esc bytes=[27]
2026-07-01T18:07:48.050241Z  WARN herdr::raw_input: flushing lone escape after input timeout; if this follows an alt chord or focus switch it may reach the pane as plain esc bytes=[27]
2026-07-01T18:07:48.091366Z  WARN herdr::raw_input: flushing lone escape after input timeout; if this follows an alt chord or focus switch it may reach the pane as plain esc bytes=[27]
2026-07-01T18:07:48.130860Z  WARN herdr::raw_input: flushing lone escape after input timeout; if this follows an alt chord or focus switch it may reach the pane as plain esc bytes=[27]
2026-07-01T18:07:48.171402Z  WARN herdr::raw_input: flushing lone escape after input timeout; if this follows an alt chord or focus switch it may reach the pane as plain esc bytes=[27]
2026-07-01T18:07:48.211246Z  WARN herdr::raw_input: flushing lone escape after input timeout; if this follows an alt chord or focus switch it may reach the pane as plain esc bytes=[27]
2026-07-01T18:07:48.256347Z  WARN herdr::raw_input: flushing lone escape after input timeout; if this follows an alt chord or focus switch it may reach the pane as plain esc bytes=[27]
2026-07-01T18:07:48.293388Z  WARN herdr::raw_input: flushing lone escape after input timeout; if this follows an alt chord or focus switch it may reach the pane as plain esc bytes=[27]
2026-07-01T18:07:48.333074Z  WARN herdr::raw_input: flushing lone escape after input timeout; if this follows an alt chord or focus switch it may reach the pane as plain esc bytes=[27]
2026-07-01T18:07:48.373210Z  WARN herdr::raw_input: flushing lone escape after input timeout; if this follows an alt chord or focus switch it may reach the pane as plain esc bytes=[27]
2026-07-01T18:07:48.413401Z  WARN herdr::raw_input: flushing lone escape after input timeout; if this follows an alt chord or focus switch it may reach the pane as plain esc bytes=[27]
2026-07-01T18:07:48.453421Z  WARN herdr::raw_input: flushing lone escape after input timeout; if this follows an alt chord or focus switch it may reach the pane as plain esc bytes=[27]
2026-07-01T18:07:48.494037Z  WARN herdr::raw_input: flushing lone escape after input timeout; if this follows an alt chord or focus switch it may reach the pane as plain esc bytes=[27]
2026-07-01T18:07:48.533853Z  WARN herdr::raw_input: flushing lone escape after input timeout; if this follows an alt chord or focus switch it may reach the pane as plain esc bytes=[27]
2026-07-01T18:07:48.573913Z  WARN herdr::raw_input: flushing lone escape after input timeout; if this follows an alt chord or focus switch it may reach the pane as plain esc bytes=[27]
2026-07-01T18:07:48.614197Z  WARN herdr::raw_input: flushing lone escape after input timeout; if this follows an alt chord or focus switch it may reach the pane as plain esc bytes=[27]
2026-07-01T18:07:48.655823Z  WARN herdr::raw_input: flushing lone escape after input timeout; if this follows an alt chord or focus switch it may reach the pane as plain esc bytes=[27]
2026-07-01T18:07:48.695654Z  WARN herdr::raw_input: flushing lone escape after input timeout; if this follows an alt chord or focus switch it may reach the pane as plain esc bytes=[27]
2026-07-01T18:07:48.735767Z  WARN herdr::raw_input: flushing lone escape after input timeout; if this follows an alt chord or focus switch it may reach the pane as plain esc bytes=[27]
2026-07-01T18:07:48.775924Z  WARN herdr::raw_input: flushing lone escape after input timeout; if this follows an alt chord or focus switch it may reach the pane as plain esc bytes=[27]
2026-07-01T18:07:48.816048Z  WARN herdr::raw_input: flushing lone escape after input timeout; if this follows an alt chord or focus switch it may reach the pane as plain esc bytes=[27]
2026-07-01T18:07:48.856749Z  WARN herdr::raw_input: flushing lone escape after input timeout; if this follows an alt chord or focus switch it may reach the pane as plain esc bytes=[27]
2026-07-01T18:07:48.896509Z  WARN herdr::raw_input: flushing lone escape after input timeout; if this follows an alt chord or focus switch it may reach the pane as plain esc bytes=[27]
2026-07-01T18:07:48.937082Z  WARN herdr::raw_input: flushing lone escape after input timeout; if this follows an alt chord or focus switch it may reach the pane as plain esc bytes=[27]
2026-07-01T18:07:48.976571Z  WARN herdr::raw_input: flushing lone escape after input timeout; if this follows an alt chord or focus switch it may reach the pane as plain esc bytes=[27]
2026-07-01T18:07:49.017065Z  WARN herdr::raw_input: flushing lone escape after input timeout; if this follows an alt chord or focus switch it may reach the pane as plain esc bytes=[27]
2026-07-01T18:07:49.057147Z  WARN herdr::raw_input: flushing lone escape after input timeout; if this follows an alt chord or focus switch it may reach the pane as plain esc bytes=[27]
2026-07-01T18:07:49.097304Z  WARN herdr::raw_input: flushing lone escape after input timeout; if this follows an alt chord or focus switch it may reach the pane as plain esc bytes=[27]
2026-07-01T18:07:49.144447Z  WARN herdr::raw_input: flushing lone escape after input timeout; if this follows an alt chord or focus switch it may reach the pane as plain esc bytes=[27]
2026-07-01T18:07:49.177339Z  WARN herdr::raw_input: flushing lone escape after input timeout; if this follows an alt chord or focus switch it may reach the pane as plain esc bytes=[27]
2026-07-01T18:07:49.217397Z  WARN herdr::raw_input: flushing lone escape after input timeout; if this follows an alt chord or focus switch it may reach the pane as plain esc bytes=[27]
2026-07-01T18:07:49.257559Z  WARN herdr::raw_input: flushing lone escape after input timeout; if this follows an alt chord or focus switch it may reach the pane as plain esc bytes=[27]
2026-07-01T18:07:49.297692Z  WARN herdr::raw_input: flushing lone escape after input timeout; if this follows an alt chord or focus switch it may reach the pane as plain esc bytes=[27]
2026-07-01T18:07:49.337979Z  WARN herdr::raw_input: flushing lone escape after input timeout; if this follows an alt chord or focus switch it may reach the pane as plain esc bytes=[27]
2026-07-01T18:07:49.377934Z  WARN herdr::raw_input: flushing lone escape after input timeout; if this follows an alt chord or focus switch it may reach the pane as plain esc bytes=[27]
2026-07-01T18:07:49.418246Z  WARN herdr::raw_input: flushing lone escape after input timeout; if this follows an alt chord or focus switch it may reach the pane as plain esc bytes=[27]
2026-07-01T18:07:49.458326Z  WARN herdr::raw_input: flushing lone escape after input timeout; if this follows an alt chord or focus switch it may reach the pane as plain esc bytes=[27]
2026-07-01T18:07:49.498732Z  WARN herdr::raw_input: flushing lone escape after input timeout; if this follows an alt chord or focus switch it may reach the pane as plain esc bytes=[27]
2026-07-01T18:07:49.538641Z  WARN herdr::raw_input: flushing lone escape after input timeout; if this follows an alt chord or focus switch it may reach the pane as plain esc bytes=[27]
2026-07-01T18:07:49.578695Z  WARN herdr::raw_input: flushing lone escape after input timeout; if this follows an alt chord or focus switch it may reach the pane as plain esc bytes=[27]
2026-07-01T18:07:49.618916Z  WARN herdr::raw_input: flushing lone escape after input timeout; if this follows an alt chord or focus switch it may reach the pane as plain esc bytes=[27]
2026-07-01T18:07:49.659168Z  WARN herdr::raw_input: flushing lone escape after input timeout; if this follows an alt chord or focus switch it may reach the pane as plain esc bytes=[27]
2026-07-01T18:07:49.699402Z  WARN herdr::raw_input: flushing lone escape after input timeout; if this follows an alt chord or focus switch it may reach the pane as plain esc bytes=[27]
2026-07-01T18:07:49.739978Z  WARN herdr::raw_input: flushing lone escape after input timeout; if this follows an alt chord or focus switch it may reach the pane as plain esc bytes=[27]
2026-07-01T18:07:49.779745Z  WARN herdr::raw_input: flushing lone escape after input timeout; if this follows an alt chord or focus switch it may reach the pane as plain esc bytes=[27]
2026-07-01T18:07:49.819838Z  WARN herdr::raw_input: flushing lone escape after input timeout; if this follows an alt chord or focus switch it may reach the pane as plain esc bytes=[27]
2026-07-01T18:07:49.859947Z  WARN herdr::raw_input: flushing lone escape after input timeout; if this follows an alt chord or focus switch it may reach the pane as plain esc bytes=[27]
2026-07-01T18:07:49.901747Z  WARN herdr::raw_input: flushing lone escape after input timeout; if this follows an alt chord or focus switch it may reach the pane as plain esc bytes=[27]
2026-07-01T18:07:49.941943Z  WARN herdr::raw_input: flushing lone escape after input timeout; if this follows an alt chord or focus switch it may reach the pane as plain esc bytes=[27]
2026-07-01T18:07:49.984704Z  WARN herdr::raw_input: flushing lone escape after input timeout; if this follows an alt chord or focus switch it may reach the pane as plain esc bytes=[27]
2026-07-01T18:07:50.022262Z  WARN herdr::raw_input: flushing lone escape after input timeout; if this follows an alt chord or focus switch it may reach the pane as plain esc bytes=[27]
2026-07-01T18:07:50.062439Z  WARN herdr::raw_input: flushing lone escape after input timeout; if this follows an alt chord or focus switch it may reach the pane as plain esc bytes=[27]
2026-07-01T18:07:50.102521Z  WARN herdr::raw_input: flushing lone escape after input timeout; if this follows an alt chord or focus switch it may reach the pane as plain esc bytes=[27]
2026-07-01T18:07:50.142959Z  WARN herdr::raw_input: flushing lone escape after input timeout; if this follows an alt chord or focus switch it may reach the pane as plain esc bytes=[27]
2026-07-01T18:07:50.184360Z  WARN herdr::raw_input: flushing lone escape after input timeout; if this follows an alt chord or focus switch it may reach the pane as plain esc bytes=[27]
2026-07-01T18:07:50.225010Z  WARN herdr::raw_input: flushing lone escape after input timeout; if this follows an alt chord or focus switch it may reach the pane as plain esc bytes=[27]
2026-07-01T18:07:50.266552Z  WARN herdr::raw_input: flushing lone escape after input timeout; if this follows an alt chord or focus switch it may reach the pane as plain esc bytes=[27]
2026-07-01T18:07:50.304637Z  WARN herdr::raw_input: flushing lone escape after input timeout; if this follows an alt chord or focus switch it may reach the pane as plain esc bytes=[27]
2026-07-01T18:07:50.344728Z  WARN herdr::raw_input: flushing lone escape after input timeout; if this follows an alt chord or focus switch it may reach the pane as plain esc bytes=[27]
2026-07-01T18:07:50.384966Z  WARN herdr::raw_input: flushing lone escape after input timeout; if this follows an alt chord or focus switch it may reach the pane as plain esc bytes=[27]
2026-07-01T18:07:50.424980Z  WARN herdr::raw_input: flushing lone escape after input timeout; if this follows an alt chord or focus switch it may reach the pane as plain esc bytes=[27]
2026-07-01T18:07:50.465149Z  WARN herdr::raw_input: flushing lone escape after input timeout; if this follows an alt chord or focus switch it may reach the pane as plain esc bytes=[27]
2026-07-01T18:07:50.505652Z  WARN herdr::raw_input: flushing lone escape after input timeout; if this follows an alt chord or focus switch it may reach the pane as plain esc bytes=[27]
2026-07-01T18:07:50.546264Z  WARN herdr::raw_input: flushing lone escape after input timeout; if this follows an alt chord or focus switch it may reach the pane as plain esc bytes=[27]
2026-07-01T18:07:50.586429Z  WARN herdr::raw_input: flushing lone escape after input timeout; if this follows an alt chord or focus switch it may reach the pane as plain esc bytes=[27]
2026-07-01T18:07:50.627811Z  WARN herdr::raw_input: flushing lone escape after input timeout; if this follows an alt chord or focus switch it may reach the pane as plain esc bytes=[27]
2026-07-01T18:07:50.666861Z  WARN herdr::raw_input: flushing lone escape after input timeout; if this follows an alt chord or focus switch it may reach the pane as plain esc bytes=[27]
2026-07-01T18:07:50.707001Z  WARN herdr::raw_input: flushing lone escape after input timeout; if this follows an alt chord or focus switch it may reach the pane as plain esc bytes=[27]
2026-07-01T18:07:50.747224Z  WARN herdr::raw_input: flushing lone escape after input timeout; if this follows an alt chord or focus switch it may reach the pane as plain esc bytes=[27]
2026-07-01T18:07:50.787271Z  WARN herdr::raw_input: flushing lone escape after input timeout; if this follows an alt chord or focus switch it may reach the pane as plain esc bytes=[27]
2026-07-01T18:07:50.827452Z  WARN herdr::raw_input: flushing lone escape after input timeout; if this follows an alt chord or focus switch it may reach the pane as plain esc bytes=[27]
2026-07-01T18:07:50.867621Z  WARN herdr::raw_input: flushing lone escape after input timeout; if this follows an alt chord or focus switch it may reach the pane as plain esc bytes=[27]
2026-07-01T18:07:50.908047Z  WARN herdr::raw_input: flushing lone escape after input timeout; if this follows an alt chord or focus switch it may reach the pane as plain esc bytes=[27]
2026-07-01T18:07:50.948028Z  WARN herdr::raw_input: flushing lone escape after input timeout; if this follows an alt chord or focus switch it may reach the pane as plain esc bytes=[27]
2026-07-01T18:07:50.988165Z  WARN herdr::raw_input: flushing lone escape after input timeout; if this follows an alt chord or focus switch it may reach the pane as plain esc bytes=[27]
2026-07-01T18:07:51.028319Z  WARN herdr::raw_input: flushing lone escape after input timeout; if this follows an alt chord or focus switch it may reach the pane as plain esc bytes=[27]
2026-07-01T18:07:51.069190Z  WARN herdr::raw_input: flushing lone escape after input timeout; if this follows an alt chord or focus switch it may reach the pane as plain esc bytes=[27]
2026-07-01T18:07:51.109386Z  WARN herdr::raw_input: flushing lone escape after input timeout; if this follows an alt chord or focus switch it may reach the pane as plain esc bytes=[27]
2026-07-01T18:07:51.149363Z  WARN herdr::raw_input: flushing lone escape after input timeout; if this follows an alt chord or focus switch it may reach the pane as plain esc bytes=[27]
2026-07-01T18:07:51.189483Z  WARN herdr::raw_input: flushing lone escape after input timeout; if this follows an alt chord or focus switch it may reach the pane as plain esc bytes=[27]
2026-07-01T18:07:51.229717Z  WARN herdr::raw_input: flushing lone escape after input timeout; if this follows an alt chord or focus switch it may reach the pane as plain esc bytes=[27]
2026-07-01T18:07:51.272490Z  WARN herdr::raw_input: flushing lone escape after input timeout; if this follows an alt chord or focus switch it may reach the pane as plain esc bytes=[27]
2026-07-01T18:07:51.312149Z  WARN herdr::raw_input: flushing lone escape after input timeout; if this follows an alt chord or focus switch it may reach the pane as plain esc bytes=[27]
2026-07-01T18:07:51.352194Z  WARN herdr::raw_input: flushing lone escape after input timeout; if this follows an alt chord or focus switch it may reach the pane as plain esc bytes=[27]
2026-07-01T18:07:51.392424Z  WARN herdr::raw_input: flushing lone escape after input timeout; if this follows an alt chord or focus switch it may reach the pane as plain esc bytes=[27]
2026-07-01T18:07:51.432643Z  WARN herdr::raw_input: flushing lone escape after input timeout; if this follows an alt chord or focus switch it may reach the pane as plain esc bytes=[27]
2026-07-01T18:07:51.472639Z  WARN herdr::raw_input: flushing lone escape after input timeout; if this follows an alt chord or focus switch it may reach the pane as plain esc bytes=[27]
2026-07-01T18:07:51.512897Z  WARN herdr::raw_input: flushing lone escape after input timeout; if this follows an alt chord or focus switch it may reach the pane as plain esc bytes=[27]
2026-07-01T18:07:51.553215Z  WARN herdr::raw_input: flushing lone escape after input timeout; if this follows an alt chord or focus switch it may reach the pane as plain esc bytes=[27]
2026-07-01T18:07:51.593417Z  WARN herdr::raw_input: flushing lone escape after input timeout; if this follows an alt chord or focus switch it may reach the pane as plain esc bytes=[27]
2026-07-01T18:07:51.633461Z  WARN herdr::raw_input: flushing lone escape after input timeout; if this follows an alt chord or focus switch it may reach the pane as plain esc bytes=[27]
2026-07-01T18:07:51.673512Z  WARN herdr::raw_input: flushing lone escape after input timeout; if this follows an alt chord or focus switch it may reach the pane as plain esc bytes=[27]
2026-07-01T18:07:51.713846Z  WARN herdr::raw_input: flushing lone escape after input timeout; if this follows an alt chord or focus switch it may reach the pane as plain esc bytes=[27]
2026-07-01T18:07:51.755396Z  WARN herdr::raw_input: flushing lone escape after input timeout; if this follows an alt chord or focus switch it may reach the pane as plain esc bytes=[27]
2026-07-01T18:07:51.795374Z  WARN herdr::raw_input: flushing lone escape after input timeout; if this follows an alt chord or focus switch it may reach the pane as plain esc bytes=[27]
2026-07-01T18:07:51.835686Z  WARN herdr::raw_input: flushing lone escape after input timeout; if this follows an alt chord or focus switch it may reach the pane as plain esc bytes=[27]
2026-07-01T18:07:51.876038Z  WARN herdr::raw_input: flushing lone escape after input timeout; if this follows an alt chord or focus switch it may reach the pane as plain esc bytes=[27]
2026-07-01T18:07:51.915807Z  WARN herdr::raw_input: flushing lone escape after input timeout; if this follows an alt chord or focus switch it may reach the pane as plain esc bytes=[27]
2026-07-01T18:07:51.955986Z  WARN herdr::raw_input: flushing lone escape after input timeout; if this follows an alt chord or focus switch it may reach the pane as plain esc bytes=[27]
2026-07-01T18:07:51.996122Z  WARN herdr::raw_input: flushing lone escape after input timeout; if this follows an alt chord or focus switch it may reach the pane as plain esc bytes=[27]
2026-07-01T18:07:52.036523Z  WARN herdr::raw_input: flushing lone escape after input timeout; if this follows an alt chord or focus switch it may reach the pane as plain esc bytes=[27]
2026-07-01T18:07:52.076842Z  WARN herdr::raw_input: flushing lone escape after input timeout; if this follows an alt chord or focus switch it may reach the pane as plain esc bytes=[27]
2026-07-01T18:07:52.116738Z  WARN herdr::raw_input: flushing lone escape after input timeout; if this follows an alt chord or focus switch it may reach the pane as plain esc bytes=[27]
2026-07-01T18:07:52.156856Z  WARN herdr::raw_input: flushing lone escape after input timeout; if this follows an alt chord or focus switch it may reach the pane as plain esc bytes=[27]
2026-07-01T18:07:52.197037Z  WARN herdr::raw_input: flushing lone escape after input timeout; if this follows an alt chord or focus switch it may reach the pane as plain esc bytes=[27]
2026-07-01T18:07:52.237169Z  WARN herdr::raw_input: flushing lone escape after input timeout; if this follows an alt chord or focus switch it may reach the pane as plain esc bytes=[27]
2026-07-01T18:07:52.277301Z  WARN herdr::raw_input: flushing lone escape after input timeout; if this follows an alt chord or focus switch it may reach the pane as plain esc bytes=[27]
2026-07-01T18:07:52.317397Z  WARN herdr::raw_input: flushing lone escape after input timeout; if this follows an alt chord or focus switch it may reach the pane as plain esc bytes=[27]
2026-07-01T18:07:52.357450Z  WARN herdr::raw_input: flushing lone escape after input timeout; if this follows an alt chord or focus switch it may reach the pane as plain esc bytes=[27]
2026-07-01T18:07:52.397828Z  WARN herdr::raw_input: flushing lone escape after input timeout; if this follows an alt chord or focus switch it may reach the pane as plain esc bytes=[27]
2026-07-01T18:07:52.438058Z  WARN herdr::raw_input: flushing lone escape after input timeout; if this follows an alt chord or focus switch it may reach the pane as plain esc bytes=[27]
2026-07-01T18:07:52.478376Z  WARN herdr::raw_input: flushing lone escape after input timeout; if this follows an alt chord or focus switch it may reach the pane as plain esc bytes=[27]
2026-07-01T18:07:52.518427Z  WARN herdr::raw_input: flushing lone escape after input timeout; if this follows an alt chord or focus switch it may reach the pane as plain esc bytes=[27]
2026-07-01T18:07:52.558610Z  WARN herdr::raw_input: flushing lone escape after input timeout; if this follows an alt chord or focus switch it may reach the pane as plain esc bytes=[27]
2026-07-01T18:07:52.598515Z  WARN herdr::raw_input: flushing lone escape after input timeout; if this follows an alt chord or focus switch it may reach the pane as plain esc bytes=[27]
2026-07-01T18:07:52.638714Z  WARN herdr::raw_input: flushing lone escape after input timeout; if this follows an alt chord or focus switch it may reach the pane as plain esc bytes=[27]
2026-07-01T18:07:52.678794Z  WARN herdr::raw_input: flushing lone escape after input timeout; if this follows an alt chord or focus switch it may reach the pane as plain esc bytes=[27]
2026-07-01T18:07:52.719101Z  WARN herdr::raw_input: flushing lone escape after input timeout; if this follows an alt chord or focus switch it may reach the pane as plain esc bytes=[27]
2026-07-01T18:07:52.759615Z  WARN herdr::raw_input: flushing lone escape after input timeout; if this follows an alt chord or focus switch it may reach the pane as plain esc bytes=[27]
2026-07-01T18:07:52.799350Z  WARN herdr::raw_input: flushing lone escape after input timeout; if this follows an alt chord or focus switch it may reach the pane as plain esc bytes=[27]
2026-07-01T18:07:52.839420Z  WARN herdr::raw_input: flushing lone escape after input timeout; if this follows an alt chord or focus switch it may reach the pane as plain esc bytes=[27]
2026-07-01T18:07:52.879642Z  WARN herdr::raw_input: flushing lone escape after input timeout; if this follows an alt chord or focus switch it may reach the pane as plain esc bytes=[27]
2026-07-01T18:07:52.922513Z  WARN herdr::raw_input: flushing lone escape after input timeout; if this follows an alt chord or focus switch it may reach the pane as plain esc bytes=[27]
2026-07-01T18:07:52.962123Z  WARN herdr::raw_input: flushing lone escape after input timeout; if this follows an alt chord or focus switch it may reach the pane as plain esc bytes=[27]
2026-07-01T18:07:53.002417Z  WARN herdr::raw_input: flushing lone escape after input timeout; if this follows an alt chord or focus switch it may reach the pane as plain esc bytes=[27]
2026-07-01T18:07:53.044379Z  WARN herdr::raw_input: flushing lone escape after input timeout; if this follows an alt chord or focus switch it may reach the pane as plain esc bytes=[27]
2026-07-01T18:07:53.082555Z  WARN herdr::raw_input: flushing lone escape after input timeout; if this follows an alt chord or focus switch it may reach the pane as plain esc bytes=[27]
2026-07-01T18:07:53.122670Z  WARN herdr::raw_input: flushing lone escape after input timeout; if this follows an alt chord or focus switch it may reach the pane as plain esc bytes=[27]
2026-07-01T18:07:53.162837Z  WARN herdr::raw_input: flushing lone escape after input timeout; if this follows an alt chord or focus switch it may reach the pane as plain esc bytes=[27]
2026-07-01T18:07:53.203200Z  WARN herdr::raw_input: flushing lone escape after input timeout; if this follows an alt chord or focus switch it may reach the pane as plain esc bytes=[27]
2026-07-01T18:07:53.243686Z  WARN herdr::raw_input: flushing lone escape after input timeout; if this follows an alt chord or focus switch it may reach the pane as plain esc bytes=[27]
2026-07-01T18:07:53.283441Z  WARN herdr::raw_input: flushing lone escape after input timeout; if this follows an alt chord or focus switch it may reach the pane as plain esc bytes=[27]
2026-07-01T18:07:53.323550Z  WARN herdr::raw_input: flushing lone escape after input timeout; if this follows an alt chord or focus switch it may reach the pane as plain esc bytes=[27]
2026-07-01T18:07:53.363708Z  WARN herdr::raw_input: flushing lone escape after input timeout; if this follows an alt chord or focus switch it may reach the pane as plain esc bytes=[27]
2026-07-01T18:07:53.404269Z  WARN herdr::raw_input: flushing lone escape after input timeout; if this follows an alt chord or focus switch it may reach the pane as plain esc bytes=[27]
2026-07-01T18:07:53.444680Z  WARN herdr::raw_input: flushing lone escape after input timeout; if this follows an alt chord or focus switch it may reach the pane as plain esc bytes=[27]
2026-07-01T18:07:53.484485Z  WARN herdr::raw_input: flushing lone escape after input timeout; if this follows an alt chord or focus switch it may reach the pane as plain esc bytes=[27]
2026-07-01T18:07:53.524596Z  WARN herdr::raw_input: flushing lone escape after input timeout; if this follows an alt chord or focus switch it may reach the pane as plain esc bytes=[27]
2026-07-01T18:07:53.564736Z  WARN herdr::raw_input: flushing lone escape after input timeout; if this follows an alt chord or focus switch it may reach the pane as plain esc bytes=[27]
2026-07-01T18:07:53.605794Z  WARN herdr::raw_input: flushing lone escape after input timeout; if this follows an alt chord or focus switch it may reach the pane as plain esc bytes=[27]
2026-07-01T18:07:53.645887Z  WARN herdr::raw_input: flushing lone escape after input timeout; if this follows an alt chord or focus switch it may reach the pane as plain esc bytes=[27]
2026-07-01T18:07:53.686070Z  WARN herdr::raw_input: flushing lone escape after input timeout; if this follows an alt chord or focus switch it may reach the pane as plain esc bytes=[27]
2026-07-01T18:07:53.726278Z  WARN herdr::raw_input: flushing lone escape after input timeout; if this follows an alt chord or focus switch it may reach the pane as plain esc bytes=[27]
2026-07-01T18:07:53.766288Z  WARN herdr::raw_input: flushing lone escape after input timeout; if this follows an alt chord or focus switch it may reach the pane as plain esc bytes=[27]
2026-07-01T18:07:53.806495Z  WARN herdr::raw_input: flushing lone escape after input timeout; if this follows an alt chord or focus switch it may reach the pane as plain esc bytes=[27]
2026-07-01T18:07:53.846720Z  WARN herdr::raw_input: flushing lone escape after input timeout; if this follows an alt chord or focus switch it may reach the pane as plain esc bytes=[27]
2026-07-01T18:07:53.887095Z  WARN herdr::raw_input: flushing lone escape after input timeout; if this follows an alt chord or focus switch it may reach the pane as plain esc bytes=[27]
2026-07-01T18:07:53.927430Z  WARN herdr::raw_input: flushing lone escape after input timeout; if this follows an alt chord or focus switch it may reach the pane as plain esc bytes=[27]
2026-07-01T18:07:53.967396Z  WARN herdr::raw_input: flushing lone escape after input timeout; if this follows an alt chord or focus switch it may reach the pane as plain esc bytes=[27]
2026-07-01T18:07:54.007465Z  WARN herdr::raw_input: flushing lone escape after input timeout; if this follows an alt chord or focus switch it may reach the pane as plain esc bytes=[27]
2026-07-01T18:07:54.047604Z  WARN herdr::raw_input: flushing lone escape after input timeout; if this follows an alt chord or focus switch it may reach the pane as plain esc bytes=[27]
2026-07-01T18:07:54.088117Z  WARN herdr::raw_input: flushing lone escape after input timeout; if this follows an alt chord or focus switch it may reach the pane as plain esc bytes=[27]
2026-07-01T18:07:54.128580Z  WARN herdr::raw_input: flushing lone escape after input timeout; if this follows an alt chord or focus switch it may reach the pane as plain esc bytes=[27]
2026-07-01T18:07:54.168448Z  WARN herdr::raw_input: flushing lone escape after input timeout; if this follows an alt chord or focus switch it may reach the pane as plain esc bytes=[27]
2026-07-01T18:07:54.208559Z  WARN herdr::raw_input: flushing lone escape after input timeout; if this follows an alt chord or focus switch it may reach the pane as plain esc bytes=[27]
2026-07-01T18:07:54.248587Z  WARN herdr::raw_input: flushing lone escape after input timeout; if this follows an alt chord or focus switch it may reach the pane as plain esc bytes=[27]
2026-07-01T18:07:54.290493Z  WARN herdr::raw_input: flushing lone escape after input timeout; if this follows an alt chord or focus switch it may reach the pane as plain esc bytes=[27]
2026-07-01T18:07:54.330577Z  WARN herdr::raw_input: flushing lone escape after input timeout; if this follows an alt chord or focus switch it may reach the pane as plain esc bytes=[27]
2026-07-01T18:07:54.370746Z  WARN herdr::raw_input: flushing lone escape after input timeout; if this follows an alt chord or focus switch it may reach the pane as plain esc bytes=[27]
2026-07-01T18:07:54.411333Z  WARN herdr::raw_input: flushing lone escape after input timeout; if this follows an alt chord or focus switch it may reach the pane as plain esc bytes=[27]
2026-07-01T18:07:54.451047Z  WARN herdr::raw_input: flushing lone escape after input timeout; if this follows an alt chord or focus switch it may reach the pane as plain esc bytes=[27]
2026-07-01T18:07:54.491299Z  WARN herdr::raw_input: flushing lone escape after input timeout; if this follows an alt chord or focus switch it may reach the pane as plain esc bytes=[27]
2026-07-01T18:07:54.531304Z  WARN herdr::raw_input: flushing lone escape after input timeout; if this follows an alt chord or focus switch it may reach the pane as plain esc bytes=[27]
2026-07-01T18:07:54.571798Z  WARN herdr::raw_input: flushing lone escape after input timeout; if this follows an alt chord or focus switch it may reach the pane as plain esc bytes=[27]
2026-07-01T18:07:54.612508Z  WARN herdr::raw_input: flushing lone escape after input timeout; if this follows an alt chord or focus switch it may reach the pane as plain esc bytes=[27]
2026-07-01T18:07:54.651868Z  WARN herdr::raw_input: flushing lone escape after input timeout; if this follows an alt chord or focus switch it may reach the pane as plain esc bytes=[27]
2026-07-01T18:07:54.692448Z  WARN herdr::raw_input: flushing lone escape after input timeout; if this follows an alt chord or focus switch it may reach the pane as plain esc bytes=[27]
2026-07-01T18:07:54.732214Z  WARN herdr::raw_input: flushing lone escape after input timeout; if this follows an alt chord or focus switch it may reach the pane as plain esc bytes=[27]
2026-07-01T18:07:54.772491Z  WARN herdr::raw_input: flushing lone escape after input timeout; if this follows an alt chord or focus switch it may reach the pane as plain esc bytes=[27]
2026-07-01T18:07:54.812801Z  WARN herdr::raw_input: flushing lone escape after input timeout; if this follows an alt chord or focus switch it may reach the pane as plain esc bytes=[27]
2026-07-01T18:07:54.852723Z  WARN herdr::raw_input: flushing lone escape after input timeout; if this follows an alt chord or focus switch it may reach the pane as plain esc bytes=[27]
2026-07-01T18:07:54.892717Z  WARN herdr::raw_input: flushing lone escape after input timeout; if this follows an alt chord or focus switch it may reach the pane as plain esc bytes=[27]
2026-07-01T18:07:54.932772Z  WARN herdr::raw_input: flushing lone escape after input timeout; if this follows an alt chord or focus switch it may reach the pane as plain esc bytes=[27]
2026-07-01T18:07:54.973119Z  WARN herdr::raw_input: flushing lone escape after input timeout; if this follows an alt chord or focus switch it may reach the pane as plain esc bytes=[27]
2026-07-01T18:07:55.013277Z  WARN herdr::raw_input: flushing lone escape after input timeout; if this follows an alt chord or focus switch it may reach the pane as plain esc bytes=[27]
2026-07-01T18:07:55.053288Z  WARN herdr::raw_input: flushing lone escape after input timeout; if this follows an alt chord or focus switch it may reach the pane as plain esc bytes=[27]
2026-07-01T18:07:55.093348Z  WARN herdr::raw_input: flushing lone escape after input timeout; if this follows an alt chord or focus switch it may reach the pane as plain esc bytes=[27]
2026-07-01T18:07:55.133574Z  WARN herdr::raw_input: flushing lone escape after input timeout; if this follows an alt chord or focus switch it may reach the pane as plain esc bytes=[27]
2026-07-01T18:07:55.174082Z  WARN herdr::raw_input: flushing lone escape after input timeout; if this follows an alt chord or focus switch it may reach the pane as plain esc bytes=[27]
2026-07-01T18:07:55.214186Z  WARN herdr::raw_input: flushing lone escape after input timeout; if this follows an alt chord or focus switch it may reach the pane as plain esc bytes=[27]
2026-07-01T18:07:55.254246Z  WARN herdr::raw_input: flushing lone escape after input timeout; if this follows an alt chord or focus switch it may reach the pane as plain esc bytes=[27]
2026-07-01T18:07:55.294403Z  WARN herdr::raw_input: flushing lone escape after input timeout; if this follows an alt chord or focus switch it may reach the pane as plain esc bytes=[27]
2026-07-01T18:07:55.334456Z  WARN herdr::raw_input: flushing lone escape after input timeout; if this follows an alt chord or focus switch it may reach the pane as plain esc bytes=[27]
2026-07-01T18:07:55.374843Z  WARN herdr::raw_input: flushing lone escape after input timeout; if this follows an alt chord or focus switch it may reach the pane as plain esc bytes=[27]
2026-07-01T18:07:55.414863Z  WARN herdr::raw_input: flushing lone escape after input timeout; if this follows an alt chord or focus switch it may reach the pane as plain esc bytes=[27]
2026-07-01T18:07:55.455129Z  WARN herdr::raw_input: flushing lone escape after input timeout; if this follows an alt chord or focus switch it may reach the pane as plain esc bytes=[27]
2026-07-01T18:07:55.495722Z  WARN herdr::raw_input: flushing lone escape after input timeout; if this follows an alt chord or focus switch it may reach the pane as plain esc bytes=[27]
2026-07-01T18:07:55.535398Z  WARN herdr::raw_input: flushing lone escape after input timeout; if this follows an alt chord or focus switch it may reach the pane as plain esc bytes=[27]
2026-07-01T18:07:55.575478Z  WARN herdr::raw_input: flushing lone escape after input timeout; if this follows an alt chord or focus switch it may reach the pane as plain esc bytes=[27]
2026-07-01T18:07:55.615543Z  WARN herdr::raw_input: flushing lone escape after input timeout; if this follows an alt chord or focus switch it may reach the pane as plain esc bytes=[27]
2026-07-01T18:07:55.655859Z  WARN herdr::raw_input: flushing lone escape after input timeout; if this follows an alt chord or focus switch it may reach the pane as plain esc bytes=[27]
2026-07-01T18:07:55.696440Z  WARN herdr::raw_input: flushing lone escape after input timeout; if this follows an alt chord or focus switch it may reach the pane as plain esc bytes=[27]
2026-07-01T18:07:55.735976Z  WARN herdr::raw_input: flushing lone escape after input timeout; if this follows an alt chord or focus switch it may reach the pane as plain esc bytes=[27]
2026-07-01T18:07:55.776305Z  WARN herdr::raw_input: flushing lone escape after input timeout; if this follows an alt chord or focus switch it may reach the pane as plain esc bytes=[27]
2026-07-01T18:07:55.816253Z  WARN herdr::raw_input: flushing lone escape after input timeout; if this follows an alt chord or focus switch it may reach the pane as plain esc bytes=[27]
2026-07-01T18:07:55.857965Z  WARN herdr::raw_input: flushing lone escape after input timeout; if this follows an alt chord or focus switch it may reach the pane as plain esc bytes=[27]
2026-07-01T18:07:55.898028Z  WARN herdr::raw_input: flushing lone escape after input timeout; if this follows an alt chord or focus switch it may reach the pane as plain esc bytes=[27]
2026-07-01T18:07:55.938193Z  WARN herdr::raw_input: flushing lone escape after input timeout; if this follows an alt chord or focus switch it may reach the pane as plain esc bytes=[27]
2026-07-01T18:07:55.981298Z  WARN herdr::raw_input: flushing lone escape after input timeout; if this follows an alt chord or focus switch it may reach the pane as plain esc bytes=[27]
2026-07-01T18:07:56.018421Z  WARN herdr::raw_input: flushing lone escape after input timeout; if this follows an alt chord or focus switch it may reach the pane as plain esc bytes=[27]
2026-07-01T18:07:56.058653Z  WARN herdr::raw_input: flushing lone escape after input timeout; if this follows an alt chord or focus switch it may reach the pane as plain esc bytes=[27]
2026-07-01T18:07:56.098735Z  WARN herdr::raw_input: flushing lone escape after input timeout; if this follows an alt chord or focus switch it may reach the pane as plain esc bytes=[27]
2026-07-01T18:07:56.138896Z  WARN herdr::raw_input: flushing lone escape after input timeout; if this follows an alt chord or focus switch it may reach the pane as plain esc bytes=[27]
2026-07-01T18:07:56.179443Z  WARN herdr::raw_input: flushing lone escape after input timeout; if this follows an alt chord or focus switch it may reach the pane as plain esc bytes=[27]
2026-07-01T18:07:56.219217Z  WARN herdr::raw_input: flushing lone escape after input timeout; if this follows an alt chord or focus switch it may reach the pane as plain esc bytes=[27]
2026-07-01T18:07:56.259334Z  WARN herdr::raw_input: flushing lone escape after input timeout; if this follows an alt chord or focus switch it may reach the pane as plain esc bytes=[27]
2026-07-01T18:07:56.299533Z  WARN herdr::raw_input: flushing lone escape after input timeout; if this follows an alt chord or focus switch it may reach the pane as plain esc bytes=[27]
2026-07-01T18:07:56.340000Z  WARN herdr::raw_input: flushing lone escape after input timeout; if this follows an alt chord or focus switch it may reach the pane as plain esc bytes=[27]
2026-07-01T18:07:56.380127Z  WARN herdr::raw_input: flushing lone escape after input timeout; if this follows an alt chord or focus switch it may reach the pane as plain esc bytes=[27]
2026-07-01T18:07:56.420109Z  WARN herdr::raw_input: flushing lone escape after input timeout; if this follows an alt chord or focus switch it may reach the pane as plain esc bytes=[27]
2026-07-01T18:07:56.460259Z  WARN herdr::raw_input: flushing lone escape after input timeout; if this follows an alt chord or focus switch it may reach the pane as plain esc bytes=[27]
2026-07-01T18:07:56.500327Z  WARN herdr::raw_input: flushing lone escape after input timeout; if this follows an alt chord or focus switch it may reach the pane as plain esc bytes=[27]
2026-07-01T18:07:56.542206Z  WARN herdr::raw_input: flushing lone escape after input timeout; if this follows an alt chord or focus switch it may reach the pane as plain esc bytes=[27]
2026-07-01T18:07:56.581257Z  WARN herdr::raw_input: flushing lone escape after input timeout; if this follows an alt chord or focus switch it may reach the pane as plain esc bytes=[27]
2026-07-01T18:07:56.621078Z  WARN herdr::raw_input: flushing lone escape after input timeout; if this follows an alt chord or focus switch it may reach the pane as plain esc bytes=[27]
2026-07-01T18:07:56.664377Z  WARN herdr::raw_input: flushing lone escape after input timeout; if this follows an alt chord or focus switch it may reach the pane as plain esc bytes=[27]
2026-07-01T18:07:56.704025Z  WARN herdr::raw_input: flushing lone escape after input timeout; if this follows an alt chord or focus switch it may reach the pane as plain esc bytes=[27]
2026-07-01T18:07:56.744191Z  WARN herdr::raw_input: flushing lone escape after input timeout; if this follows an alt chord or focus switch it may reach the pane as plain esc bytes=[27]
2026-07-01T18:07:56.784314Z  WARN herdr::raw_input: flushing lone escape after input timeout; if this follows an alt chord or focus switch it may reach the pane as plain esc bytes=[27]
2026-07-01T18:07:56.824807Z  WARN herdr::raw_input: flushing lone escape after input timeout; if this follows an alt chord or focus switch it may reach the pane as plain esc bytes=[27]
2026-07-01T18:07:56.865013Z  WARN herdr::raw_input: flushing lone escape after input timeout; if this follows an alt chord or focus switch it may reach the pane as plain esc bytes=[27]
2026-07-01T18:07:56.905336Z  WARN herdr::raw_input: flushing lone escape after input timeout; if this follows an alt chord or focus switch it may reach the pane as plain esc bytes=[27]
2026-07-01T18:07:56.945380Z  WARN herdr::raw_input: flushing lone escape after input timeout; if this follows an alt chord or focus switch it may reach the pane as plain esc bytes=[27]
2026-07-01T18:07:56.985690Z  WARN herdr::raw_input: flushing lone escape after input timeout; if this follows an alt chord or focus switch it may reach the pane as plain esc bytes=[27]
2026-07-01T18:07:57.025646Z  WARN herdr::raw_input: flushing lone escape after input timeout; if this follows an alt chord or focus switch it may reach the pane as plain esc bytes=[27]
2026-07-01T18:07:57.065804Z  WARN herdr::raw_input: flushing lone escape after input timeout; if this follows an alt chord or focus switch it may reach the pane as plain esc bytes=[27]
2026-07-01T18:07:57.105874Z  WARN herdr::raw_input: flushing lone escape after input timeout; if this follows an alt chord or focus switch it may reach the pane as plain esc bytes=[27]
2026-07-01T18:07:57.145961Z  WARN herdr::raw_input: flushing lone escape after input timeout; if this follows an alt chord or focus switch it may reach the pane as plain esc bytes=[27]
2026-07-01T18:07:57.186102Z  WARN herdr::raw_input: flushing lone escape after input timeout; if this follows an alt chord or focus switch it may reach the pane as plain esc bytes=[27]
2026-07-01T18:07:57.226555Z  WARN herdr::raw_input: flushing lone escape after input timeout; if this follows an alt chord or focus switch it may reach the pane as plain esc bytes=[27]
2026-07-01T18:07:57.268988Z  WARN herdr::raw_input: flushing lone escape after input timeout; if this follows an alt chord or focus switch it may reach the pane as plain esc bytes=[27]
2026-07-01T18:07:57.307555Z  WARN herdr::raw_input: flushing lone escape after input timeout; if this follows an alt chord or focus switch it may reach the pane as plain esc bytes=[27]
2026-07-01T18:07:57.346779Z  WARN herdr::raw_input: flushing lone escape after input timeout; if this follows an alt chord or focus switch it may reach the pane as plain esc bytes=[27]
2026-07-01T18:07:57.386933Z  WARN herdr::raw_input: flushing lone escape after input timeout; if this follows an alt chord or focus switch it may reach the pane as plain esc bytes=[27]
2026-07-01T18:07:57.427150Z  WARN herdr::raw_input: flushing lone escape after input timeout; if this follows an alt chord or focus switch it may reach the pane as plain esc bytes=[27]
2026-07-01T18:07:57.467263Z  WARN herdr::raw_input: flushing lone escape after input timeout; if this follows an alt chord or focus switch it may reach the pane as plain esc bytes=[27]
2026-07-01T18:07:57.507493Z  WARN herdr::raw_input: flushing lone escape after input timeout; if this follows an alt chord or focus switch it may reach the pane as plain esc bytes=[27]
2026-07-01T18:07:57.548046Z  WARN herdr::raw_input: flushing lone escape after input timeout; if this follows an alt chord or focus switch it may reach the pane as plain esc bytes=[27]
2026-07-01T18:07:57.587631Z  WARN herdr::raw_input: flushing lone escape after input timeout; if this follows an alt chord or focus switch it may reach the pane as plain esc bytes=[27]
2026-07-01T18:07:57.629210Z  WARN herdr::raw_input: flushing lone escape after input timeout; if this follows an alt chord or focus switch it may reach the pane as plain esc bytes=[27]
2026-07-01T18:07:57.674219Z  WARN herdr::raw_input: flushing lone escape after input timeout; if this follows an alt chord or focus switch it may reach the pane as plain esc bytes=[27]
2026-07-01T18:07:57.709160Z  WARN herdr::raw_input: flushing lone escape after input timeout; if this follows an alt chord or focus switch it may reach the pane as plain esc bytes=[27]
2026-07-01T18:07:57.749367Z  WARN herdr::raw_input: flushing lone escape after input timeout; if this follows an alt chord or focus switch it may reach the pane as plain esc bytes=[27]
2026-07-01T18:07:57.789400Z  WARN herdr::raw_input: flushing lone escape after input timeout; if this follows an alt chord or focus switch it may reach the pane as plain esc bytes=[27]
2026-07-01T18:07:57.829638Z  WARN herdr::raw_input: flushing lone escape after input timeout; if this follows an alt chord or focus switch it may reach the pane as plain esc bytes=[27]
2026-07-01T18:07:57.869646Z  WARN herdr::raw_input: flushing lone escape after input timeout; if this follows an alt chord or focus switch it may reach the pane as plain esc bytes=[27]
2026-07-01T18:07:57.909753Z  WARN herdr::raw_input: flushing lone escape after input timeout; if this follows an alt chord or focus switch it may reach the pane as plain esc bytes=[27]
2026-07-01T18:07:57.950130Z  WARN herdr::raw_input: flushing lone escape after input timeout; if this follows an alt chord or focus switch it may reach the pane as plain esc bytes=[27]
2026-07-01T18:07:57.990062Z  WARN herdr::raw_input: flushing lone escape after input timeout; if this follows an alt chord or focus switch it may reach the pane as plain esc bytes=[27]
2026-07-01T18:07:58.030170Z  WARN herdr::raw_input: flushing lone escape after input timeout; if this follows an alt chord or focus switch it may reach the pane as plain esc bytes=[27]
2026-07-01T18:07:58.070366Z  WARN herdr::raw_input: flushing lone escape after input timeout; if this follows an alt chord or focus switch it may reach the pane as plain esc bytes=[27]
2026-07-01T18:07:58.110406Z  WARN herdr::raw_input: flushing lone escape after input timeout; if this follows an alt chord or focus switch it may reach the pane as plain esc bytes=[27]
2026-07-01T18:07:58.150619Z  WARN herdr::raw_input: flushing lone escape after input timeout; if this follows an alt chord or focus switch it may reach the pane as plain esc bytes=[27]
2026-07-01T18:07:58.190862Z  WARN herdr::raw_input: flushing lone escape after input timeout; if this follows an alt chord or focus switch it may reach the pane as plain esc bytes=[27]
2026-07-01T18:07:58.230953Z  WARN herdr::raw_input: flushing lone escape after input timeout; if this follows an alt chord or focus switch it may reach the pane as plain esc bytes=[27]
2026-07-01T18:07:58.271415Z  WARN herdr::raw_input: flushing lone escape after input timeout; if this follows an alt chord or focus switch it may reach the pane as plain esc bytes=[27]
2026-07-01T18:07:58.311374Z  WARN herdr::raw_input: flushing lone escape after input timeout; if this follows an alt chord or focus switch it may reach the pane as plain esc bytes=[27]
2026-07-01T18:07:58.351400Z  WARN herdr::raw_input: flushing lone escape after input timeout; if this follows an alt chord or focus switch it may reach the pane as plain esc bytes=[27]
2026-07-01T18:07:58.391583Z  WARN herdr::raw_input: flushing lone escape after input timeout; if this follows an alt chord or focus switch it may reach the pane as plain esc bytes=[27]
2026-07-01T18:07:58.431996Z  WARN herdr::raw_input: flushing lone escape after input timeout; if this follows an alt chord or focus switch it may reach the pane as plain esc bytes=[27]
2026-07-01T18:07:58.471968Z  WARN herdr::raw_input: flushing lone escape after input timeout; if this follows an alt chord or focus switch it may reach the pane as plain esc bytes=[27]
2026-07-01T18:07:58.515252Z  WARN herdr::raw_input: flushing lone escape after input timeout; if this follows an alt chord or focus switch it may reach the pane as plain esc bytes=[27]
2026-07-01T18:07:58.555115Z  WARN herdr::raw_input: flushing lone escape after input timeout; if this follows an alt chord or focus switch it may reach the pane as plain esc bytes=[27]
2026-07-01T18:07:58.595233Z  WARN herdr::raw_input: flushing lone escape after input timeout; if this follows an alt chord or focus switch it may reach the pane as plain esc bytes=[27]
2026-07-01T18:07:58.635344Z  WARN herdr::raw_input: flushing lone escape after input timeout; if this follows an alt chord or focus switch it may reach the pane as plain esc bytes=[27]
2026-07-01T18:07:58.675490Z  WARN herdr::raw_input: flushing lone escape after input timeout; if this follows an alt chord or focus switch it may reach the pane as plain esc bytes=[27]
2026-07-01T18:07:58.716066Z  WARN herdr::raw_input: flushing lone escape after input timeout; if this follows an alt chord or focus switch it may reach the pane as plain esc bytes=[27]
2026-07-01T18:07:58.755748Z  WARN herdr::raw_input: flushing lone escape after input timeout; if this follows an alt chord or focus switch it may reach the pane as plain esc bytes=[27]
2026-07-01T18:07:58.795867Z  WARN herdr::raw_input: flushing lone escape after input timeout; if this follows an alt chord or focus switch it may reach the pane as plain esc bytes=[27]
2026-07-01T18:07:58.840246Z  WARN herdr::raw_input: flushing lone escape after input timeout; if this follows an alt chord or focus switch it may reach the pane as plain esc bytes=[27]
2026-07-01T18:07:58.881677Z  WARN herdr::raw_input: flushing lone escape after input timeout; if this follows an alt chord or focus switch it may reach the pane as plain esc bytes=[27]
2026-07-01T18:07:58.921190Z  WARN herdr::raw_input: flushing lone escape after input timeout; if this follows an alt chord or focus switch it may reach the pane as plain esc bytes=[27]
2026-07-01T18:07:58.961470Z  WARN herdr::raw_input: flushing lone escape after input timeout; if this follows an alt chord or focus switch it may reach the pane as plain esc bytes=[27]
2026-07-01T18:07:59.001496Z  WARN herdr::raw_input: flushing lone escape after input timeout; if this follows an alt chord or focus switch it may reach the pane as plain esc bytes=[27]
2026-07-01T18:07:59.044593Z  WARN herdr::raw_input: flushing lone escape after input timeout; if this follows an alt chord or focus switch it may reach the pane as plain esc bytes=[27]
2026-07-01T18:07:59.082692Z  WARN herdr::raw_input: flushing lone escape after input timeout; if this follows an alt chord or focus switch it may reach the pane as plain esc bytes=[27]
2026-07-01T18:07:59.122827Z  WARN herdr::raw_input: flushing lone escape after input timeout; if this follows an alt chord or focus switch it may reach the pane as plain esc bytes=[27]
2026-07-01T18:07:59.162867Z  WARN herdr::raw_input: flushing lone escape after input timeout; if this follows an alt chord or focus switch it may reach the pane as plain esc bytes=[27]
2026-07-01T18:07:59.202982Z  WARN herdr::raw_input: flushing lone escape after input timeout; if this follows an alt chord or focus switch it may reach the pane as plain esc bytes=[27]
2026-07-01T18:07:59.243655Z  WARN herdr::raw_input: flushing lone escape after input timeout; if this follows an alt chord or focus switch it may reach the pane as plain esc bytes=[27]
2026-07-01T18:07:59.284162Z  WARN herdr::raw_input: flushing lone escape after input timeout; if this follows an alt chord or focus switch it may reach the pane as plain esc bytes=[27]
2026-07-01T18:07:59.323811Z  WARN herdr::raw_input: flushing lone escape after input timeout; if this follows an alt chord or focus switch it may reach the pane as plain esc bytes=[27]
2026-07-01T18:07:59.363970Z  WARN herdr::raw_input: flushing lone escape after input timeout; if this follows an alt chord or focus switch it may reach the pane as plain esc bytes=[27]
2026-07-01T18:07:59.404436Z  WARN herdr::raw_input: flushing lone escape after input timeout; if this follows an alt chord or focus switch it may reach the pane as plain esc bytes=[27]
2026-07-01T18:07:59.445248Z  WARN herdr::raw_input: flushing lone escape after input timeout; if this follows an alt chord or focus switch it may reach the pane as plain esc bytes=[27]
2026-07-01T18:07:59.484839Z  WARN herdr::raw_input: flushing lone escape after input timeout; if this follows an alt chord or focus switch it may reach the pane as plain esc bytes=[27]
2026-07-01T18:07:59.524628Z  WARN herdr::raw_input: flushing lone escape after input timeout; if this follows an alt chord or focus switch it may reach the pane as plain esc bytes=[27]
2026-07-01T18:07:59.567511Z  WARN herdr::raw_input: flushing lone escape after input timeout; if this follows an alt chord or focus switch it may reach the pane as plain esc bytes=[27]
2026-07-01T18:07:59.604765Z  WARN herdr::raw_input: flushing lone escape after input timeout; if this follows an alt chord or focus switch it may reach the pane as plain esc bytes=[27]
2026-07-01T18:07:59.644931Z  WARN herdr::raw_input: flushing lone escape after input timeout; if this follows an alt chord or focus switch it may reach the pane as plain esc bytes=[27]
2026-07-01T18:07:59.685059Z  WARN herdr::raw_input: flushing lone escape after input timeout; if this follows an alt chord or focus switch it may reach the pane as plain esc bytes=[27]
2026-07-01T18:07:59.725259Z  WARN herdr::raw_input: flushing lone escape after input timeout; if this follows an alt chord or focus switch it may reach the pane as plain esc bytes=[27]
2026-07-01T18:07:59.765392Z  WARN herdr::raw_input: flushing lone escape after input timeout; if this follows an alt chord or focus switch it may reach the pane as plain esc bytes=[27]
2026-07-01T18:07:59.805508Z  WARN herdr::raw_input: flushing lone escape after input timeout; if this follows an alt chord or focus switch it may reach the pane as plain esc bytes=[27]
2026-07-01T18:07:59.845702Z  WARN herdr::raw_input: flushing lone escape after input timeout; if this follows an alt chord or focus switch it may reach the pane as plain esc bytes=[27]
2026-07-01T18:07:59.885736Z  WARN herdr::raw_input: flushing lone escape after input timeout; if this follows an alt chord or focus switch it may reach the pane as plain esc bytes=[27]
2026-07-01T18:07:59.926033Z  WARN herdr::raw_input: flushing lone escape after input timeout; if this follows an alt chord or focus switch it may reach the pane as plain esc bytes=[27]
2026-07-01T18:07:59.965939Z  WARN herdr::raw_input: flushing lone escape after input timeout; if this follows an alt chord or focus switch it may reach the pane as plain esc bytes=[27]
2026-07-01T18:08:00.006123Z  WARN herdr::raw_input: flushing lone escape after input timeout; if this follows an alt chord or focus switch it may reach the pane as plain esc bytes=[27]
2026-07-01T18:08:00.046361Z  WARN herdr::raw_input: flushing lone escape after input timeout; if this follows an alt chord or focus switch it may reach the pane as plain esc bytes=[27]
2026-07-01T18:08:00.086334Z  WARN herdr::raw_input: flushing lone escape after input timeout; if this follows an alt chord or focus switch it may reach the pane as plain esc bytes=[27]
2026-07-01T18:08:00.129456Z  WARN herdr::raw_input: flushing lone escape after input timeout; if this follows an alt chord or focus switch it may reach the pane as plain esc bytes=[27]
2026-07-01T18:08:00.169491Z  WARN herdr::raw_input: flushing lone escape after input timeout; if this follows an alt chord or focus switch it may reach the pane as plain esc bytes=[27]
2026-07-01T18:08:00.209573Z  WARN herdr::raw_input: flushing lone escape after input timeout; if this follows an alt chord or focus switch it may reach the pane as plain esc bytes=[27]
2026-07-01T18:08:00.249846Z  WARN herdr::raw_input: flushing lone escape after input timeout; if this follows an alt chord or focus switch it may reach the pane as plain esc bytes=[27]
2026-07-01T18:08:00.289951Z  WARN herdr::raw_input: flushing lone escape after input timeout; if this follows an alt chord or focus switch it may reach the pane as plain esc bytes=[27]
2026-07-01T18:08:00.330024Z  WARN herdr::raw_input: flushing lone escape after input timeout; if this follows an alt chord or focus switch it may reach the pane as plain esc bytes=[27]
2026-07-01T18:08:00.370241Z  WARN herdr::raw_input: flushing lone escape after input timeout; if this follows an alt chord or focus switch it may reach the pane as plain esc bytes=[27]
2026-07-01T18:08:00.413029Z  WARN herdr::raw_input: flushing lone escape after input timeout; if this follows an alt chord or focus switch it may reach the pane as plain esc bytes=[27]
2026-07-01T18:08:00.453121Z  WARN herdr::raw_input: flushing lone escape after input timeout; if this follows an alt chord or focus switch it may reach the pane as plain esc bytes=[27]
2026-07-01T18:08:00.493281Z  WARN herdr::raw_input: flushing lone escape after input timeout; if this follows an alt chord or focus switch it may reach the pane as plain esc bytes=[27]
2026-07-01T18:08:00.533466Z  WARN herdr::raw_input: flushing lone escape after input timeout; if this follows an alt chord or focus switch it may reach the pane as plain esc bytes=[27]
2026-07-01T18:08:00.573580Z  WARN herdr::raw_input: flushing lone escape after input timeout; if this follows an alt chord or focus switch it may reach the pane as plain esc bytes=[27]
2026-07-01T18:08:00.613765Z  WARN herdr::raw_input: flushing lone escape after input timeout; if this follows an alt chord or focus switch it may reach the pane as plain esc bytes=[27]
2026-07-01T18:08:00.653801Z  WARN herdr::raw_input: flushing lone escape after input timeout; if this follows an alt chord or focus switch it may reach the pane as plain esc bytes=[27]
2026-07-01T18:08:00.696717Z  WARN herdr::raw_input: flushing lone escape after input timeout; if this follows an alt chord or focus switch it may reach the pane as plain esc bytes=[27]
2026-07-01T18:08:00.737597Z  WARN herdr::raw_input: flushing lone escape after input timeout; if this follows an alt chord or focus switch it may reach the pane as plain esc bytes=[27]
2026-07-01T18:08:00.776896Z  WARN herdr::raw_input: flushing lone escape after input timeout; if this follows an alt chord or focus switch it may reach the pane as plain esc bytes=[27]
2026-07-01T18:08:00.817003Z  WARN herdr::raw_input: flushing lone escape after input timeout; if this follows an alt chord or focus switch it may reach the pane as plain esc bytes=[27]
2026-07-01T18:08:00.857163Z  WARN herdr::raw_input: flushing lone escape after input timeout; if this follows an alt chord or focus switch it may reach the pane as plain esc bytes=[27]
2026-07-01T18:08:00.897219Z  WARN herdr::raw_input: flushing lone escape after input timeout; if this follows an alt chord or focus switch it may reach the pane as plain esc bytes=[27]
2026-07-01T18:08:00.937452Z  WARN herdr::raw_input: flushing lone escape after input timeout; if this follows an alt chord or focus switch it may reach the pane as plain esc bytes=[27]
2026-07-01T18:08:00.977579Z  WARN herdr::raw_input: flushing lone escape after input timeout; if this follows an alt chord or focus switch it may reach the pane as plain esc bytes=[27]
2026-07-01T18:08:01.017948Z  WARN herdr::raw_input: flushing lone escape after input timeout; if this follows an alt chord or focus switch it may reach the pane as plain esc bytes=[27]
2026-07-01T18:08:01.057883Z  WARN herdr::raw_input: flushing lone escape after input timeout; if this follows an alt chord or focus switch it may reach the pane as plain esc bytes=[27]
2026-07-01T18:08:01.098059Z  WARN herdr::raw_input: flushing lone escape after input timeout; if this follows an alt chord or focus switch it may reach the pane as plain esc bytes=[27]
2026-07-01T18:08:01.138109Z  WARN herdr::raw_input: flushing lone escape after input timeout; if this follows an alt chord or focus switch it may reach the pane as plain esc bytes=[27]
2026-07-01T18:08:01.178416Z  WARN herdr::raw_input: flushing lone escape after input timeout; if this follows an alt chord or focus switch it may reach the pane as plain esc bytes=[27]
2026-07-01T18:08:01.218875Z  WARN herdr::raw_input: flushing lone escape after input timeout; if this follows an alt chord or focus switch it may reach the pane as plain esc bytes=[27]
2026-07-01T18:08:01.259076Z  WARN herdr::raw_input: flushing lone escape after input timeout; if this follows an alt chord or focus switch it may reach the pane as plain esc bytes=[27]
2026-07-01T18:08:01.298748Z  WARN herdr::raw_input: flushing lone escape after input timeout; if this follows an alt chord or focus switch it may reach the pane as plain esc bytes=[27]
2026-07-01T18:08:01.338876Z  WARN herdr::raw_input: flushing lone escape after input timeout; if this follows an alt chord or focus switch it may reach the pane as plain esc bytes=[27]
2026-07-01T18:08:01.379136Z  WARN herdr::raw_input: flushing lone escape after input timeout; if this follows an alt chord or focus switch it may reach the pane as plain esc bytes=[27]
2026-07-01T18:08:01.419735Z  WARN herdr::raw_input: flushing lone escape after input timeout; if this follows an alt chord or focus switch it may reach the pane as plain esc bytes=[27]
2026-07-01T18:08:01.459367Z  WARN herdr::raw_input: flushing lone escape after input timeout; if this follows an alt chord or focus switch it may reach the pane as plain esc bytes=[27]
2026-07-01T18:08:01.502694Z  WARN herdr::raw_input: flushing lone escape after input timeout; if this follows an alt chord or focus switch it may reach the pane as plain esc bytes=[27]
2026-07-01T18:08:01.542125Z  WARN herdr::raw_input: flushing lone escape after input timeout; if this follows an alt chord or focus switch it may reach the pane as plain esc bytes=[27]
2026-07-01T18:08:01.582315Z  WARN herdr::raw_input: flushing lone escape after input timeout; if this follows an alt chord or focus switch it may reach the pane as plain esc bytes=[27]
2026-07-01T18:08:01.622437Z  WARN herdr::raw_input: flushing lone escape after input timeout; if this follows an alt chord or focus switch it may reach the pane as plain esc bytes=[27]
2026-07-01T18:08:01.662665Z  WARN herdr::raw_input: flushing lone escape after input timeout; if this follows an alt chord or focus switch it may reach the pane as plain esc bytes=[27]
2026-07-01T18:08:01.703404Z  WARN herdr::raw_input: flushing lone escape after input timeout; if this follows an alt chord or focus switch it may reach the pane as plain esc bytes=[27]
2026-07-01T18:08:01.743112Z  WARN herdr::raw_input: flushing lone escape after input timeout; if this follows an alt chord or focus switch it may reach the pane as plain esc bytes=[27]
2026-07-01T18:08:01.783635Z  WARN herdr::raw_input: flushing lone escape after input timeout; if this follows an alt chord or focus switch it may reach the pane as plain esc bytes=[27]
2026-07-01T18:08:01.823648Z  WARN herdr::raw_input: flushing lone escape after input timeout; if this follows an alt chord or focus switch it may reach the pane as plain esc bytes=[27]
2026-07-01T18:08:01.863729Z  WARN herdr::raw_input: flushing lone escape after input timeout; if this follows an alt chord or focus switch it may reach the pane as plain esc bytes=[27]
2026-07-01T18:08:01.904029Z  WARN herdr::raw_input: flushing lone escape after input timeout; if this follows an alt chord or focus switch it may reach the pane as plain esc bytes=[27]
2026-07-01T18:08:01.944078Z  WARN herdr::raw_input: flushing lone escape after input timeout; if this follows an alt chord or focus switch it may reach the pane as plain esc bytes=[27]
2026-07-01T18:08:01.984262Z  WARN herdr::raw_input: flushing lone escape after input timeout; if this follows an alt chord or focus switch it may reach the pane as plain esc bytes=[27]
2026-07-01T18:08:02.024387Z  WARN herdr::raw_input: flushing lone escape after input timeout; if this follows an alt chord or focus switch it may reach the pane as plain esc bytes=[27]
2026-07-01T18:08:02.065527Z  WARN herdr::raw_input: flushing lone escape after input timeout; if this follows an alt chord or focus switch it may reach the pane as plain esc bytes=[27]
2026-07-01T18:08:02.105471Z  WARN herdr::raw_input: flushing lone escape after input timeout; if this follows an alt chord or focus switch it may reach the pane as plain esc bytes=[27]
2026-07-01T18:08:02.145795Z  WARN herdr::raw_input: flushing lone escape after input timeout; if this follows an alt chord or focus switch it may reach the pane as plain esc bytes=[27]
2026-07-01T18:08:02.186077Z  WARN herdr::raw_input: flushing lone escape after input timeout; if this follows an alt chord or focus switch it may reach the pane as plain esc bytes=[27]
2026-07-01T18:08:02.225990Z  WARN herdr::raw_input: flushing lone escape after input timeout; if this follows an alt chord or focus switch it may reach the pane as plain esc bytes=[27]
2026-07-01T18:08:02.267493Z  WARN herdr::raw_input: flushing lone escape after input timeout; if this follows an alt chord or focus switch it may reach the pane as plain esc bytes=[27]
2026-07-01T18:08:02.307268Z  WARN herdr::raw_input: flushing lone escape after input timeout; if this follows an alt chord or focus switch it may reach the pane as plain esc bytes=[27]
2026-07-01T18:08:02.347323Z  WARN herdr::raw_input: flushing lone escape after input timeout; if this follows an alt chord or focus switch it may reach the pane as plain esc bytes=[27]
2026-07-01T18:08:02.387509Z  WARN herdr::raw_input: flushing lone escape after input timeout; if this follows an alt chord or focus switch it may reach the pane as plain esc bytes=[27]
2026-07-01T18:08:02.428451Z  WARN herdr::raw_input: flushing lone escape after input timeout; if this follows an alt chord or focus switch it may reach the pane as plain esc bytes=[27]
2026-07-01T18:08:02.469803Z  WARN herdr::raw_input: flushing lone escape after input timeout; if this follows an alt chord or focus switch it may reach the pane as plain esc bytes=[27]
2026-07-01T18:08:02.507947Z  WARN herdr::raw_input: flushing lone escape after input timeout; if this follows an alt chord or focus switch it may reach the pane as plain esc bytes=[27]
2026-07-01T18:08:02.548141Z  WARN herdr::raw_input: flushing lone escape after input timeout; if this follows an alt chord or focus switch it may reach the pane as plain esc bytes=[27]
2026-07-01T18:08:02.588186Z  WARN herdr::raw_input: flushing lone escape after input timeout; if this follows an alt chord or focus switch it may reach the pane as plain esc bytes=[27]
2026-07-01T18:08:02.628529Z  WARN herdr::raw_input: flushing lone escape after input timeout; if this follows an alt chord or focus switch it may reach the pane as plain esc bytes=[27]
2026-07-01T18:08:02.668569Z  WARN herdr::raw_input: flushing lone escape after input timeout; if this follows an alt chord or focus switch it may reach the pane as plain esc bytes=[27]
2026-07-01T18:08:02.708738Z  WARN herdr::raw_input: flushing lone escape after input timeout; if this follows an alt chord or focus switch it may reach the pane as plain esc bytes=[27]
2026-07-01T18:08:02.748989Z  WARN herdr::raw_input: flushing lone escape after input timeout; if this follows an alt chord or focus switch it may reach the pane as plain esc bytes=[27]
2026-07-01T18:08:02.789193Z  WARN herdr::raw_input: flushing lone escape after input timeout; if this follows an alt chord or focus switch it may reach the pane as plain esc bytes=[27]
2026-07-01T18:08:02.829020Z  WARN herdr::raw_input: flushing lone escape after input timeout; if this follows an alt chord or focus switch it may reach the pane as plain esc bytes=[27]
2026-07-01T18:08:02.869280Z  WARN herdr::raw_input: flushing lone escape after input timeout; if this follows an alt chord or focus switch it may reach the pane as plain esc bytes=[27]
2026-07-01T18:08:02.909599Z  WARN herdr::raw_input: flushing lone escape after input timeout; if this follows an alt chord or focus switch it may reach the pane as plain esc bytes=[27]
2026-07-01T18:08:02.949580Z  WARN herdr::raw_input: flushing lone escape after input timeout; if this follows an alt chord or focus switch it may reach the pane as plain esc bytes=[27]
2026-07-01T18:08:02.989879Z  WARN herdr::raw_input: flushing lone escape after input timeout; if this follows an alt chord or focus switch it may reach the pane as plain esc bytes=[27]
2026-07-01T18:08:03.029766Z  WARN herdr::raw_input: flushing lone escape after input timeout; if this follows an alt chord or focus switch it may reach the pane as plain esc bytes=[27]
2026-07-01T18:08:03.070171Z  WARN herdr::raw_input: flushing lone escape after input timeout; if this follows an alt chord or focus switch it may reach the pane as plain esc bytes=[27]
2026-07-01T18:08:03.110120Z  WARN herdr::raw_input: flushing lone escape after input timeout; if this follows an alt chord or focus switch it may reach the pane as plain esc bytes=[27]
2026-07-01T18:08:03.150484Z  WARN herdr::raw_input: flushing lone escape after input timeout; if this follows an alt chord or focus switch it may reach the pane as plain esc bytes=[27]
2026-07-01T18:08:03.190331Z  WARN herdr::raw_input: flushing lone escape after input timeout; if this follows an alt chord or focus switch it may reach the pane as plain esc bytes=[27]
2026-07-01T18:08:03.230558Z  WARN herdr::raw_input: flushing lone escape after input timeout; if this follows an alt chord or focus switch it may reach the pane as plain esc bytes=[27]
2026-07-01T18:08:03.270876Z  WARN herdr::raw_input: flushing lone escape after input timeout; if this follows an alt chord or focus switch it may reach the pane as plain esc bytes=[27]
2026-07-01T18:08:05.219431Z  WARN herdr::raw_input: flushing lone escape after input timeout; if this follows an alt chord or focus switch it may reach the pane as plain esc bytes=[27]
2026-07-01T18:08:05.437049Z  WARN herdr::raw_input: flushing lone escape after input timeout; if this follows an alt chord or focus switch it may reach the pane as plain esc bytes=[27]
2026-07-01T18:08:05.611585Z  WARN herdr::raw_input: flushing lone escape after input timeout; if this follows an alt chord or focus switch it may reach the pane as plain esc bytes=[27]
2026-07-01T18:08:05.776581Z  WARN herdr::raw_input: flushing lone escape after input timeout; if this follows an alt chord or focus switch it may reach the pane as plain esc bytes=[27]
2026-07-01T18:08:06.380800Z  WARN herdr::raw_input: flushing lone escape after input timeout; if this follows an alt chord or focus switch it may reach the pane as plain esc bytes=[27]
2026-07-01T18:08:06.420951Z  WARN herdr::raw_input: flushing lone escape after input timeout; if this follows an alt chord or focus switch it may reach the pane as plain esc bytes=[27]
2026-07-01T18:08:06.461399Z  WARN herdr::raw_input: flushing lone escape after input timeout; if this follows an alt chord or focus switch it may reach the pane as plain esc bytes=[27]
2026-07-01T18:08:06.501568Z  WARN herdr::raw_input: flushing lone escape after input timeout; if this follows an alt chord or focus switch it may reach the pane as plain esc bytes=[27]
2026-07-01T18:08:06.541937Z  WARN herdr::raw_input: flushing lone escape after input timeout; if this follows an alt chord or focus switch it may reach the pane as plain esc bytes=[27]
2026-07-01T18:08:06.581726Z  WARN herdr::raw_input: flushing lone escape after input timeout; if this follows an alt chord or focus switch it may reach the pane as plain esc bytes=[27]
2026-07-01T18:08:06.621983Z  WARN herdr::raw_input: flushing lone escape after input timeout; if this follows an alt chord or focus switch it may reach the pane as plain esc bytes=[27]
2026-07-01T18:08:06.661985Z  WARN herdr::raw_input: flushing lone escape after input timeout; if this follows an alt chord or focus switch it may reach the pane as plain esc bytes=[27]
2026-07-01T18:08:06.702432Z  WARN herdr::raw_input: flushing lone escape after input timeout; if this follows an alt chord or focus switch it may reach the pane as plain esc bytes=[27]
2026-07-01T18:08:06.742713Z  WARN herdr::raw_input: flushing lone escape after input timeout; if this follows an alt chord or focus switch it may reach the pane as plain esc bytes=[27]
2026-07-01T18:08:06.782662Z  WARN herdr::raw_input: flushing lone escape after input timeout; if this follows an alt chord or focus switch it may reach the pane as plain esc bytes=[27]
2026-07-01T18:08:06.822840Z  WARN herdr::raw_input: flushing lone escape after input timeout; if this follows an alt chord or focus switch it may reach the pane as plain esc bytes=[27]
2026-07-01T18:08:06.862949Z  WARN herdr::raw_input: flushing lone escape after input timeout; if this follows an alt chord or focus switch it may reach the pane as plain esc bytes=[27]
2026-07-01T18:08:06.903142Z  WARN herdr::raw_input: flushing lone escape after input timeout; if this follows an alt chord or focus switch it may reach the pane as plain esc bytes=[27]
2026-07-01T18:08:06.943189Z  WARN herdr::raw_input: flushing lone escape after input timeout; if this follows an alt chord or focus switch it may reach the pane as plain esc bytes=[27]
2026-07-01T18:08:06.983418Z  WARN herdr::raw_input: flushing lone escape after input timeout; if this follows an alt chord or focus switch it may reach the pane as plain esc bytes=[27]
2026-07-01T18:08:07.023702Z  WARN herdr::raw_input: flushing lone escape after input timeout; if this follows an alt chord or focus switch it may reach the pane as plain esc bytes=[27]
2026-07-01T18:08:07.063649Z  WARN herdr::raw_input: flushing lone escape after input timeout; if this follows an alt chord or focus switch it may reach the pane as plain esc bytes=[27]
2026-07-01T18:08:07.103777Z  WARN herdr::raw_input: flushing lone escape after input timeout; if this follows an alt chord or focus switch it may reach the pane as plain esc bytes=[27]
2026-07-01T18:08:07.143872Z  WARN herdr::raw_input: flushing lone escape after input timeout; if this follows an alt chord or focus switch it may reach the pane as plain esc bytes=[27]
2026-07-01T18:08:07.184127Z  WARN herdr::raw_input: flushing lone escape after input timeout; if this follows an alt chord or focus switch it may reach the pane as plain esc bytes=[27]
2026-07-01T18:08:07.226556Z  WARN herdr::raw_input: flushing lone escape after input timeout; if this follows an alt chord or focus switch it may reach the pane as plain esc bytes=[27]
2026-07-01T18:08:07.266712Z  WARN herdr::raw_input: flushing lone escape after input timeout; if this follows an alt chord or focus switch it may reach the pane as plain esc bytes=[27]
2026-07-01T18:08:07.308718Z  WARN herdr::raw_input: flushing lone escape after input timeout; if this follows an alt chord or focus switch it may reach the pane as plain esc bytes=[27]
2026-07-01T18:08:07.351910Z  WARN herdr::raw_input: flushing lone escape after input timeout; if this follows an alt chord or focus switch it may reach the pane as plain esc bytes=[27]
2026-07-01T18:08:07.389150Z  WARN herdr::raw_input: flushing lone escape after input timeout; if this follows an alt chord or focus switch it may reach the pane as plain esc bytes=[27]
2026-07-01T18:08:07.429540Z  WARN herdr::raw_input: flushing lone escape after input timeout; if this follows an alt chord or focus switch it may reach the pane as plain esc bytes=[27]
2026-07-01T18:08:07.470592Z  WARN herdr::raw_input: flushing lone escape after input timeout; if this follows an alt chord or focus switch it may reach the pane as plain esc bytes=[27]
2026-07-01T18:08:07.510856Z  WARN herdr::raw_input: flushing lone escape after input timeout; if this follows an alt chord or focus switch it may reach the pane as plain esc bytes=[27]
2026-07-01T18:08:07.554654Z  WARN herdr::raw_input: flushing lone escape after input timeout; if this follows an alt chord or focus switch it may reach the pane as plain esc bytes=[27]
2026-07-01T18:08:07.591556Z  WARN herdr::raw_input: flushing lone escape after input timeout; if this follows an alt chord or focus switch it may reach the pane as plain esc bytes=[27]
2026-07-01T18:08:07.631367Z  WARN herdr::raw_input: flushing lone escape after input timeout; if this follows an alt chord or focus switch it may reach the pane as plain esc bytes=[27]
2026-07-01T18:08:07.671484Z  WARN herdr::raw_input: flushing lone escape after input timeout; if this follows an alt chord or focus switch it may reach the pane as plain esc bytes=[27]
2026-07-01T18:08:07.711662Z  WARN herdr::raw_input: flushing lone escape after input timeout; if this follows an alt chord or focus switch it may reach the pane as plain esc bytes=[27]
2026-07-01T18:08:07.751853Z  WARN herdr::raw_input: flushing lone escape after input timeout; if this follows an alt chord or focus switch it may reach the pane as plain esc bytes=[27]
2026-07-01T18:08:07.792257Z  WARN herdr::raw_input: flushing lone escape after input timeout; if this follows an alt chord or focus switch it may reach the pane as plain esc bytes=[27]
2026-07-01T18:08:07.832120Z  WARN herdr::raw_input: flushing lone escape after input timeout; if this follows an alt chord or focus switch it may reach the pane as plain esc bytes=[27]
2026-07-01T18:08:07.872276Z  WARN herdr::raw_input: flushing lone escape after input timeout; if this follows an alt chord or focus switch it may reach the pane as plain esc bytes=[27]
2026-07-01T18:08:07.912413Z  WARN herdr::raw_input: flushing lone escape after input timeout; if this follows an alt chord or focus switch it may reach the pane as plain esc bytes=[27]
2026-07-01T18:08:07.952494Z  WARN herdr::raw_input: flushing lone escape after input timeout; if this follows an alt chord or focus switch it may reach the pane as plain esc bytes=[27]
2026-07-01T18:08:07.993009Z  WARN herdr::raw_input: flushing lone escape after input timeout; if this follows an alt chord or focus switch it may reach the pane as plain esc bytes=[27]
2026-07-01T18:08:08.032857Z  WARN herdr::raw_input: flushing lone escape after input timeout; if this follows an alt chord or focus switch it may reach the pane as plain esc bytes=[27]
2026-07-01T18:08:08.073030Z  WARN herdr::raw_input: flushing lone escape after input timeout; if this follows an alt chord or focus switch it may reach the pane as plain esc bytes=[27]
2026-07-01T18:08:08.113185Z  WARN herdr::raw_input: flushing lone escape after input timeout; if this follows an alt chord or focus switch it may reach the pane as plain esc bytes=[27]
2026-07-01T18:08:08.153469Z  WARN herdr::raw_input: flushing lone escape after input timeout; if this follows an alt chord or focus switch it may reach the pane as plain esc bytes=[27]
2026-07-01T18:08:08.194055Z  WARN herdr::raw_input: flushing lone escape after input timeout; if this follows an alt chord or focus switch it may reach the pane as plain esc bytes=[27]
2026-07-01T18:08:08.233735Z  WARN herdr::raw_input: flushing lone escape after input timeout; if this follows an alt chord or focus switch it may reach the pane as plain esc bytes=[27]
2026-07-01T18:08:08.273997Z  WARN herdr::raw_input: flushing lone escape after input timeout; if this follows an alt chord or focus switch it may reach the pane as plain esc bytes=[27]
2026-07-01T18:08:08.314018Z  WARN herdr::raw_input: flushing lone escape after input timeout; if this follows an alt chord or focus switch it may reach the pane as plain esc bytes=[27]
2026-07-01T18:08:08.354768Z  WARN herdr::raw_input: flushing lone escape after input timeout; if this follows an alt chord or focus switch it may reach the pane as plain esc bytes=[27]
2026-07-01T18:08:08.394857Z  WARN herdr::raw_input: flushing lone escape after input timeout; if this follows an alt chord or focus switch it may reach the pane as plain esc bytes=[27]
2026-07-01T18:08:08.434912Z  WARN herdr::raw_input: flushing lone escape after input timeout; if this follows an alt chord or focus switch it may reach the pane as plain esc bytes=[27]
2026-07-01T18:08:08.475060Z  WARN herdr::raw_input: flushing lone escape after input timeout; if this follows an alt chord or focus switch it may reach the pane as plain esc bytes=[27]
2026-07-01T18:08:08.515164Z  WARN herdr::raw_input: flushing lone escape after input timeout; if this follows an alt chord or focus switch it may reach the pane as plain esc bytes=[27]
2026-07-01T18:08:08.555549Z  WARN herdr::raw_input: flushing lone escape after input timeout; if this follows an alt chord or focus switch it may reach the pane as plain esc bytes=[27]
2026-07-01T18:08:08.595787Z  WARN herdr::raw_input: flushing lone escape after input timeout; if this follows an alt chord or focus switch it may reach the pane as plain esc bytes=[27]
2026-07-01T18:08:11.341303Z  INFO herdr::logging: spawning pane terminal event="pane.spawn.start" subsystem="pane" outcome="started" pane_id=10 rows=46 cols=161 scrollback_limit_bytes=10000000
2026-07-01T18:08:11.346617Z  INFO herdr::logging: pane child spawned event="pane.spawned" subsystem="pane" outcome="ok" pane_id=10 pid=22241
2026-07-01T18:08:11.347296Z  INFO herdr::logging: tab focused event="tab.focus" subsystem="tab" outcome="ok" workspace_id="w6" tab_id="w6:tF"
2026-07-01T18:08:11.347349Z  INFO herdr::logging: tab created event="tab.create" subsystem="tab" outcome="ok" workspace_id="w6" tab_id="w6:tF" pane_id=10
2026-07-01T18:08:13.536692Z  WARN herdr::raw_input: flushing lone escape after input timeout; if this follows an alt chord or focus switch it may reach the pane as plain esc bytes=[27]
2026-07-01T18:08:14.001160Z  WARN herdr::raw_input: flushing lone escape after input timeout; if this follows an alt chord or focus switch it may reach the pane as plain esc bytes=[27]
2026-07-01T18:08:14.134048Z  WARN herdr::raw_input: flushing lone escape after input timeout; if this follows an alt chord or focus switch it may reach the pane as plain esc bytes=[27]
2026-07-01T18:08:14.737743Z  WARN herdr::raw_input: flushing lone escape after input timeout; if this follows an alt chord or focus switch it may reach the pane as plain esc bytes=[27]
2026-07-01T18:08:14.778191Z  WARN herdr::raw_input: flushing lone escape after input timeout; if this follows an alt chord or focus switch it may reach the pane as plain esc bytes=[27]
2026-07-01T18:08:14.818432Z  WARN herdr::raw_input: flushing lone escape after input timeout; if this follows an alt chord or focus switch it may reach the pane as plain esc bytes=[27]
2026-07-01T18:08:14.858539Z  WARN herdr::raw_input: flushing lone escape after input timeout; if this follows an alt chord or focus switch it may reach the pane as plain esc bytes=[27]
2026-07-01T18:08:14.898475Z  WARN herdr::raw_input: flushing lone escape after input timeout; if this follows an alt chord or focus switch it may reach the pane as plain esc bytes=[27]
2026-07-01T18:08:14.941463Z  WARN herdr::raw_input: flushing lone escape after input timeout; if this follows an alt chord or focus switch it may reach the pane as plain esc bytes=[27]
2026-07-01T18:08:14.981904Z  WARN herdr::raw_input: flushing lone escape after input timeout; if this follows an alt chord or focus switch it may reach the pane as plain esc bytes=[27]
2026-07-01T18:08:15.021812Z  WARN herdr::raw_input: flushing lone escape after input timeout; if this follows an alt chord or focus switch it may reach the pane as plain esc bytes=[27]
2026-07-01T18:08:15.062596Z  WARN herdr::raw_input: flushing lone escape after input timeout; if this follows an alt chord or focus switch it may reach the pane as plain esc bytes=[27]
2026-07-01T18:08:15.103038Z  WARN herdr::raw_input: flushing lone escape after input timeout; if this follows an alt chord or focus switch it may reach the pane as plain esc bytes=[27]
2026-07-01T18:08:15.143296Z  WARN herdr::raw_input: flushing lone escape after input timeout; if this follows an alt chord or focus switch it may reach the pane as plain esc bytes=[27]
2026-07-01T18:08:15.183271Z  WARN herdr::raw_input: flushing lone escape after input timeout; if this follows an alt chord or focus switch it may reach the pane as plain esc bytes=[27]
2026-07-01T18:08:15.223711Z  WARN herdr::raw_input: flushing lone escape after input timeout; if this follows an alt chord or focus switch it may reach the pane as plain esc bytes=[27]
2026-07-01T18:08:15.263825Z  WARN herdr::raw_input: flushing lone escape after input timeout; if this follows an alt chord or focus switch it may reach the pane as plain esc bytes=[27]
2026-07-01T18:08:15.304221Z  WARN herdr::raw_input: flushing lone escape after input timeout; if this follows an alt chord or focus switch it may reach the pane as plain esc bytes=[27]
2026-07-01T18:08:16.380655Z  INFO herdr::logging: session saved event="persist.save" subsystem="persist" outcome="ok" path=/home/aoeu/.config/herdr/session.json workspaces=1
2026-07-01T18:08:24.525818Z  INFO herdr::logging: pane child exited event="pane.exit" subsystem="pane" outcome="completed" pane_id=10 status="ExitStatus { code: 0, signal: None }"
2026-07-01T18:08:24.525987Z  INFO herdr::pane: pane session terminated pane=10 pid=22241 signal=Hangup
2026-07-01T18:08:29.535290Z  INFO herdr::logging: session saved event="persist.save" subsystem="persist" outcome="ok" path=/home/aoeu/.config/herdr/session.json workspaces=1
2026-07-01T18:08:48.549749Z  INFO herdr::logging: tab focused event="tab.focus" subsystem="tab" outcome="ok" workspace_id="w6" tab_id="w6:tA"
2026-07-01T18:08:53.555012Z  INFO herdr::logging: session saved event="persist.save" subsystem="persist" outcome="ok" path=/home/aoeu/.config/herdr/session.json workspaces=1
2026-07-01T18:09:57.723019Z  INFO herdr::logging: tab focused event="tab.focus" subsystem="tab" outcome="ok" workspace_id="w6" tab_id="w6:tE"
2026-07-01T18:10:02.728057Z  INFO herdr::logging: session saved event="persist.save" subsystem="persist" outcome="ok" path=/home/aoeu/.config/herdr/session.json workspaces=1
2026-07-01T18:10:09.219840Z  INFO herdr::logging: tab focused event="tab.focus" subsystem="tab" outcome="ok" workspace_id="w6" tab_id="w6:tA"
2026-07-01T18:10:14.224389Z  INFO herdr::logging: session saved event="persist.save" subsystem="persist" outcome="ok" path=/home/aoeu/.config/herdr/session.json workspaces=1
2026-07-01T18:10:14.515693Z  INFO herdr::logging: tab focused event="tab.focus" subsystem="tab" outcome="ok" workspace_id="w6" tab_id="w6:tD"
2026-07-01T18:10:19.525369Z  INFO herdr::logging: session saved event="persist.save" subsystem="persist" outcome="ok" path=/home/aoeu/.config/herdr/session.json workspaces=1
2026-07-01T18:10:40.439336Z  INFO herdr::logging: tab focused event="tab.focus" subsystem="tab" outcome="ok" workspace_id="w6" tab_id="w6:tE"
2026-07-01T18:10:45.444295Z  INFO herdr::logging: session saved event="persist.save" subsystem="persist" outcome="ok" path=/home/aoeu/.config/herdr/session.json workspaces=1
2026-07-01T18:10:56.864463Z  INFO herdr::server::headless: client resize client_id=6 cols=93 rows=47 cell_width_px=0 cell_height_px=0
2026-07-01T18:11:18.704635Z  INFO herdr::server::headless: client resize client_id=6 cols=189 rows=47 cell_width_px=0 cell_height_px=0
2026-07-01T18:11:42.982751Z  INFO herdr::logging: tab focused event="tab.focus" subsystem="tab" outcome="ok" workspace_id="w6" tab_id="w6:tA"
2026-07-01T18:11:47.872989Z  INFO herdr::logging: tab focused event="tab.focus" subsystem="tab" outcome="ok" workspace_id="w6" tab_id="w6:tD"
2026-07-01T18:11:52.910906Z  INFO herdr::logging: session saved event="persist.save" subsystem="persist" outcome="ok" path=/home/aoeu/.config/herdr/session.json workspaces=1
2026-07-01T18:11:58.262966Z  INFO herdr::logging: session saved event="persist.save" subsystem="persist" outcome="ok" path=/home/aoeu/.config/herdr/session.json workspaces=1
2026-07-01T18:12:00.311624Z  INFO herdr::app::actions: copied selection to clipboard
2026-07-01T18:12:01.649148Z  INFO herdr::logging: tab focused event="tab.focus" subsystem="tab" outcome="ok" workspace_id="w6" tab_id="w6:tA"
2026-07-01T18:12:05.885679Z  INFO herdr::logging: tab focused event="tab.focus" subsystem="tab" outcome="ok" workspace_id="w6" tab_id="w6:tE"
2026-07-01T18:12:10.904994Z  INFO herdr::logging: session saved event="persist.save" subsystem="persist" outcome="ok" path=/home/aoeu/.config/herdr/session.json workspaces=1
2026-07-01T18:12:18.768169Z  INFO herdr::logging: session saved event="persist.save" subsystem="persist" outcome="ok" path=/home/aoeu/.config/herdr/session.json workspaces=1
2026-07-01T18:12:25.444326Z  INFO herdr::logging: tab focused event="tab.focus" subsystem="tab" outcome="ok" workspace_id="w6" tab_id="w6:tA"
2026-07-01T18:12:30.466950Z  INFO herdr::logging: session saved event="persist.save" subsystem="persist" outcome="ok" path=/home/aoeu/.config/herdr/session.json workspaces=1
2026-07-01T18:13:00.556030Z  INFO herdr::logging: tab focused event="tab.focus" subsystem="tab" outcome="ok" workspace_id="w6" tab_id="w6:tE"
2026-07-01T18:13:03.850748Z  INFO herdr::logging: tab focused event="tab.focus" subsystem="tab" outcome="ok" workspace_id="w6" tab_id="w6:tA"
2026-07-01T18:13:08.866250Z  INFO herdr::logging: session saved event="persist.save" subsystem="persist" outcome="ok" path=/home/aoeu/.config/herdr/session.json workspaces=1
2026-07-01T18:13:45.454492Z  INFO herdr::logging: tab focused event="tab.focus" subsystem="tab" outcome="ok" workspace_id="w6" tab_id="w6:tE"
2026-07-01T18:13:50.459282Z  INFO herdr::logging: session saved event="persist.save" subsystem="persist" outcome="ok" path=/home/aoeu/.config/herdr/session.json workspaces=1
2026-07-01T18:13:51.581286Z  INFO herdr::logging: tab focused event="tab.focus" subsystem="tab" outcome="ok" workspace_id="w6" tab_id="w6:tA"
2026-07-01T18:13:54.213700Z  INFO herdr::logging: tab focused event="tab.focus" subsystem="tab" outcome="ok" workspace_id="w6" tab_id="w6:tE"
2026-07-01T18:13:59.218303Z  INFO herdr::logging: session saved event="persist.save" subsystem="persist" outcome="ok" path=/home/aoeu/.config/herdr/session.json workspaces=1
2026-07-01T18:14:02.174982Z  INFO herdr::logging: tab focused event="tab.focus" subsystem="tab" outcome="ok" workspace_id="w6" tab_id="w6:tA"
2026-07-01T18:14:07.191738Z  INFO herdr::logging: session saved event="persist.save" subsystem="persist" outcome="ok" path=/home/aoeu/.config/herdr/session.json workspaces=1
2026-07-01T18:14:12.570131Z  INFO herdr::logging: tab focused event="tab.focus" subsystem="tab" outcome="ok" workspace_id="w6" tab_id="w6:tE"
2026-07-01T18:14:17.577232Z  INFO herdr::logging: session saved event="persist.save" subsystem="persist" outcome="ok" path=/home/aoeu/.config/herdr/session.json workspaces=1
2026-07-01T18:14:49.488685Z  INFO herdr::logging: tab focused event="tab.focus" subsystem="tab" outcome="ok" workspace_id="w6" tab_id="w6:tA"
2026-07-01T18:14:54.500630Z  INFO herdr::logging: session saved event="persist.save" subsystem="persist" outcome="ok" path=/home/aoeu/.config/herdr/session.json workspaces=1
2026-07-01T18:14:56.434500Z  INFO herdr::logging: tab focused event="tab.focus" subsystem="tab" outcome="ok" workspace_id="w6" tab_id="w6:tE"
2026-07-01T18:14:57.720091Z  INFO herdr::logging: tab focused event="tab.focus" subsystem="tab" outcome="ok" workspace_id="w6" tab_id="w6:tA"
2026-07-01T18:15:00.640865Z  INFO herdr::logging: tab focused event="tab.focus" subsystem="tab" outcome="ok" workspace_id="w6" tab_id="w6:tE"
2026-07-01T18:15:05.664689Z  INFO herdr::logging: session saved event="persist.save" subsystem="persist" outcome="ok" path=/home/aoeu/.config/herdr/session.json workspaces=1
2026-07-01T18:15:21.374712Z  WARN herdr::raw_input: flushing lone escape after input timeout; if this follows an alt chord or focus switch it may reach the pane as plain esc bytes=[27]
2026-07-01T18:15:21.579363Z  WARN herdr::raw_input: flushing lone escape after input timeout; if this follows an alt chord or focus switch it may reach the pane as plain esc bytes=[27]
2026-07-01T18:15:21.774752Z  WARN herdr::raw_input: flushing lone escape after input timeout; if this follows an alt chord or focus switch it may reach the pane as plain esc bytes=[27]
2026-07-01T18:15:21.950439Z  WARN herdr::raw_input: flushing lone escape after input timeout; if this follows an alt chord or focus switch it may reach the pane as plain esc bytes=[27]
2026-07-01T18:15:22.101350Z  WARN herdr::raw_input: flushing lone escape after input timeout; if this follows an alt chord or focus switch it may reach the pane as plain esc bytes=[27]
2026-07-01T18:15:22.245128Z  WARN herdr::raw_input: flushing lone escape after input timeout; if this follows an alt chord or focus switch it may reach the pane as plain esc bytes=[27]
2026-07-01T18:15:22.391102Z  WARN herdr::raw_input: flushing lone escape after input timeout; if this follows an alt chord or focus switch it may reach the pane as plain esc bytes=[27]
2026-07-01T18:15:22.559309Z  WARN herdr::raw_input: flushing lone escape after input timeout; if this follows an alt chord or focus switch it may reach the pane as plain esc bytes=[27]
2026-07-01T18:15:23.153173Z  WARN herdr::raw_input: flushing lone escape after input timeout; if this follows an alt chord or focus switch it may reach the pane as plain esc bytes=[27]
2026-07-01T18:15:23.193345Z  WARN herdr::raw_input: flushing lone escape after input timeout; if this follows an alt chord or focus switch it may reach the pane as plain esc bytes=[27]
2026-07-01T18:15:23.233019Z  WARN herdr::raw_input: flushing lone escape after input timeout; if this follows an alt chord or focus switch it may reach the pane as plain esc bytes=[27]
2026-07-01T18:15:23.276867Z  WARN herdr::raw_input: flushing lone escape after input timeout; if this follows an alt chord or focus switch it may reach the pane as plain esc bytes=[27]
2026-07-01T18:15:23.319951Z  WARN herdr::raw_input: flushing lone escape after input timeout; if this follows an alt chord or focus switch it may reach the pane as plain esc bytes=[27]
2026-07-01T18:15:23.361050Z  WARN herdr::raw_input: flushing lone escape after input timeout; if this follows an alt chord or focus switch it may reach the pane as plain esc bytes=[27]
2026-07-01T18:15:23.403436Z  WARN herdr::raw_input: flushing lone escape after input timeout; if this follows an alt chord or focus switch it may reach the pane as plain esc bytes=[27]
2026-07-01T18:15:23.445242Z  WARN herdr::raw_input: flushing lone escape after input timeout; if this follows an alt chord or focus switch it may reach the pane as plain esc bytes=[27]
2026-07-01T18:15:23.484746Z  WARN herdr::raw_input: flushing lone escape after input timeout; if this follows an alt chord or focus switch it may reach the pane as plain esc bytes=[27]
2026-07-01T18:15:23.526516Z  WARN herdr::raw_input: flushing lone escape after input timeout; if this follows an alt chord or focus switch it may reach the pane as plain esc bytes=[27]
2026-07-01T18:16:00.217194Z  INFO herdr::logging: checking for updates event="update.check.start" subsystem="update" outcome="started"
2026-07-01T18:16:15.835082Z  INFO herdr::logging: tab focused event="tab.focus" subsystem="tab" outcome="ok" workspace_id="w6" tab_id="w6:tA"
2026-07-01T18:16:20.845340Z  INFO herdr::logging: session saved event="persist.save" subsystem="persist" outcome="ok" path=/home/aoeu/.config/herdr/session.json workspaces=1
2026-07-01T18:16:35.384626Z  WARN herdr::raw_input: flushing lone escape after input timeout; if this follows an alt chord or focus switch it may reach the pane as plain esc bytes=[27]
2026-07-01T18:16:36.001927Z  WARN herdr::raw_input: flushing lone escape after input timeout; if this follows an alt chord or focus switch it may reach the pane as plain esc bytes=[27]
2026-07-01T18:16:36.026869Z  WARN herdr::raw_input: flushing lone escape after input timeout; if this follows an alt chord or focus switch it may reach the pane as plain esc bytes=[27]
2026-07-01T18:16:36.063961Z  WARN herdr::raw_input: flushing lone escape after input timeout; if this follows an alt chord or focus switch it may reach the pane as plain esc bytes=[27]
2026-07-01T18:16:36.373607Z  WARN herdr::raw_input: flushing lone escape after input timeout; if this follows an alt chord or focus switch it may reach the pane as plain esc bytes=[27]
2026-07-01T18:16:36.420681Z  WARN herdr::raw_input: flushing lone escape after input timeout; if this follows an alt chord or focus switch it may reach the pane as plain esc bytes=[27]
2026-07-01T18:16:36.461605Z  WARN herdr::raw_input: flushing lone escape after input timeout; if this follows an alt chord or focus switch it may reach the pane as plain esc bytes=[27]
2026-07-01T18:16:36.503299Z  WARN herdr::raw_input: flushing lone escape after input timeout; if this follows an alt chord or focus switch it may reach the pane as plain esc bytes=[27]
2026-07-01T18:16:36.544764Z  WARN herdr::raw_input: flushing lone escape after input timeout; if this follows an alt chord or focus switch it may reach the pane as plain esc bytes=[27]
2026-07-01T18:16:36.582678Z  WARN herdr::raw_input: flushing lone escape after input timeout; if this follows an alt chord or focus switch it may reach the pane as plain esc bytes=[27]
2026-07-01T18:16:40.370940Z  WARN herdr::raw_input: flushing lone escape after input timeout; if this follows an alt chord or focus switch it may reach the pane as plain esc bytes=[27]
2026-07-01T18:16:40.611977Z  WARN herdr::raw_input: flushing lone escape after input timeout; if this follows an alt chord or focus switch it may reach the pane as plain esc bytes=[27]
2026-07-01T18:16:40.791335Z  WARN herdr::raw_input: flushing lone escape after input timeout; if this follows an alt chord or focus switch it may reach the pane as plain esc bytes=[27]
2026-07-01T18:16:40.933094Z  WARN herdr::raw_input: flushing lone escape after input timeout; if this follows an alt chord or focus switch it may reach the pane as plain esc bytes=[27]
2026-07-01T18:17:31.191022Z  INFO herdr::logging: tab focused event="tab.focus" subsystem="tab" outcome="ok" workspace_id="w6" tab_id="w6:tE"
2026-07-01T18:17:36.198049Z  INFO herdr::logging: session saved event="persist.save" subsystem="persist" outcome="ok" path=/home/aoeu/.config/herdr/session.json workspaces=1
2026-07-01T18:17:36.953506Z  INFO herdr::logging: tab focused event="tab.focus" subsystem="tab" outcome="ok" workspace_id="w6" tab_id="w6:tA"
2026-07-01T18:17:41.960350Z  INFO herdr::logging: session saved event="persist.save" subsystem="persist" outcome="ok" path=/home/aoeu/.config/herdr/session.json workspaces=1
2026-07-01T18:17:46.359336Z  INFO herdr::logging: tab focused event="tab.focus" subsystem="tab" outcome="ok" workspace_id="w6" tab_id="w6:tE"
2026-07-01T18:17:51.388447Z  INFO herdr::logging: session saved event="persist.save" subsystem="persist" outcome="ok" path=/home/aoeu/.config/herdr/session.json workspaces=1
2026-07-01T18:17:51.838116Z  INFO herdr::logging: tab focused event="tab.focus" subsystem="tab" outcome="ok" workspace_id="w6" tab_id="w6:tD"
2026-07-01T18:17:53.382866Z  INFO herdr::logging: tab focused event="tab.focus" subsystem="tab" outcome="ok" workspace_id="w6" tab_id="w6:tA"
2026-07-01T18:17:54.621314Z  INFO herdr::logging: tab focused event="tab.focus" subsystem="tab" outcome="ok" workspace_id="w6" tab_id="w6:tE"
2026-07-01T18:17:59.633573Z  INFO herdr::logging: session saved event="persist.save" subsystem="persist" outcome="ok" path=/home/aoeu/.config/herdr/session.json workspaces=1
2026-07-01T18:18:15.771030Z  WARN herdr::raw_input: flushing lone escape after input timeout; if this follows an alt chord or focus switch it may reach the pane as plain esc bytes=[27]
2026-07-01T18:18:15.981809Z  WARN herdr::raw_input: flushing lone escape after input timeout; if this follows an alt chord or focus switch it may reach the pane as plain esc bytes=[27]
2026-07-01T18:18:16.163788Z  WARN herdr::raw_input: flushing lone escape after input timeout; if this follows an alt chord or focus switch it may reach the pane as plain esc bytes=[27]
2026-07-01T18:18:16.323086Z  WARN herdr::raw_input: flushing lone escape after input timeout; if this follows an alt chord or focus switch it may reach the pane as plain esc bytes=[27]
2026-07-01T18:18:16.431493Z  WARN herdr::raw_input: flushing lone escape after input timeout; if this follows an alt chord or focus switch it may reach the pane as plain esc bytes=[27]
2026-07-01T18:18:17.039314Z  WARN herdr::raw_input: flushing lone escape after input timeout; if this follows an alt chord or focus switch it may reach the pane as plain esc bytes=[27]
2026-07-01T18:18:17.079811Z  WARN herdr::raw_input: flushing lone escape after input timeout; if this follows an alt chord or focus switch it may reach the pane as plain esc bytes=[27]
2026-07-01T18:18:17.120417Z  WARN herdr::raw_input: flushing lone escape after input timeout; if this follows an alt chord or focus switch it may reach the pane as plain esc bytes=[27]
2026-07-01T18:18:17.159649Z  WARN herdr::raw_input: flushing lone escape after input timeout; if this follows an alt chord or focus switch it may reach the pane as plain esc bytes=[27]
2026-07-01T18:18:17.203568Z  WARN herdr::raw_input: flushing lone escape after input timeout; if this follows an alt chord or focus switch it may reach the pane as plain esc bytes=[27]
2026-07-01T18:18:17.239918Z  WARN herdr::raw_input: flushing lone escape after input timeout; if this follows an alt chord or focus switch it may reach the pane as plain esc bytes=[27]
2026-07-01T18:18:17.283479Z  WARN herdr::raw_input: flushing lone escape after input timeout; if this follows an alt chord or focus switch it may reach the pane as plain esc bytes=[27]
2026-07-01T18:18:17.324940Z  WARN herdr::raw_input: flushing lone escape after input timeout; if this follows an alt chord or focus switch it may reach the pane as plain esc bytes=[27]
2026-07-01T18:18:17.363495Z  WARN herdr::raw_input: flushing lone escape after input timeout; if this follows an alt chord or focus switch it may reach the pane as plain esc bytes=[27]
2026-07-01T18:18:17.406132Z  WARN herdr::raw_input: flushing lone escape after input timeout; if this follows an alt chord or focus switch it may reach the pane as plain esc bytes=[27]
2026-07-01T18:18:17.443687Z  WARN herdr::raw_input: flushing lone escape after input timeout; if this follows an alt chord or focus switch it may reach the pane as plain esc bytes=[27]
2026-07-01T18:18:17.489872Z  WARN herdr::raw_input: flushing lone escape after input timeout; if this follows an alt chord or focus switch it may reach the pane as plain esc bytes=[27]
2026-07-01T18:18:17.528065Z  WARN herdr::raw_input: flushing lone escape after input timeout; if this follows an alt chord or focus switch it may reach the pane as plain esc bytes=[27]
2026-07-01T18:18:17.567642Z  WARN herdr::raw_input: flushing lone escape after input timeout; if this follows an alt chord or focus switch it may reach the pane as plain esc bytes=[27]
2026-07-01T18:18:17.611212Z  WARN herdr::raw_input: flushing lone escape after input timeout; if this follows an alt chord or focus switch it may reach the pane as plain esc bytes=[27]
2026-07-01T18:18:17.652572Z  WARN herdr::raw_input: flushing lone escape after input timeout; if this follows an alt chord or focus switch it may reach the pane as plain esc bytes=[27]
2026-07-01T18:18:17.693885Z  WARN herdr::raw_input: flushing lone escape after input timeout; if this follows an alt chord or focus switch it may reach the pane as plain esc bytes=[27]
2026-07-01T18:18:17.733476Z  WARN herdr::raw_input: flushing lone escape after input timeout; if this follows an alt chord or focus switch it may reach the pane as plain esc bytes=[27]
2026-07-01T18:18:17.772659Z  WARN herdr::raw_input: flushing lone escape after input timeout; if this follows an alt chord or focus switch it may reach the pane as plain esc bytes=[27]
2026-07-01T18:18:17.819043Z  WARN herdr::raw_input: flushing lone escape after input timeout; if this follows an alt chord or focus switch it may reach the pane as plain esc bytes=[27]
2026-07-01T18:18:17.856242Z  WARN herdr::raw_input: flushing lone escape after input timeout; if this follows an alt chord or focus switch it may reach the pane as plain esc bytes=[27]
2026-07-01T18:18:17.894135Z  WARN herdr::raw_input: flushing lone escape after input timeout; if this follows an alt chord or focus switch it may reach the pane as plain esc bytes=[27]
2026-07-01T18:18:17.934264Z  WARN herdr::raw_input: flushing lone escape after input timeout; if this follows an alt chord or focus switch it may reach the pane as plain esc bytes=[27]
2026-07-01T18:18:17.974776Z  WARN herdr::raw_input: flushing lone escape after input timeout; if this follows an alt chord or focus switch it may reach the pane as plain esc bytes=[27]
2026-07-01T18:18:18.016315Z  WARN herdr::raw_input: flushing lone escape after input timeout; if this follows an alt chord or focus switch it may reach the pane as plain esc bytes=[27]
2026-07-01T18:18:18.058120Z  WARN herdr::raw_input: flushing lone escape after input timeout; if this follows an alt chord or focus switch it may reach the pane as plain esc bytes=[27]
2026-07-01T18:18:18.094800Z  WARN herdr::raw_input: flushing lone escape after input timeout; if this follows an alt chord or focus switch it may reach the pane as plain esc bytes=[27]
2026-07-01T18:18:18.134952Z  WARN herdr::raw_input: flushing lone escape after input timeout; if this follows an alt chord or focus switch it may reach the pane as plain esc bytes=[27]
2026-07-01T18:18:18.175625Z  WARN herdr::raw_input: flushing lone escape after input timeout; if this follows an alt chord or focus switch it may reach the pane as plain esc bytes=[27]
2026-07-01T18:18:18.224315Z  WARN herdr::raw_input: flushing lone escape after input timeout; if this follows an alt chord or focus switch it may reach the pane as plain esc bytes=[27]
2026-07-01T18:18:18.261675Z  WARN herdr::raw_input: flushing lone escape after input timeout; if this follows an alt chord or focus switch it may reach the pane as plain esc bytes=[27]
2026-07-01T18:18:18.304971Z  WARN herdr::raw_input: flushing lone escape after input timeout; if this follows an alt chord or focus switch it may reach the pane as plain esc bytes=[27]
2026-07-01T18:18:18.347571Z  WARN herdr::raw_input: flushing lone escape after input timeout; if this follows an alt chord or focus switch it may reach the pane as plain esc bytes=[27]
2026-07-01T18:18:18.387611Z  WARN herdr::raw_input: flushing lone escape after input timeout; if this follows an alt chord or focus switch it may reach the pane as plain esc bytes=[27]
2026-07-01T18:18:18.430846Z  WARN herdr::raw_input: flushing lone escape after input timeout; if this follows an alt chord or focus switch it may reach the pane as plain esc bytes=[27]
2026-07-01T18:18:18.479273Z  WARN herdr::raw_input: flushing lone escape after input timeout; if this follows an alt chord or focus switch it may reach the pane as plain esc bytes=[27]
2026-07-01T18:18:18.517694Z  WARN herdr::raw_input: flushing lone escape after input timeout; if this follows an alt chord or focus switch it may reach the pane as plain esc bytes=[27]
2026-07-01T18:18:18.560042Z  WARN herdr::raw_input: flushing lone escape after input timeout; if this follows an alt chord or focus switch it may reach the pane as plain esc bytes=[27]
2026-07-01T18:18:18.613711Z  WARN herdr::raw_input: flushing lone escape after input timeout; if this follows an alt chord or focus switch it may reach the pane as plain esc bytes=[27]
2026-07-01T18:18:18.640311Z  WARN herdr::raw_input: flushing lone escape after input timeout; if this follows an alt chord or focus switch it may reach the pane as plain esc bytes=[27]
2026-07-01T18:18:18.683505Z  WARN herdr::raw_input: flushing lone escape after input timeout; if this follows an alt chord or focus switch it may reach the pane as plain esc bytes=[27]
2026-07-01T18:18:18.722220Z  WARN herdr::raw_input: flushing lone escape after input timeout; if this follows an alt chord or focus switch it may reach the pane as plain esc bytes=[27]
2026-07-01T18:18:18.766440Z  WARN herdr::raw_input: flushing lone escape after input timeout; if this follows an alt chord or focus switch it may reach the pane as plain esc bytes=[27]
2026-07-01T18:18:18.803247Z  WARN herdr::raw_input: flushing lone escape after input timeout; if this follows an alt chord or focus switch it may reach the pane as plain esc bytes=[27]
2026-07-01T18:18:18.841057Z  WARN herdr::raw_input: flushing lone escape after input timeout; if this follows an alt chord or focus switch it may reach the pane as plain esc bytes=[27]
2026-07-01T18:18:18.881479Z  WARN herdr::raw_input: flushing lone escape after input timeout; if this follows an alt chord or focus switch it may reach the pane as plain esc bytes=[27]
2026-07-01T18:18:18.922965Z  WARN herdr::raw_input: flushing lone escape after input timeout; if this follows an alt chord or focus switch it may reach the pane as plain esc bytes=[27]
2026-07-01T18:18:18.966191Z  WARN herdr::raw_input: flushing lone escape after input timeout; if this follows an alt chord or focus switch it may reach the pane as plain esc bytes=[27]
2026-07-01T18:18:19.004208Z  WARN herdr::raw_input: flushing lone escape after input timeout; if this follows an alt chord or focus switch it may reach the pane as plain esc bytes=[27]
2026-07-01T18:18:19.045005Z  WARN herdr::raw_input: flushing lone escape after input timeout; if this follows an alt chord or focus switch it may reach the pane as plain esc bytes=[27]
2026-07-01T18:18:19.084624Z  WARN herdr::raw_input: flushing lone escape after input timeout; if this follows an alt chord or focus switch it may reach the pane as plain esc bytes=[27]
2026-07-01T18:18:19.130585Z  WARN herdr::raw_input: flushing lone escape after input timeout; if this follows an alt chord or focus switch it may reach the pane as plain esc bytes=[27]
2026-07-01T18:18:19.176718Z  WARN herdr::raw_input: flushing lone escape after input timeout; if this follows an alt chord or focus switch it may reach the pane as plain esc bytes=[27]
2026-07-01T18:18:19.223426Z  WARN herdr::raw_input: flushing lone escape after input timeout; if this follows an alt chord or focus switch it may reach the pane as plain esc bytes=[27]
2026-07-01T18:18:19.262231Z  WARN herdr::raw_input: flushing lone escape after input timeout; if this follows an alt chord or focus switch it may reach the pane as plain esc bytes=[27]
2026-07-01T18:18:19.295748Z  WARN herdr::raw_input: flushing lone escape after input timeout; if this follows an alt chord or focus switch it may reach the pane as plain esc bytes=[27]
2026-07-01T18:18:19.335341Z  WARN herdr::raw_input: flushing lone escape after input timeout; if this follows an alt chord or focus switch it may reach the pane as plain esc bytes=[27]
2026-07-01T18:18:19.376237Z  WARN herdr::raw_input: flushing lone escape after input timeout; if this follows an alt chord or focus switch it may reach the pane as plain esc bytes=[27]
2026-07-01T18:18:19.421044Z  WARN herdr::raw_input: flushing lone escape after input timeout; if this follows an alt chord or focus switch it may reach the pane as plain esc bytes=[27]
2026-07-01T18:18:19.454630Z  WARN herdr::raw_input: flushing lone escape after input timeout; if this follows an alt chord or focus switch it may reach the pane as plain esc bytes=[27]
2026-07-01T18:18:19.494648Z  WARN herdr::raw_input: flushing lone escape after input timeout; if this follows an alt chord or focus switch it may reach the pane as plain esc bytes=[27]
2026-07-01T18:18:19.535867Z  WARN herdr::raw_input: flushing lone escape after input timeout; if this follows an alt chord or focus switch it may reach the pane as plain esc bytes=[27]
2026-07-01T18:18:19.577450Z  WARN herdr::raw_input: flushing lone escape after input timeout; if this follows an alt chord or focus switch it may reach the pane as plain esc bytes=[27]
2026-07-01T18:18:19.615100Z  WARN herdr::raw_input: flushing lone escape after input timeout; if this follows an alt chord or focus switch it may reach the pane as plain esc bytes=[27]
2026-07-01T18:18:19.655075Z  WARN herdr::raw_input: flushing lone escape after input timeout; if this follows an alt chord or focus switch it may reach the pane as plain esc bytes=[27]
2026-07-01T18:18:19.698126Z  WARN herdr::raw_input: flushing lone escape after input timeout; if this follows an alt chord or focus switch it may reach the pane as plain esc bytes=[27]
2026-07-01T18:18:19.739949Z  WARN herdr::raw_input: flushing lone escape after input timeout; if this follows an alt chord or focus switch it may reach the pane as plain esc bytes=[27]
2026-07-01T18:18:19.777286Z  WARN herdr::raw_input: flushing lone escape after input timeout; if this follows an alt chord or focus switch it may reach the pane as plain esc bytes=[27]
2026-07-01T18:18:19.817925Z  WARN herdr::raw_input: flushing lone escape after input timeout; if this follows an alt chord or focus switch it may reach the pane as plain esc bytes=[27]
2026-07-01T18:18:19.858097Z  WARN herdr::raw_input: flushing lone escape after input timeout; if this follows an alt chord or focus switch it may reach the pane as plain esc bytes=[27]
2026-07-01T18:18:19.897786Z  WARN herdr::raw_input: flushing lone escape after input timeout; if this follows an alt chord or focus switch it may reach the pane as plain esc bytes=[27]
2026-07-01T18:18:19.940765Z  WARN herdr::raw_input: flushing lone escape after input timeout; if this follows an alt chord or focus switch it may reach the pane as plain esc bytes=[27]
2026-07-01T18:18:19.982207Z  WARN herdr::raw_input: flushing lone escape after input timeout; if this follows an alt chord or focus switch it may reach the pane as plain esc bytes=[27]
2026-07-01T18:18:20.021085Z  WARN herdr::raw_input: flushing lone escape after input timeout; if this follows an alt chord or focus switch it may reach the pane as plain esc bytes=[27]
2026-07-01T18:19:21.311770Z  INFO herdr::logging: tab focused event="tab.focus" subsystem="tab" outcome="ok" workspace_id="w6" tab_id="w6:tA"
2026-07-01T18:19:22.560178Z  INFO herdr::logging: tab focused event="tab.focus" subsystem="tab" outcome="ok" workspace_id="w6" tab_id="w6:tE"
2026-07-01T18:19:27.246406Z  INFO herdr::logging: tab focused event="tab.focus" subsystem="tab" outcome="ok" workspace_id="w6" tab_id="w6:tA"
2026-07-01T18:19:32.253273Z  INFO herdr::logging: session saved event="persist.save" subsystem="persist" outcome="ok" path=/home/aoeu/.config/herdr/session.json workspaces=1
2026-07-01T18:19:33.270561Z  INFO herdr::logging: tab focused event="tab.focus" subsystem="tab" outcome="ok" workspace_id="w6" tab_id="w6:tE"
2026-07-01T18:19:38.280753Z  INFO herdr::logging: session saved event="persist.save" subsystem="persist" outcome="ok" path=/home/aoeu/.config/herdr/session.json workspaces=1
2026-07-01T18:20:07.879305Z  INFO herdr::logging: tab focused event="tab.focus" subsystem="tab" outcome="ok" workspace_id="w6" tab_id="w6:tA"
2026-07-01T18:20:12.908590Z  INFO herdr::logging: session saved event="persist.save" subsystem="persist" outcome="ok" path=/home/aoeu/.config/herdr/session.json workspaces=1
2026-07-01T18:20:22.804433Z  INFO herdr::logging: tab focused event="tab.focus" subsystem="tab" outcome="ok" workspace_id="w6" tab_id="w6:tE"
2026-07-01T18:20:27.811034Z  INFO herdr::logging: session saved event="persist.save" subsystem="persist" outcome="ok" path=/home/aoeu/.config/herdr/session.json workspaces=1
2026-07-01T18:20:33.540594Z  INFO herdr::logging: tab focused event="tab.focus" subsystem="tab" outcome="ok" workspace_id="w6" tab_id="w6:tA"
2026-07-01T18:20:37.736336Z  INFO herdr::logging: tab focused event="tab.focus" subsystem="tab" outcome="ok" workspace_id="w6" tab_id="w6:tE"
2026-07-01T18:20:39.220907Z  WARN herdr::raw_input: flushing lone escape after input timeout; if this follows an alt chord or focus switch it may reach the pane as plain esc bytes=[27]
2026-07-01T18:20:39.391895Z  WARN herdr::raw_input: flushing lone escape after input timeout; if this follows an alt chord or focus switch it may reach the pane as plain esc bytes=[27]
2026-07-01T18:20:39.536124Z  WARN herdr::raw_input: flushing lone escape after input timeout; if this follows an alt chord or focus switch it may reach the pane as plain esc bytes=[27]
2026-07-01T18:20:39.762416Z  WARN herdr::raw_input: flushing lone escape after input timeout; if this follows an alt chord or focus switch it may reach the pane as plain esc bytes=[27]
2026-07-01T18:20:40.366548Z  WARN herdr::raw_input: flushing lone escape after input timeout; if this follows an alt chord or focus switch it may reach the pane as plain esc bytes=[27]
2026-07-01T18:20:40.406329Z  WARN herdr::raw_input: flushing lone escape after input timeout; if this follows an alt chord or focus switch it may reach the pane as plain esc bytes=[27]
2026-07-01T18:20:40.446373Z  WARN herdr::raw_input: flushing lone escape after input timeout; if this follows an alt chord or focus switch it may reach the pane as plain esc bytes=[27]
2026-07-01T18:20:40.486368Z  WARN herdr::raw_input: flushing lone escape after input timeout; if this follows an alt chord or focus switch it may reach the pane as plain esc bytes=[27]
2026-07-01T18:20:40.527197Z  WARN herdr::raw_input: flushing lone escape after input timeout; if this follows an alt chord or focus switch it may reach the pane as plain esc bytes=[27]
2026-07-01T18:20:40.570729Z  WARN herdr::raw_input: flushing lone escape after input timeout; if this follows an alt chord or focus switch it may reach the pane as plain esc bytes=[27]
2026-07-01T18:20:40.611310Z  WARN herdr::raw_input: flushing lone escape after input timeout; if this follows an alt chord or focus switch it may reach the pane as plain esc bytes=[27]
2026-07-01T18:20:40.651992Z  WARN herdr::raw_input: flushing lone escape after input timeout; if this follows an alt chord or focus switch it may reach the pane as plain esc bytes=[27]
2026-07-01T18:20:40.692359Z  WARN herdr::raw_input: flushing lone escape after input timeout; if this follows an alt chord or focus switch it may reach the pane as plain esc bytes=[27]
2026-07-01T18:20:40.734167Z  WARN herdr::raw_input: flushing lone escape after input timeout; if this follows an alt chord or focus switch it may reach the pane as plain esc bytes=[27]
2026-07-01T18:20:40.775024Z  WARN herdr::raw_input: flushing lone escape after input timeout; if this follows an alt chord or focus switch it may reach the pane as plain esc bytes=[27]
2026-07-01T18:20:40.818284Z  WARN herdr::raw_input: flushing lone escape after input timeout; if this follows an alt chord or focus switch it may reach the pane as plain esc bytes=[27]
2026-07-01T18:20:40.858457Z  WARN herdr::raw_input: flushing lone escape after input timeout; if this follows an alt chord or focus switch it may reach the pane as plain esc bytes=[27]
2026-07-01T18:20:40.901160Z  WARN herdr::raw_input: flushing lone escape after input timeout; if this follows an alt chord or focus switch it may reach the pane as plain esc bytes=[27]
2026-07-01T18:20:40.950231Z  WARN herdr::raw_input: flushing lone escape after input timeout; if this follows an alt chord or focus switch it may reach the pane as plain esc bytes=[27]
2026-07-01T18:20:40.981565Z  WARN herdr::raw_input: flushing lone escape after input timeout; if this follows an alt chord or focus switch it may reach the pane as plain esc bytes=[27]
2026-07-01T18:20:41.022497Z  WARN herdr::raw_input: flushing lone escape after input timeout; if this follows an alt chord or focus switch it may reach the pane as plain esc bytes=[27]
2026-07-01T18:20:41.061623Z  WARN herdr::raw_input: flushing lone escape after input timeout; if this follows an alt chord or focus switch it may reach the pane as plain esc bytes=[27]
2026-07-01T18:20:41.102251Z  WARN herdr::raw_input: flushing lone escape after input timeout; if this follows an alt chord or focus switch it may reach the pane as plain esc bytes=[27]
2026-07-01T18:20:41.143158Z  WARN herdr::raw_input: flushing lone escape after input timeout; if this follows an alt chord or focus switch it may reach the pane as plain esc bytes=[27]
2026-07-01T18:20:41.183503Z  WARN herdr::raw_input: flushing lone escape after input timeout; if this follows an alt chord or focus switch it may reach the pane as plain esc bytes=[27]
2026-07-01T18:20:41.224820Z  WARN herdr::raw_input: flushing lone escape after input timeout; if this follows an alt chord or focus switch it may reach the pane as plain esc bytes=[27]
2026-07-01T18:20:41.265305Z  WARN herdr::raw_input: flushing lone escape after input timeout; if this follows an alt chord or focus switch it may reach the pane as plain esc bytes=[27]
2026-07-01T18:20:41.305792Z  WARN herdr::raw_input: flushing lone escape after input timeout; if this follows an alt chord or focus switch it may reach the pane as plain esc bytes=[27]
2026-07-01T18:20:41.350651Z  WARN herdr::raw_input: flushing lone escape after input timeout; if this follows an alt chord or focus switch it may reach the pane as plain esc bytes=[27]
2026-07-01T18:20:41.390936Z  WARN herdr::raw_input: flushing lone escape after input timeout; if this follows an alt chord or focus switch it may reach the pane as plain esc bytes=[27]
2026-07-01T18:20:41.431927Z  WARN herdr::raw_input: flushing lone escape after input timeout; if this follows an alt chord or focus switch it may reach the pane as plain esc bytes=[27]
2026-07-01T18:20:41.471418Z  WARN herdr::raw_input: flushing lone escape after input timeout; if this follows an alt chord or focus switch it may reach the pane as plain esc bytes=[27]
2026-07-01T18:20:41.512390Z  WARN herdr::raw_input: flushing lone escape after input timeout; if this follows an alt chord or focus switch it may reach the pane as plain esc bytes=[27]
2026-07-01T18:20:41.552336Z  WARN herdr::raw_input: flushing lone escape after input timeout; if this follows an alt chord or focus switch it may reach the pane as plain esc bytes=[27]
2026-07-01T18:20:41.593900Z  WARN herdr::raw_input: flushing lone escape after input timeout; if this follows an alt chord or focus switch it may reach the pane as plain esc bytes=[27]
2026-07-01T18:20:41.642215Z  WARN herdr::raw_input: flushing lone escape after input timeout; if this follows an alt chord or focus switch it may reach the pane as plain esc bytes=[27]
2026-07-01T18:20:41.676632Z  WARN herdr::raw_input: flushing lone escape after input timeout; if this follows an alt chord or focus switch it may reach the pane as plain esc bytes=[27]
2026-07-01T18:20:41.719912Z  WARN herdr::raw_input: flushing lone escape after input timeout; if this follows an alt chord or focus switch it may reach the pane as plain esc bytes=[27]
2026-07-01T18:20:41.756851Z  WARN herdr::raw_input: flushing lone escape after input timeout; if this follows an alt chord or focus switch it may reach the pane as plain esc bytes=[27]
2026-07-01T18:20:41.797635Z  WARN herdr::raw_input: flushing lone escape after input timeout; if this follows an alt chord or focus switch it may reach the pane as plain esc bytes=[27]
2026-07-01T18:20:41.838805Z  WARN herdr::raw_input: flushing lone escape after input timeout; if this follows an alt chord or focus switch it may reach the pane as plain esc bytes=[27]
2026-07-01T18:20:41.878184Z  WARN herdr::raw_input: flushing lone escape after input timeout; if this follows an alt chord or focus switch it may reach the pane as plain esc bytes=[27]
2026-07-01T18:20:41.917374Z  WARN herdr::raw_input: flushing lone escape after input timeout; if this follows an alt chord or focus switch it may reach the pane as plain esc bytes=[27]
2026-07-01T18:20:41.958193Z  WARN herdr::raw_input: flushing lone escape after input timeout; if this follows an alt chord or focus switch it may reach the pane as plain esc bytes=[27]
2026-07-01T18:20:42.001274Z  WARN herdr::raw_input: flushing lone escape after input timeout; if this follows an alt chord or focus switch it may reach the pane as plain esc bytes=[27]
2026-07-01T18:20:42.037562Z  WARN herdr::raw_input: flushing lone escape after input timeout; if this follows an alt chord or focus switch it may reach the pane as plain esc bytes=[27]
2026-07-01T18:20:42.078779Z  WARN herdr::raw_input: flushing lone escape after input timeout; if this follows an alt chord or focus switch it may reach the pane as plain esc bytes=[27]
2026-07-01T18:20:42.120277Z  WARN herdr::raw_input: flushing lone escape after input timeout; if this follows an alt chord or focus switch it may reach the pane as plain esc bytes=[27]
2026-07-01T18:20:42.159599Z  WARN herdr::raw_input: flushing lone escape after input timeout; if this follows an alt chord or focus switch it may reach the pane as plain esc bytes=[27]
2026-07-01T18:20:42.200415Z  WARN herdr::raw_input: flushing lone escape after input timeout; if this follows an alt chord or focus switch it may reach the pane as plain esc bytes=[27]
2026-07-01T18:20:42.245810Z  WARN herdr::raw_input: flushing lone escape after input timeout; if this follows an alt chord or focus switch it may reach the pane as plain esc bytes=[27]
2026-07-01T18:20:42.280042Z  WARN herdr::raw_input: flushing lone escape after input timeout; if this follows an alt chord or focus switch it may reach the pane as plain esc bytes=[27]
2026-07-01T18:20:42.321746Z  WARN herdr::raw_input: flushing lone escape after input timeout; if this follows an alt chord or focus switch it may reach the pane as plain esc bytes=[27]
2026-07-01T18:20:42.360251Z  WARN herdr::raw_input: flushing lone escape after input timeout; if this follows an alt chord or focus switch it may reach the pane as plain esc bytes=[27]
2026-07-01T18:20:42.400213Z  WARN herdr::raw_input: flushing lone escape after input timeout; if this follows an alt chord or focus switch it may reach the pane as plain esc bytes=[27]
2026-07-01T18:20:42.443787Z  WARN herdr::raw_input: flushing lone escape after input timeout; if this follows an alt chord or focus switch it may reach the pane as plain esc bytes=[27]
2026-07-01T18:20:42.483869Z  WARN herdr::raw_input: flushing lone escape after input timeout; if this follows an alt chord or focus switch it may reach the pane as plain esc bytes=[27]
2026-07-01T18:20:42.524623Z  WARN herdr::raw_input: flushing lone escape after input timeout; if this follows an alt chord or focus switch it may reach the pane as plain esc bytes=[27]
2026-07-01T18:20:42.564833Z  WARN herdr::raw_input: flushing lone escape after input timeout; if this follows an alt chord or focus switch it may reach the pane as plain esc bytes=[27]
2026-07-01T18:20:42.605753Z  WARN herdr::raw_input: flushing lone escape after input timeout; if this follows an alt chord or focus switch it may reach the pane as plain esc bytes=[27]
2026-07-01T18:20:42.647822Z  WARN herdr::raw_input: flushing lone escape after input timeout; if this follows an alt chord or focus switch it may reach the pane as plain esc bytes=[27]
2026-07-01T18:20:42.685708Z  WARN herdr::raw_input: flushing lone escape after input timeout; if this follows an alt chord or focus switch it may reach the pane as plain esc bytes=[27]
2026-07-01T18:20:42.728802Z  WARN herdr::raw_input: flushing lone escape after input timeout; if this follows an alt chord or focus switch it may reach the pane as plain esc bytes=[27]
2026-07-01T18:20:42.742323Z  INFO herdr::logging: session saved event="persist.save" subsystem="persist" outcome="ok" path=/home/aoeu/.config/herdr/session.json workspaces=1
2026-07-01T18:20:42.773714Z  WARN herdr::raw_input: flushing lone escape after input timeout; if this follows an alt chord or focus switch it may reach the pane as plain esc bytes=[27]
2026-07-01T18:20:42.811325Z  WARN herdr::raw_input: flushing lone escape after input timeout; if this follows an alt chord or focus switch it may reach the pane as plain esc bytes=[27]
2026-07-01T18:20:42.851752Z  WARN herdr::raw_input: flushing lone escape after input timeout; if this follows an alt chord or focus switch it may reach the pane as plain esc bytes=[27]
2026-07-01T18:20:42.891828Z  WARN herdr::raw_input: flushing lone escape after input timeout; if this follows an alt chord or focus switch it may reach the pane as plain esc bytes=[27]
2026-07-01T18:20:42.934766Z  WARN herdr::raw_input: flushing lone escape after input timeout; if this follows an alt chord or focus switch it may reach the pane as plain esc bytes=[27]
2026-07-01T18:20:42.973375Z  WARN herdr::raw_input: flushing lone escape after input timeout; if this follows an alt chord or focus switch it may reach the pane as plain esc bytes=[27]
2026-07-01T18:20:43.012962Z  WARN herdr::raw_input: flushing lone escape after input timeout; if this follows an alt chord or focus switch it may reach the pane as plain esc bytes=[27]
2026-07-01T18:20:43.179044Z  WARN herdr::raw_input: flushing lone escape after input timeout; if this follows an alt chord or focus switch it may reach the pane as plain esc bytes=[27]
2026-07-01T18:20:43.222210Z  WARN herdr::raw_input: flushing lone escape after input timeout; if this follows an alt chord or focus switch it may reach the pane as plain esc bytes=[27]
2026-07-01T18:20:43.262219Z  WARN herdr::raw_input: flushing lone escape after input timeout; if this follows an alt chord or focus switch it may reach the pane as plain esc bytes=[27]
2026-07-01T18:20:43.309854Z  WARN herdr::raw_input: flushing lone escape after input timeout; if this follows an alt chord or focus switch it may reach the pane as plain esc bytes=[27]
2026-07-01T18:20:43.389200Z  WARN herdr::raw_input: flushing lone escape after input timeout; if this follows an alt chord or focus switch it may reach the pane as plain esc bytes=[27]
2026-07-01T18:20:43.435392Z  WARN herdr::raw_input: flushing lone escape after input timeout; if this follows an alt chord or focus switch it may reach the pane as plain esc bytes=[27]
2026-07-01T18:20:43.514802Z  WARN herdr::raw_input: flushing lone escape after input timeout; if this follows an alt chord or focus switch it may reach the pane as plain esc bytes=[27]
2026-07-01T18:20:43.556426Z  WARN herdr::raw_input: flushing lone escape after input timeout; if this follows an alt chord or focus switch it may reach the pane as plain esc bytes=[27]
2026-07-01T18:20:43.589552Z  WARN herdr::raw_input: flushing lone escape after input timeout; if this follows an alt chord or focus switch it may reach the pane as plain esc bytes=[27]
2026-07-01T18:20:43.629728Z  WARN herdr::raw_input: flushing lone escape after input timeout; if this follows an alt chord or focus switch it may reach the pane as plain esc bytes=[27]
2026-07-01T18:20:43.669775Z  WARN herdr::raw_input: flushing lone escape after input timeout; if this follows an alt chord or focus switch it may reach the pane as plain esc bytes=[27]
2026-07-01T18:20:43.713886Z  WARN herdr::raw_input: flushing lone escape after input timeout; if this follows an alt chord or focus switch it may reach the pane as plain esc bytes=[27]
2026-07-01T18:20:43.754605Z  WARN herdr::raw_input: flushing lone escape after input timeout; if this follows an alt chord or focus switch it may reach the pane as plain esc bytes=[27]
2026-07-01T18:20:43.800736Z  WARN herdr::raw_input: flushing lone escape after input timeout; if this follows an alt chord or focus switch it may reach the pane as plain esc bytes=[27]
2026-07-01T18:20:43.839073Z  WARN herdr::raw_input: flushing lone escape after input timeout; if this follows an alt chord or focus switch it may reach the pane as plain esc bytes=[27]
2026-07-01T18:20:43.879595Z  WARN herdr::raw_input: flushing lone escape after input timeout; if this follows an alt chord or focus switch it may reach the pane as plain esc bytes=[27]
2026-07-01T18:20:43.919742Z  WARN herdr::raw_input: flushing lone escape after input timeout; if this follows an alt chord or focus switch it may reach the pane as plain esc bytes=[27]
2026-07-01T18:20:43.960407Z  WARN herdr::raw_input: flushing lone escape after input timeout; if this follows an alt chord or focus switch it may reach the pane as plain esc bytes=[27]
2026-07-01T18:20:43.999543Z  WARN herdr::raw_input: flushing lone escape after input timeout; if this follows an alt chord or focus switch it may reach the pane as plain esc bytes=[27]
2026-07-01T18:20:44.039797Z  WARN herdr::raw_input: flushing lone escape after input timeout; if this follows an alt chord or focus switch it may reach the pane as plain esc bytes=[27]
2026-07-01T18:20:44.082344Z  WARN herdr::raw_input: flushing lone escape after input timeout; if this follows an alt chord or focus switch it may reach the pane as plain esc bytes=[27]
2026-07-01T18:20:44.119903Z  WARN herdr::raw_input: flushing lone escape after input timeout; if this follows an alt chord or focus switch it may reach the pane as plain esc bytes=[27]
2026-07-01T18:20:44.160088Z  WARN herdr::raw_input: flushing lone escape after input timeout; if this follows an alt chord or focus switch it may reach the pane as plain esc bytes=[27]
2026-07-01T18:20:44.209389Z  WARN herdr::raw_input: flushing lone escape after input timeout; if this follows an alt chord or focus switch it may reach the pane as plain esc bytes=[27]
2026-07-01T18:20:44.242021Z  WARN herdr::raw_input: flushing lone escape after input timeout; if this follows an alt chord or focus switch it may reach the pane as plain esc bytes=[27]
2026-07-01T18:20:44.281865Z  WARN herdr::raw_input: flushing lone escape after input timeout; if this follows an alt chord or focus switch it may reach the pane as plain esc bytes=[27]
2026-07-01T18:20:44.322682Z  WARN herdr::raw_input: flushing lone escape after input timeout; if this follows an alt chord or focus switch it may reach the pane as plain esc bytes=[27]
2026-07-01T18:20:44.363032Z  WARN herdr::raw_input: flushing lone escape after input timeout; if this follows an alt chord or focus switch it may reach the pane as plain esc bytes=[27]
2026-07-01T18:20:44.404540Z  WARN herdr::raw_input: flushing lone escape after input timeout; if this follows an alt chord or focus switch it may reach the pane as plain esc bytes=[27]
2026-07-01T18:20:44.448967Z  WARN herdr::raw_input: flushing lone escape after input timeout; if this follows an alt chord or focus switch it may reach the pane as plain esc bytes=[27]
2026-07-01T18:20:44.487118Z  WARN herdr::raw_input: flushing lone escape after input timeout; if this follows an alt chord or focus switch it may reach the pane as plain esc bytes=[27]
2026-07-01T18:20:44.528426Z  WARN herdr::raw_input: flushing lone escape after input timeout; if this follows an alt chord or focus switch it may reach the pane as plain esc bytes=[27]
2026-07-01T18:20:44.571274Z  WARN herdr::raw_input: flushing lone escape after input timeout; if this follows an alt chord or focus switch it may reach the pane as plain esc bytes=[27]
2026-07-01T18:20:44.614921Z  WARN herdr::raw_input: flushing lone escape after input timeout; if this follows an alt chord or focus switch it may reach the pane as plain esc bytes=[27]
2026-07-01T18:20:44.649849Z  WARN herdr::raw_input: flushing lone escape after input timeout; if this follows an alt chord or focus switch it may reach the pane as plain esc bytes=[27]
2026-07-01T18:20:44.692203Z  WARN herdr::raw_input: flushing lone escape after input timeout; if this follows an alt chord or focus switch it may reach the pane as plain esc bytes=[27]
2026-07-01T18:20:44.734935Z  WARN herdr::raw_input: flushing lone escape after input timeout; if this follows an alt chord or focus switch it may reach the pane as plain esc bytes=[27]
2026-07-01T18:20:44.772772Z  WARN herdr::raw_input: flushing lone escape after input timeout; if this follows an alt chord or focus switch it may reach the pane as plain esc bytes=[27]
2026-07-01T18:23:03.057036Z  INFO herdr::logging: tab focused event="tab.focus" subsystem="tab" outcome="ok" workspace_id="w6" tab_id="w6:tA"
2026-07-01T18:23:08.070588Z  INFO herdr::logging: session saved event="persist.save" subsystem="persist" outcome="ok" path=/home/aoeu/.config/herdr/session.json workspaces=1
2026-07-01T18:23:09.937454Z  INFO herdr::logging: tab focused event="tab.focus" subsystem="tab" outcome="ok" workspace_id="w6" tab_id="w6:tE"
2026-07-01T18:23:14.950999Z  INFO herdr::logging: session saved event="persist.save" subsystem="persist" outcome="ok" path=/home/aoeu/.config/herdr/session.json workspaces=1
2026-07-01T18:23:27.910628Z  INFO herdr::logging: tab focused event="tab.focus" subsystem="tab" outcome="ok" workspace_id="w6" tab_id="w6:tA"
2026-07-01T18:23:32.914966Z  INFO herdr::logging: session saved event="persist.save" subsystem="persist" outcome="ok" path=/home/aoeu/.config/herdr/session.json workspaces=1
2026-07-01T18:23:34.052418Z  INFO herdr::logging: tab focused event="tab.focus" subsystem="tab" outcome="ok" workspace_id="w6" tab_id="w6:tE"
2026-07-01T18:23:37.597262Z  INFO herdr::pane: agent changed pane=9 previous_agent=Some(OpenCode) agent=None pgid=Some(12959)
2026-07-01T18:23:39.674040Z  INFO herdr::logging: pane child exited event="pane.exit" subsystem="pane" outcome="completed" pane_id=9 status="ExitStatus { code: 0, signal: None }"
2026-07-01T18:23:39.674240Z  INFO herdr::pane: pane session terminated pane=9 pid=12959 signal=Hangup
2026-07-01T18:23:44.678595Z  INFO herdr::logging: session saved event="persist.save" subsystem="persist" outcome="ok" path=/home/aoeu/.config/herdr/session.json workspaces=1
2026-07-01T18:23:50.967708Z  INFO herdr::logging: tab focused event="tab.focus" subsystem="tab" outcome="ok" workspace_id="w6" tab_id="w6:tA"
2026-07-01T18:23:55.974172Z  INFO herdr::logging: session saved event="persist.save" subsystem="persist" outcome="ok" path=/home/aoeu/.config/herdr/session.json workspaces=1
2026-07-01T18:25:46.239853Z  INFO herdr::logging: tab focused event="tab.focus" subsystem="tab" outcome="ok" workspace_id="w6" tab_id="w6:tD"
2026-07-01T18:25:51.252631Z  INFO herdr::logging: session saved event="persist.save" subsystem="persist" outcome="ok" path=/home/aoeu/.config/herdr/session.json workspaces=1
2026-07-01T18:26:03.184116Z  INFO herdr::pane: agent changed pane=8 previous_agent=None agent=Some(OpenCode) process=opencode pgid=Some(4671)
2026-07-01T18:26:05.811190Z  INFO herdr::logging: session saved event="persist.save" subsystem="persist" outcome="ok" path=/home/aoeu/.config/herdr/session.json workspaces=1
2026-07-01T18:26:32.298310Z  INFO herdr::pane: agent changed pane=8 previous_agent=None agent=Some(OpenCode) process=opencode pgid=Some(4671)
2026-07-01T18:26:37.316858Z  INFO herdr::logging: session saved event="persist.save" subsystem="persist" outcome="ok" path=/home/aoeu/.config/herdr/session.json workspaces=1
2026-07-01T18:26:58.969560Z  INFO herdr::logging: tab focused event="tab.focus" subsystem="tab" outcome="ok" workspace_id="w6" tab_id="w6:tA"
2026-07-01T18:27:03.978626Z  INFO herdr::logging: session saved event="persist.save" subsystem="persist" outcome="ok" path=/home/aoeu/.config/herdr/session.json workspaces=1
2026-07-01T18:27:12.275408Z  INFO herdr::logging: tab focused event="tab.focus" subsystem="tab" outcome="ok" workspace_id="w6" tab_id="w6:tD"
2026-07-01T18:27:17.285392Z  INFO herdr::logging: session saved event="persist.save" subsystem="persist" outcome="ok" path=/home/aoeu/.config/herdr/session.json workspaces=1
2026-07-01T18:27:27.597208Z  WARN herdr::raw_input: flushing lone escape after input timeout; if this follows an alt chord or focus switch it may reach the pane as plain esc bytes=[27]
2026-07-01T18:27:27.802329Z  WARN herdr::raw_input: flushing lone escape after input timeout; if this follows an alt chord or focus switch it may reach the pane as plain esc bytes=[27]
2026-07-01T18:27:27.949879Z  WARN herdr::raw_input: flushing lone escape after input timeout; if this follows an alt chord or focus switch it may reach the pane as plain esc bytes=[27]
2026-07-01T18:27:28.095953Z  WARN herdr::raw_input: flushing lone escape after input timeout; if this follows an alt chord or focus switch it may reach the pane as plain esc bytes=[27]
2026-07-01T18:27:47.690379Z  INFO herdr::logging: tab focused event="tab.focus" subsystem="tab" outcome="ok" workspace_id="w6" tab_id="w6:tA"
2026-07-01T18:27:49.930182Z  INFO herdr::logging: tab focused event="tab.focus" subsystem="tab" outcome="ok" workspace_id="w6" tab_id="w6:tD"
2026-07-01T18:27:52.070216Z  INFO herdr::logging: tab focused event="tab.focus" subsystem="tab" outcome="ok" workspace_id="w6" tab_id="w6:tA"
2026-07-01T18:27:57.087681Z  INFO herdr::logging: session saved event="persist.save" subsystem="persist" outcome="ok" path=/home/aoeu/.config/herdr/session.json workspaces=1
2026-07-01T18:27:59.982924Z  INFO herdr::logging: tab focused event="tab.focus" subsystem="tab" outcome="ok" workspace_id="w6" tab_id="w6:tD"
2026-07-01T18:28:04.989053Z  INFO herdr::logging: session saved event="persist.save" subsystem="persist" outcome="ok" path=/home/aoeu/.config/herdr/session.json workspaces=1
2026-07-01T18:28:56.497919Z  INFO herdr::logging: tab focused event="tab.focus" subsystem="tab" outcome="ok" workspace_id="w6" tab_id="w6:tA"
2026-07-01T18:28:59.090335Z  INFO herdr::logging: tab focused event="tab.focus" subsystem="tab" outcome="ok" workspace_id="w6" tab_id="w6:tD"
2026-07-01T18:29:04.099990Z  INFO herdr::logging: session saved event="persist.save" subsystem="persist" outcome="ok" path=/home/aoeu/.config/herdr/session.json workspaces=1
2026-07-01T18:29:38.802410Z  WARN herdr::raw_input: flushing lone escape after input timeout; if this follows an alt chord or focus switch it may reach the pane as plain esc bytes=[27]
2026-07-01T18:29:38.995470Z  WARN herdr::raw_input: flushing lone escape after input timeout; if this follows an alt chord or focus switch it may reach the pane as plain esc bytes=[27]
2026-07-01T18:29:39.188110Z  WARN herdr::raw_input: flushing lone escape after input timeout; if this follows an alt chord or focus switch it may reach the pane as plain esc bytes=[27]
2026-07-01T18:29:39.369912Z  WARN herdr::raw_input: flushing lone escape after input timeout; if this follows an alt chord or focus switch it may reach the pane as plain esc bytes=[27]
2026-07-01T18:29:39.512653Z  WARN herdr::raw_input: flushing lone escape after input timeout; if this follows an alt chord or focus switch it may reach the pane as plain esc bytes=[27]
2026-07-01T18:29:39.664023Z  WARN herdr::raw_input: flushing lone escape after input timeout; if this follows an alt chord or focus switch it may reach the pane as plain esc bytes=[27]
2026-07-01T18:29:59.671010Z  INFO herdr::logging: tab focused event="tab.focus" subsystem="tab" outcome="ok" workspace_id="w6" tab_id="w6:tA"
2026-07-01T18:30:04.482551Z  INFO herdr::logging: tab focused event="tab.focus" subsystem="tab" outcome="ok" workspace_id="w6" tab_id="w6:tD"
2026-07-01T18:30:07.547566Z  INFO herdr::logging: tab focused event="tab.focus" subsystem="tab" outcome="ok" workspace_id="w6" tab_id="w6:tA"
2026-07-01T18:30:12.553420Z  INFO herdr::logging: session saved event="persist.save" subsystem="persist" outcome="ok" path=/home/aoeu/.config/herdr/session.json workspaces=1
2026-07-01T18:30:15.147226Z  INFO herdr::logging: tab focused event="tab.focus" subsystem="tab" outcome="ok" workspace_id="w6" tab_id="w6:tD"
2026-07-01T18:30:20.167465Z  INFO herdr::logging: session saved event="persist.save" subsystem="persist" outcome="ok" path=/home/aoeu/.config/herdr/session.json workspaces=1
2026-07-01T18:30:46.782109Z  INFO herdr::logging: tab focused event="tab.focus" subsystem="tab" outcome="ok" workspace_id="w6" tab_id="w6:tA"
2026-07-01T18:30:51.812599Z  INFO herdr::logging: session saved event="persist.save" subsystem="persist" outcome="ok" path=/home/aoeu/.config/herdr/session.json workspaces=1
2026-07-01T18:31:02.439532Z  INFO herdr::logging: tab focused event="tab.focus" subsystem="tab" outcome="ok" workspace_id="w6" tab_id="w6:tD"
2026-07-01T18:31:07.450129Z  INFO herdr::logging: session saved event="persist.save" subsystem="persist" outcome="ok" path=/home/aoeu/.config/herdr/session.json workspaces=1
2026-07-01T18:31:18.765097Z  INFO herdr::logging: tab focused event="tab.focus" subsystem="tab" outcome="ok" workspace_id="w6" tab_id="w6:tA"
2026-07-01T18:31:23.779306Z  INFO herdr::logging: session saved event="persist.save" subsystem="persist" outcome="ok" path=/home/aoeu/.config/herdr/session.json workspaces=1
2026-07-01T18:31:25.246866Z  INFO herdr::logging: tab focused event="tab.focus" subsystem="tab" outcome="ok" workspace_id="w6" tab_id="w6:tD"
2026-07-01T18:31:30.257592Z  INFO herdr::logging: session saved event="persist.save" subsystem="persist" outcome="ok" path=/home/aoeu/.config/herdr/session.json workspaces=1
2026-07-01T18:31:34.048995Z  INFO herdr::logging: tab focused event="tab.focus" subsystem="tab" outcome="ok" workspace_id="w6" tab_id="w6:tA"
2026-07-01T18:31:39.063428Z  INFO herdr::logging: session saved event="persist.save" subsystem="persist" outcome="ok" path=/home/aoeu/.config/herdr/session.json workspaces=1
2026-07-01T18:31:44.077024Z  INFO herdr::logging: tab focused event="tab.focus" subsystem="tab" outcome="ok" workspace_id="w6" tab_id="w6:tD"
2026-07-01T18:31:47.301014Z  WARN herdr::raw_input: flushing lone escape after input timeout; if this follows an alt chord or focus switch it may reach the pane as plain esc bytes=[27]
2026-07-01T18:31:47.504202Z  WARN herdr::raw_input: flushing lone escape after input timeout; if this follows an alt chord or focus switch it may reach the pane as plain esc bytes=[27]
2026-07-01T18:31:47.683797Z  WARN herdr::raw_input: flushing lone escape after input timeout; if this follows an alt chord or focus switch it may reach the pane as plain esc bytes=[27]
2026-07-01T18:31:47.848178Z  WARN herdr::raw_input: flushing lone escape after input timeout; if this follows an alt chord or focus switch it may reach the pane as plain esc bytes=[27]
2026-07-01T18:31:47.979705Z  WARN herdr::raw_input: flushing lone escape after input timeout; if this follows an alt chord or focus switch it may reach the pane as plain esc bytes=[27]
2026-07-01T18:31:49.114893Z  INFO herdr::logging: session saved event="persist.save" subsystem="persist" outcome="ok" path=/home/aoeu/.config/herdr/session.json workspaces=1
2026-07-01T18:31:53.573167Z  INFO herdr::logging: tab focused event="tab.focus" subsystem="tab" outcome="ok" workspace_id="w6" tab_id="w6:tA"
2026-07-01T18:31:58.591212Z  INFO herdr::logging: session saved event="persist.save" subsystem="persist" outcome="ok" path=/home/aoeu/.config/herdr/session.json workspaces=1
2026-07-01T18:33:59.901556Z  INFO herdr::logging: spawning pane terminal event="pane.spawn.start" subsystem="pane" outcome="started" pane_id=11 rows=46 cols=161 scrollback_limit_bytes=10000000
2026-07-01T18:33:59.905023Z  INFO herdr::logging: pane child spawned event="pane.spawned" subsystem="pane" outcome="ok" pane_id=11 pid=11035
2026-07-01T18:33:59.905290Z  INFO herdr::logging: tab focused event="tab.focus" subsystem="tab" outcome="ok" workspace_id="w6" tab_id="w6:tG"
2026-07-01T18:33:59.905307Z  INFO herdr::logging: tab created event="tab.create" subsystem="tab" outcome="ok" workspace_id="w6" tab_id="w6:tG" pane_id=11
2026-07-01T18:34:04.917948Z  INFO herdr::logging: session saved event="persist.save" subsystem="persist" outcome="ok" path=/home/aoeu/.config/herdr/session.json workspaces=1
2026-07-01T18:35:57.120944Z  INFO herdr::logging: tab focused event="tab.focus" subsystem="tab" outcome="ok" workspace_id="w6" tab_id="w6:tD"
2026-07-01T18:35:58.539126Z  INFO herdr::logging: tab focused event="tab.focus" subsystem="tab" outcome="ok" workspace_id="w6" tab_id="w6:tA"
2026-07-01T18:36:00.801426Z  INFO herdr::logging: tab focused event="tab.focus" subsystem="tab" outcome="ok" workspace_id="w6" tab_id="w6:tG"
2026-07-01T18:36:05.809649Z  INFO herdr::logging: session saved event="persist.save" subsystem="persist" outcome="ok" path=/home/aoeu/.config/herdr/session.json workspaces=1
2026-07-01T18:36:08.886849Z  INFO herdr::pane: agent changed pane=11 previous_agent=None agent=Some(OpenCode) process=opencode pgid=Some(11035)
2026-07-01T18:36:10.645006Z  INFO herdr::logging: tab focused event="tab.focus" subsystem="tab" outcome="ok" workspace_id="w6" tab_id="w6:tA"
2026-07-01T18:36:14.438932Z  INFO herdr::logging: tab focused event="tab.focus" subsystem="tab" outcome="ok" workspace_id="w6" tab_id="w6:tG"
2026-07-01T18:36:16.792264Z  INFO herdr::logging: tab focused event="tab.focus" subsystem="tab" outcome="ok" workspace_id="w6" tab_id="w6:tA"
2026-07-01T18:36:17.919029Z  INFO herdr::logging: tab focused event="tab.focus" subsystem="tab" outcome="ok" workspace_id="w6" tab_id="w6:tG"
2026-07-01T18:36:22.928005Z  INFO herdr::logging: session saved event="persist.save" subsystem="persist" outcome="ok" path=/home/aoeu/.config/herdr/session.json workspaces=1
2026-07-01T18:36:34.335748Z  INFO herdr::pane: agent changed pane=11 previous_agent=None agent=Some(OpenCode) process=opencode pgid=Some(11035)
2026-07-01T18:36:36.426897Z  INFO herdr::logging: tab focused event="tab.focus" subsystem="tab" outcome="ok" workspace_id="w6" tab_id="w6:tD"
2026-07-01T18:36:41.434012Z  INFO herdr::logging: session saved event="persist.save" subsystem="persist" outcome="ok" path=/home/aoeu/.config/herdr/session.json workspaces=1
2026-07-01T18:36:41.508889Z  INFO herdr::logging: tab focused event="tab.focus" subsystem="tab" outcome="ok" workspace_id="w6" tab_id="w6:tA"
2026-07-01T18:36:45.271478Z  INFO herdr::logging: tab focused event="tab.focus" subsystem="tab" outcome="ok" workspace_id="w6" tab_id="w6:tD"
2026-07-01T18:36:50.294433Z  INFO herdr::logging: session saved event="persist.save" subsystem="persist" outcome="ok" path=/home/aoeu/.config/herdr/session.json workspaces=1
2026-07-01T18:36:55.358658Z  INFO herdr::logging: tab renamed event="tab.rename" subsystem="tab" outcome="ok" workspace_id="w6" tab_id="w6:tD"
2026-07-01T18:36:57.671796Z  INFO herdr::logging: tab focused event="tab.focus" subsystem="tab" outcome="ok" workspace_id="w6" tab_id="w6:tG"
2026-07-01T18:37:02.683743Z  INFO herdr::logging: session saved event="persist.save" subsystem="persist" outcome="ok" path=/home/aoeu/.config/herdr/session.json workspaces=1
2026-07-01T18:37:30.000484Z  INFO herdr::logging: tab focused event="tab.focus" subsystem="tab" outcome="ok" workspace_id="w6" tab_id="w6:tA"
2026-07-01T18:37:33.561538Z  INFO herdr::logging: tab focused event="tab.focus" subsystem="tab" outcome="ok" workspace_id="w6" tab_id="w6:tG"
2026-07-01T18:37:38.574821Z  INFO herdr::logging: session saved event="persist.save" subsystem="persist" outcome="ok" path=/home/aoeu/.config/herdr/session.json workspaces=1
2026-07-01T18:37:43.179253Z  WARN herdr::raw_input: flushing lone escape after input timeout; if this follows an alt chord or focus switch it may reach the pane as plain esc bytes=[27]
2026-07-01T18:37:43.446131Z  WARN herdr::raw_input: flushing lone escape after input timeout; if this follows an alt chord or focus switch it may reach the pane as plain esc bytes=[27]
2026-07-01T18:37:43.636417Z  WARN herdr::raw_input: flushing lone escape after input timeout; if this follows an alt chord or focus switch it may reach the pane as plain esc bytes=[27]
2026-07-01T18:37:43.810895Z  WARN herdr::raw_input: flushing lone escape after input timeout; if this follows an alt chord or focus switch it may reach the pane as plain esc bytes=[27]
2026-07-01T18:37:43.951428Z  WARN herdr::raw_input: flushing lone escape after input timeout; if this follows an alt chord or focus switch it may reach the pane as plain esc bytes=[27]
2026-07-01T18:42:12.580288Z  INFO herdr::logging: tab focused event="tab.focus" subsystem="tab" outcome="ok" workspace_id="w6" tab_id="w6:tA"
2026-07-01T18:42:17.604381Z  INFO herdr::logging: session saved event="persist.save" subsystem="persist" outcome="ok" path=/home/aoeu/.config/herdr/session.json workspaces=1
2026-07-01T18:42:18.303174Z  INFO herdr::logging: tab focused event="tab.focus" subsystem="tab" outcome="ok" workspace_id="w6" tab_id="w6:tG"
2026-07-01T18:42:23.311624Z  INFO herdr::logging: session saved event="persist.save" subsystem="persist" outcome="ok" path=/home/aoeu/.config/herdr/session.json workspaces=1
2026-07-01T18:42:36.931571Z  INFO herdr::logging: tab focused event="tab.focus" subsystem="tab" outcome="ok" workspace_id="w6" tab_id="w6:tA"
2026-07-01T18:42:41.937760Z  INFO herdr::logging: session saved event="persist.save" subsystem="persist" outcome="ok" path=/home/aoeu/.config/herdr/session.json workspaces=1
2026-07-01T18:42:45.801691Z  INFO herdr::logging: tab focused event="tab.focus" subsystem="tab" outcome="ok" workspace_id="w6" tab_id="w6:tG"
2026-07-01T18:42:50.808875Z  INFO herdr::logging: session saved event="persist.save" subsystem="persist" outcome="ok" path=/home/aoeu/.config/herdr/session.json workspaces=1
2026-07-01T18:42:54.100995Z  INFO herdr::logging: tab focused event="tab.focus" subsystem="tab" outcome="ok" workspace_id="w6" tab_id="w6:tA"
2026-07-01T18:42:57.322498Z  WARN herdr::raw_input: flushing lone escape after input timeout; if this follows an alt chord or focus switch it may reach the pane as plain esc bytes=[27]
2026-07-01T18:42:57.772970Z  WARN herdr::raw_input: flushing lone escape after input timeout; if this follows an alt chord or focus switch it may reach the pane as plain esc bytes=[27]
2026-07-01T18:42:59.109056Z  INFO herdr::logging: session saved event="persist.save" subsystem="persist" outcome="ok" path=/home/aoeu/.config/herdr/session.json workspaces=1
2026-07-01T18:43:20.293992Z  INFO herdr::logging: tab focused event="tab.focus" subsystem="tab" outcome="ok" workspace_id="w6" tab_id="w6:tG"
2026-07-01T18:43:22.449563Z  WARN herdr::raw_input: flushing lone escape after input timeout; if this follows an alt chord or focus switch it may reach the pane as plain esc bytes=[27]
2026-07-01T18:43:22.649068Z  WARN herdr::raw_input: flushing lone escape after input timeout; if this follows an alt chord or focus switch it may reach the pane as plain esc bytes=[27]
2026-07-01T18:43:22.794110Z  WARN herdr::raw_input: flushing lone escape after input timeout; if this follows an alt chord or focus switch it may reach the pane as plain esc bytes=[27]
2026-07-01T18:43:22.924285Z  WARN herdr::raw_input: flushing lone escape after input timeout; if this follows an alt chord or focus switch it may reach the pane as plain esc bytes=[27]
2026-07-01T18:43:25.300637Z  INFO herdr::logging: session saved event="persist.save" subsystem="persist" outcome="ok" path=/home/aoeu/.config/herdr/session.json workspaces=1
2026-07-01T18:43:46.269559Z  INFO herdr::logging: tab focused event="tab.focus" subsystem="tab" outcome="ok" workspace_id="w6" tab_id="w6:tA"
2026-07-01T18:43:51.276206Z  INFO herdr::logging: session saved event="persist.save" subsystem="persist" outcome="ok" path=/home/aoeu/.config/herdr/session.json workspaces=1
2026-07-01T18:43:58.967759Z  INFO herdr::logging: tab focused event="tab.focus" subsystem="tab" outcome="ok" workspace_id="w6" tab_id="w6:tG"
2026-07-01T18:44:02.597293Z  INFO herdr::logging: tab focused event="tab.focus" subsystem="tab" outcome="ok" workspace_id="w6" tab_id="w6:tA"
2026-07-01T18:44:07.612838Z  INFO herdr::logging: session saved event="persist.save" subsystem="persist" outcome="ok" path=/home/aoeu/.config/herdr/session.json workspaces=1
2026-07-01T18:44:09.414956Z  WARN herdr::raw_input: flushing lone escape after input timeout; if this follows an alt chord or focus switch it may reach the pane as plain esc bytes=[27]
2026-07-01T18:44:09.588814Z  WARN herdr::raw_input: flushing lone escape after input timeout; if this follows an alt chord or focus switch it may reach the pane as plain esc bytes=[27]
2026-07-01T18:44:09.756025Z  WARN herdr::raw_input: flushing lone escape after input timeout; if this follows an alt chord or focus switch it may reach the pane as plain esc bytes=[27]
2026-07-01T18:44:09.872316Z  WARN herdr::raw_input: flushing lone escape after input timeout; if this follows an alt chord or focus switch it may reach the pane as plain esc bytes=[27]
2026-07-01T18:44:09.957772Z  WARN herdr::raw_input: flushing lone escape after input timeout; if this follows an alt chord or focus switch it may reach the pane as plain esc bytes=[27]
2026-07-01T18:44:41.887357Z  INFO herdr::logging: tab focused event="tab.focus" subsystem="tab" outcome="ok" workspace_id="w6" tab_id="w6:tG"
2026-07-01T18:44:45.909482Z  INFO herdr::logging: tab focused event="tab.focus" subsystem="tab" outcome="ok" workspace_id="w6" tab_id="w6:tA"
2026-07-01T18:44:50.914924Z  INFO herdr::logging: session saved event="persist.save" subsystem="persist" outcome="ok" path=/home/aoeu/.config/herdr/session.json workspaces=1
2026-07-01T18:44:54.634563Z  INFO herdr::logging: tab focused event="tab.focus" subsystem="tab" outcome="ok" workspace_id="w6" tab_id="w6:tG"
2026-07-01T18:44:57.040660Z  WARN herdr::raw_input: flushing lone escape after input timeout; if this follows an alt chord or focus switch it may reach the pane as plain esc bytes=[27]
2026-07-01T18:44:57.244598Z  WARN herdr::raw_input: flushing lone escape after input timeout; if this follows an alt chord or focus switch it may reach the pane as plain esc bytes=[27]
2026-07-01T18:44:57.404161Z  WARN herdr::raw_input: flushing lone escape after input timeout; if this follows an alt chord or focus switch it may reach the pane as plain esc bytes=[27]
2026-07-01T18:44:57.588564Z  WARN herdr::raw_input: flushing lone escape after input timeout; if this follows an alt chord or focus switch it may reach the pane as plain esc bytes=[27]
2026-07-01T18:44:59.645288Z  INFO herdr::logging: session saved event="persist.save" subsystem="persist" outcome="ok" path=/home/aoeu/.config/herdr/session.json workspaces=1
2026-07-01T18:45:05.864130Z  INFO herdr::logging: tab focused event="tab.focus" subsystem="tab" outcome="ok" workspace_id="w6" tab_id="w6:tA"
2026-07-01T18:45:10.874523Z  INFO herdr::logging: session saved event="persist.save" subsystem="persist" outcome="ok" path=/home/aoeu/.config/herdr/session.json workspaces=1
2026-07-01T18:45:13.103112Z  INFO herdr::logging: tab focused event="tab.focus" subsystem="tab" outcome="ok" workspace_id="w6" tab_id="w6:tG"
2026-07-01T18:45:18.152403Z  INFO herdr::logging: session saved event="persist.save" subsystem="persist" outcome="ok" path=/home/aoeu/.config/herdr/session.json workspaces=1
2026-07-01T18:45:26.544855Z  WARN herdr::raw_input: flushing lone escape after input timeout; if this follows an alt chord or focus switch it may reach the pane as plain esc bytes=[27]
2026-07-01T18:45:26.736524Z  WARN herdr::raw_input: flushing lone escape after input timeout; if this follows an alt chord or focus switch it may reach the pane as plain esc bytes=[27]
2026-07-01T18:45:26.904389Z  WARN herdr::raw_input: flushing lone escape after input timeout; if this follows an alt chord or focus switch it may reach the pane as plain esc bytes=[27]
2026-07-01T18:45:27.761117Z  WARN herdr::raw_input: flushing lone escape after input timeout; if this follows an alt chord or focus switch it may reach the pane as plain esc bytes=[27]
2026-07-01T18:45:44.536426Z  WARN herdr::raw_input: flushing lone escape after input timeout; if this follows an alt chord or focus switch it may reach the pane as plain esc bytes=[27]
2026-07-01T18:45:44.715512Z  WARN herdr::raw_input: flushing lone escape after input timeout; if this follows an alt chord or focus switch it may reach the pane as plain esc bytes=[27]
2026-07-01T18:45:44.878304Z  WARN herdr::raw_input: flushing lone escape after input timeout; if this follows an alt chord or focus switch it may reach the pane as plain esc bytes=[27]
2026-07-01T18:45:44.999231Z  WARN herdr::raw_input: flushing lone escape after input timeout; if this follows an alt chord or focus switch it may reach the pane as plain esc bytes=[27]
2026-07-01T18:45:59.241918Z  INFO herdr::logging: tab focused event="tab.focus" subsystem="tab" outcome="ok" workspace_id="w6" tab_id="w6:tA"
2026-07-01T18:46:00.223415Z  INFO herdr::logging: checking for updates event="update.check.start" subsystem="update" outcome="started"
2026-07-01T18:46:03.744683Z  INFO herdr::logging: tab focused event="tab.focus" subsystem="tab" outcome="ok" workspace_id="w6" tab_id="w6:tG"
2026-07-01T18:46:08.770734Z  INFO herdr::logging: session saved event="persist.save" subsystem="persist" outcome="ok" path=/home/aoeu/.config/herdr/session.json workspaces=1
2026-07-01T18:46:17.976916Z  INFO herdr::server::headless: client resize client_id=6 cols=93 rows=47 cell_width_px=0 cell_height_px=0
2026-07-01T18:50:20.094407Z  INFO herdr::server::headless: client resize client_id=6 cols=189 rows=47 cell_width_px=0 cell_height_px=0
2026-07-01T18:50:41.243701Z  INFO herdr::logging: tab focused event="tab.focus" subsystem="tab" outcome="ok" workspace_id="w6" tab_id="w6:tA"
2026-07-01T18:50:45.681456Z  INFO herdr::logging: tab focused event="tab.focus" subsystem="tab" outcome="ok" workspace_id="w6" tab_id="w6:tG"
2026-07-01T18:50:50.690531Z  INFO herdr::logging: session saved event="persist.save" subsystem="persist" outcome="ok" path=/home/aoeu/.config/herdr/session.json workspaces=1
2026-07-01T18:52:18.492686Z  INFO herdr::server::headless: client resize client_id=6 cols=93 rows=47 cell_width_px=0 cell_height_px=0
2026-07-01T18:54:04.362148Z  INFO herdr::server::headless: client resize client_id=6 cols=189 rows=47 cell_width_px=0 cell_height_px=0
2026-07-01T18:56:18.612704Z  WARN herdr::raw_input: flushing lone escape after input timeout; if this follows an alt chord or focus switch it may reach the pane as plain esc bytes=[27]
2026-07-01T18:56:18.813234Z  WARN herdr::raw_input: flushing lone escape after input timeout; if this follows an alt chord or focus switch it may reach the pane as plain esc bytes=[27]
2026-07-01T18:56:18.981068Z  WARN herdr::raw_input: flushing lone escape after input timeout; if this follows an alt chord or focus switch it may reach the pane as plain esc bytes=[27]
2026-07-01T18:56:19.131883Z  WARN herdr::raw_input: flushing lone escape after input timeout; if this follows an alt chord or focus switch it may reach the pane as plain esc bytes=[27]
2026-07-01T18:56:19.292453Z  WARN herdr::raw_input: flushing lone escape after input timeout; if this follows an alt chord or focus switch it may reach the pane as plain esc bytes=[27]
2026-07-01T18:57:25.977913Z  WARN herdr::raw_input: flushing lone escape after input timeout; if this follows an alt chord or focus switch it may reach the pane as plain esc bytes=[27]
2026-07-01T18:57:26.479459Z  WARN herdr::raw_input: flushing lone escape after input timeout; if this follows an alt chord or focus switch it may reach the pane as plain esc bytes=[27]
2026-07-01T18:58:17.336439Z  INFO herdr::server::headless: client resize client_id=6 cols=93 rows=47 cell_width_px=0 cell_height_px=0
2026-07-01T18:58:48.053442Z  WARN herdr::raw_input: flushing lone escape after input timeout; if this follows an alt chord or focus switch it may reach the pane as plain esc bytes=[27]
2026-07-01T18:58:48.236693Z  WARN herdr::raw_input: flushing lone escape after input timeout; if this follows an alt chord or focus switch it may reach the pane as plain esc bytes=[27]
2026-07-01T18:58:48.398218Z  WARN herdr::raw_input: flushing lone escape after input timeout; if this follows an alt chord or focus switch it may reach the pane as plain esc bytes=[27]
2026-07-01T18:58:48.482998Z  INFO herdr::server::headless: client resize client_id=6 cols=189 rows=47 cell_width_px=0 cell_height_px=0
2026-07-01T18:59:11.828777Z  INFO herdr::server::headless: client resize client_id=6 cols=93 rows=47 cell_width_px=0 cell_height_px=0
2026-07-01T19:00:52.812640Z  WARN herdr::raw_input: flushing lone escape after input timeout; if this follows an alt chord or focus switch it may reach the pane as plain esc bytes=[27]
2026-07-01T19:00:53.037085Z  WARN herdr::raw_input: flushing lone escape after input timeout; if this follows an alt chord or focus switch it may reach the pane as plain esc bytes=[27]
2026-07-01T19:00:53.199955Z  WARN herdr::raw_input: flushing lone escape after input timeout; if this follows an alt chord or focus switch it may reach the pane as plain esc bytes=[27]
2026-07-01T19:00:53.346358Z  WARN herdr::raw_input: flushing lone escape after input timeout; if this follows an alt chord or focus switch it may reach the pane as plain esc bytes=[27]
2026-07-01T19:01:27.973228Z  INFO herdr::server::headless: client resize client_id=6 cols=189 rows=47 cell_width_px=0 cell_height_px=0
2026-07-01T19:02:08.350219Z  INFO herdr::server::headless: client resize client_id=6 cols=93 rows=47 cell_width_px=0 cell_height_px=0
2026-07-01T19:02:55.895618Z  INFO herdr::logging: session saved event="persist.save" subsystem="persist" outcome="ok" path=/home/aoeu/.config/herdr/session.json workspaces=1
2026-07-01T19:03:38.674019Z  INFO herdr::server::headless: client resize client_id=6 cols=189 rows=47 cell_width_px=0 cell_height_px=0
2026-07-01T19:05:25.456205Z  INFO herdr::server::headless: client resize client_id=6 cols=93 rows=47 cell_width_px=0 cell_height_px=0
2026-07-01T19:06:34.003062Z  INFO herdr::logging: tab focused event="tab.focus" subsystem="tab" outcome="ok" workspace_id="w6" tab_id="w6:tA"
2026-07-01T19:06:39.007192Z  INFO herdr::logging: session saved event="persist.save" subsystem="persist" outcome="ok" path=/home/aoeu/.config/herdr/session.json workspaces=1
2026-07-01T19:06:56.421107Z  WARN herdr::raw_input: flushing lone escape after input timeout; if this follows an alt chord or focus switch it may reach the pane as plain esc bytes=[27]
2026-07-01T19:06:56.604971Z  WARN herdr::raw_input: flushing lone escape after input timeout; if this follows an alt chord or focus switch it may reach the pane as plain esc bytes=[27]
2026-07-01T19:06:56.769319Z  WARN herdr::raw_input: flushing lone escape after input timeout; if this follows an alt chord or focus switch it may reach the pane as plain esc bytes=[27]
2026-07-01T19:06:56.927830Z  WARN herdr::raw_input: flushing lone escape after input timeout; if this follows an alt chord or focus switch it may reach the pane as plain esc bytes=[27]
2026-07-01T19:06:59.281294Z  INFO herdr::logging: tab focused event="tab.focus" subsystem="tab" outcome="ok" workspace_id="w6" tab_id="w6:tG"
2026-07-01T19:07:04.284944Z  INFO herdr::logging: session saved event="persist.save" subsystem="persist" outcome="ok" path=/home/aoeu/.config/herdr/session.json workspaces=1
2026-07-01T19:10:41.048726Z  WARN herdr::raw_input: flushing lone escape after input timeout; if this follows an alt chord or focus switch it may reach the pane as plain esc bytes=[27]
2026-07-01T19:10:41.225053Z  WARN herdr::raw_input: flushing lone escape after input timeout; if this follows an alt chord or focus switch it may reach the pane as plain esc bytes=[27]
2026-07-01T19:10:41.368054Z  WARN herdr::raw_input: flushing lone escape after input timeout; if this follows an alt chord or focus switch it may reach the pane as plain esc bytes=[27]
2026-07-01T19:10:41.528707Z  WARN herdr::raw_input: flushing lone escape after input timeout; if this follows an alt chord or focus switch it may reach the pane as plain esc bytes=[27]
2026-07-01T19:10:41.663371Z  WARN herdr::raw_input: flushing lone escape after input timeout; if this follows an alt chord or focus switch it may reach the pane as plain esc bytes=[27]
2026-07-01T19:10:58.599835Z  INFO herdr::server::headless: client resize client_id=6 cols=189 rows=47 cell_width_px=0 cell_height_px=0
2026-07-01T19:11:24.166122Z  WARN herdr::raw_input: flushing lone escape after input timeout; if this follows an alt chord or focus switch it may reach the pane as plain esc bytes=[27]
2026-07-01T19:11:24.365056Z  WARN herdr::raw_input: flushing lone escape after input timeout; if this follows an alt chord or focus switch it may reach the pane as plain esc bytes=[27]
2026-07-01T19:11:24.527343Z  WARN herdr::raw_input: flushing lone escape after input timeout; if this follows an alt chord or focus switch it may reach the pane as plain esc bytes=[27]
2026-07-01T19:11:24.676043Z  WARN herdr::raw_input: flushing lone escape after input timeout; if this follows an alt chord or focus switch it may reach the pane as plain esc bytes=[27]
2026-07-01T19:16:00.224984Z  INFO herdr::logging: checking for updates event="update.check.start" subsystem="update" outcome="started"
2026-07-01T19:19:01.698537Z  WARN herdr::raw_input: flushing lone escape after input timeout; if this follows an alt chord or focus switch it may reach the pane as plain esc bytes=[27]
2026-07-01T19:19:01.867440Z  WARN herdr::raw_input: flushing lone escape after input timeout; if this follows an alt chord or focus switch it may reach the pane as plain esc bytes=[27]
2026-07-01T19:19:02.011260Z  WARN herdr::raw_input: flushing lone escape after input timeout; if this follows an alt chord or focus switch it may reach the pane as plain esc bytes=[27]
2026-07-01T19:19:55.852686Z  INFO herdr::server::headless: client resize client_id=6 cols=93 rows=47 cell_width_px=0 cell_height_px=0
2026-07-01T19:21:57.138635Z  WARN herdr::raw_input: flushing lone escape after input timeout; if this follows an alt chord or focus switch it may reach the pane as plain esc bytes=[27]
2026-07-01T19:21:57.305515Z  WARN herdr::raw_input: flushing lone escape after input timeout; if this follows an alt chord or focus switch it may reach the pane as plain esc bytes=[27]
2026-07-01T19:21:57.438981Z  WARN herdr::raw_input: flushing lone escape after input timeout; if this follows an alt chord or focus switch it may reach the pane as plain esc bytes=[27]
2026-07-01T19:21:57.589371Z  WARN herdr::raw_input: flushing lone escape after input timeout; if this follows an alt chord or focus switch it may reach the pane as plain esc bytes=[27]
2026-07-01T19:22:42.974790Z  INFO herdr::server::headless: client resize client_id=6 cols=189 rows=47 cell_width_px=0 cell_height_px=0
2026-07-01T19:23:03.364283Z  WARN herdr::raw_input: flushing lone escape after input timeout; if this follows an alt chord or focus switch it may reach the pane as plain esc bytes=[27]
2026-07-01T19:23:03.538969Z  WARN herdr::raw_input: flushing lone escape after input timeout; if this follows an alt chord or focus switch it may reach the pane as plain esc bytes=[27]
2026-07-01T19:23:03.703716Z  WARN herdr::raw_input: flushing lone escape after input timeout; if this follows an alt chord or focus switch it may reach the pane as plain esc bytes=[27]
2026-07-01T19:23:03.836786Z  WARN herdr::raw_input: flushing lone escape after input timeout; if this follows an alt chord or focus switch it may reach the pane as plain esc bytes=[27]
2026-07-01T19:23:30.073498Z  INFO herdr::server::headless: client resize client_id=6 cols=93 rows=47 cell_width_px=0 cell_height_px=0
2026-07-01T19:23:37.608234Z  WARN herdr::raw_input: flushing lone escape after input timeout; if this follows an alt chord or focus switch it may reach the pane as plain esc bytes=[27]
2026-07-01T19:23:37.818799Z  WARN herdr::raw_input: flushing lone escape after input timeout; if this follows an alt chord or focus switch it may reach the pane as plain esc bytes=[27]
2026-07-01T19:23:37.971161Z  WARN herdr::raw_input: flushing lone escape after input timeout; if this follows an alt chord or focus switch it may reach the pane as plain esc bytes=[27]
2026-07-01T19:24:06.327541Z  INFO herdr::server::headless: client resize client_id=6 cols=189 rows=47 cell_width_px=0 cell_height_px=0
2026-07-01T19:24:07.234286Z  INFO herdr::server::headless: client resize client_id=6 cols=93 rows=47 cell_width_px=0 cell_height_px=0
2026-07-01T19:24:37.784450Z  WARN herdr::raw_input: flushing lone escape after input timeout; if this follows an alt chord or focus switch it may reach the pane as plain esc bytes=[27]
2026-07-01T19:24:37.958469Z  WARN herdr::raw_input: flushing lone escape after input timeout; if this follows an alt chord or focus switch it may reach the pane as plain esc bytes=[27]
2026-07-01T19:24:38.100969Z  WARN herdr::raw_input: flushing lone escape after input timeout; if this follows an alt chord or focus switch it may reach the pane as plain esc bytes=[27]
2026-07-01T19:24:38.234017Z  WARN herdr::raw_input: flushing lone escape after input timeout; if this follows an alt chord or focus switch it may reach the pane as plain esc bytes=[27]
2026-07-01T19:24:49.101017Z  INFO herdr::server::headless: client resize client_id=6 cols=189 rows=47 cell_width_px=0 cell_height_px=0
2026-07-01T19:25:05.437483Z  WARN herdr::raw_input: flushing lone escape after input timeout; if this follows an alt chord or focus switch it may reach the pane as plain esc bytes=[27]
2026-07-01T19:25:05.606035Z  WARN herdr::raw_input: flushing lone escape after input timeout; if this follows an alt chord or focus switch it may reach the pane as plain esc bytes=[27]
2026-07-01T19:25:05.748642Z  WARN herdr::raw_input: flushing lone escape after input timeout; if this follows an alt chord or focus switch it may reach the pane as plain esc bytes=[27]
2026-07-01T19:25:20.958244Z  INFO herdr::server::headless: client resize client_id=6 cols=93 rows=47 cell_width_px=0 cell_height_px=0
2026-07-01T19:25:49.378517Z  WARN herdr::raw_input: flushing lone escape after input timeout; if this follows an alt chord or focus switch it may reach the pane as plain esc bytes=[27]
2026-07-01T19:25:49.594325Z  WARN herdr::raw_input: flushing lone escape after input timeout; if this follows an alt chord or focus switch it may reach the pane as plain esc bytes=[27]
2026-07-01T19:25:49.783854Z  WARN herdr::raw_input: flushing lone escape after input timeout; if this follows an alt chord or focus switch it may reach the pane as plain esc bytes=[27]
2026-07-01T19:25:49.805079Z  INFO herdr::server::headless: client resize client_id=6 cols=189 rows=47 cell_width_px=0 cell_height_px=0
2026-07-01T19:25:49.898462Z  WARN herdr::raw_input: flushing lone escape after input timeout; if this follows an alt chord or focus switch it may reach the pane as plain esc bytes=[27]
2026-07-01T19:27:15.684398Z  INFO herdr::logging: spawning pane terminal event="pane.spawn.start" subsystem="pane" outcome="started" pane_id=12 rows=46 cols=185 scrollback_limit_bytes=10000000
2026-07-01T19:27:15.694057Z  INFO herdr::logging: pane child spawned event="pane.spawned" subsystem="pane" outcome="ok" pane_id=12 pid=3103
2026-07-01T19:27:15.694723Z  INFO herdr::logging: tab focused event="tab.focus" subsystem="tab" outcome="ok" workspace_id="w6" tab_id="w6:tH"
2026-07-01T19:27:15.694921Z  INFO herdr::logging: tab created event="tab.create" subsystem="tab" outcome="ok" workspace_id="w6" tab_id="w6:tH" pane_id=12
2026-07-01T19:27:20.709699Z  INFO herdr::logging: session saved event="persist.save" subsystem="persist" outcome="ok" path=/home/aoeu/.config/herdr/session.json workspaces=1
2026-07-01T19:28:52.952852Z  WARN herdr::raw_input: flushing lone escape after input timeout; if this follows an alt chord or focus switch it may reach the pane as plain esc bytes=[27]
2026-07-01T19:29:10.243320Z  INFO herdr::logging: pane child exited event="pane.exit" subsystem="pane" outcome="completed" pane_id=12 status="ExitStatus { code: 0, signal: None }"
2026-07-01T19:29:10.243464Z  INFO herdr::pane: pane session terminated pane=12 pid=3103 signal=Hangup
2026-07-01T19:29:15.258461Z  INFO herdr::logging: session saved event="persist.save" subsystem="persist" outcome="ok" path=/home/aoeu/.config/herdr/session.json workspaces=1
2026-07-01T19:29:19.801497Z  INFO herdr::logging: spawning pane terminal event="pane.spawn.start" subsystem="pane" outcome="started" pane_id=13 rows=46 cols=185 scrollback_limit_bytes=10000000
2026-07-01T19:29:19.803405Z  INFO herdr::logging: pane child spawned event="pane.spawned" subsystem="pane" outcome="ok" pane_id=13 pid=5976
2026-07-01T19:29:19.803582Z  INFO herdr::logging: tab focused event="tab.focus" subsystem="tab" outcome="ok" workspace_id="w6" tab_id="w6:tJ"
2026-07-01T19:29:19.803597Z  INFO herdr::logging: tab created event="tab.create" subsystem="tab" outcome="ok" workspace_id="w6" tab_id="w6:tJ" pane_id=13
2026-07-01T19:29:23.880331Z  INFO herdr::pane: agent changed pane=13 previous_agent=None agent=Some(OpenCode) process=opencode pgid=Some(6087)
2026-07-01T19:29:24.819063Z  INFO herdr::logging: session saved event="persist.save" subsystem="persist" outcome="ok" path=/home/aoeu/.config/herdr/session.json workspaces=1
2026-07-01T19:29:25.582305Z  INFO herdr::logging: tab focused event="tab.focus" subsystem="tab" outcome="ok" workspace_id="w6" tab_id="w6:tG"
2026-07-01T19:29:30.586999Z  INFO herdr::logging: session saved event="persist.save" subsystem="persist" outcome="ok" path=/home/aoeu/.config/herdr/session.json workspaces=1
2026-07-01T19:29:31.361673Z  INFO herdr::logging: tab focused event="tab.focus" subsystem="tab" outcome="ok" workspace_id="w6" tab_id="w6:tJ"
2026-07-01T19:29:32.930059Z  WARN herdr::raw_input: flushing lone escape after input timeout; if this follows an alt chord or focus switch it may reach the pane as plain esc bytes=[27]
2026-07-01T19:29:36.365778Z  INFO herdr::logging: session saved event="persist.save" subsystem="persist" outcome="ok" path=/home/aoeu/.config/herdr/session.json workspaces=1
2026-07-01T19:29:39.303270Z  INFO herdr::pane: agent changed pane=13 previous_agent=None agent=Some(OpenCode) process=opencode pgid=Some(6087)
2026-07-01T19:29:44.249945Z  INFO herdr::logging: session saved event="persist.save" subsystem="persist" outcome="ok" path=/home/aoeu/.config/herdr/session.json workspaces=1
2026-07-01T19:30:01.986879Z  INFO herdr::logging: tab focused event="tab.focus" subsystem="tab" outcome="ok" workspace_id="w6" tab_id="w6:tG"
2026-07-01T19:30:05.600719Z  INFO herdr::logging: tab focused event="tab.focus" subsystem="tab" outcome="ok" workspace_id="w6" tab_id="w6:tJ"
2026-07-01T19:30:10.609978Z  INFO herdr::logging: session saved event="persist.save" subsystem="persist" outcome="ok" path=/home/aoeu/.config/herdr/session.json workspaces=1
2026-07-01T19:30:15.303105Z  INFO herdr::logging: tab focused event="tab.focus" subsystem="tab" outcome="ok" workspace_id="w6" tab_id="w6:tG"
2026-07-01T19:30:19.462058Z  INFO herdr::logging: tab focused event="tab.focus" subsystem="tab" outcome="ok" workspace_id="w6" tab_id="w6:tJ"
2026-07-01T19:30:24.477134Z  INFO herdr::logging: session saved event="persist.save" subsystem="persist" outcome="ok" path=/home/aoeu/.config/herdr/session.json workspaces=1
2026-07-01T19:30:28.230371Z  INFO herdr::logging: tab focused event="tab.focus" subsystem="tab" outcome="ok" workspace_id="w6" tab_id="w6:tG"
2026-07-01T19:30:31.950141Z  INFO herdr::logging: tab focused event="tab.focus" subsystem="tab" outcome="ok" workspace_id="w6" tab_id="w6:tJ"
2026-07-01T19:30:35.385684Z  INFO herdr::logging: tab focused event="tab.focus" subsystem="tab" outcome="ok" workspace_id="w6" tab_id="w6:tG"
2026-07-01T19:30:36.497259Z  INFO herdr::logging: tab focused event="tab.focus" subsystem="tab" outcome="ok" workspace_id="w6" tab_id="w6:tJ"
2026-07-01T19:30:41.503572Z  INFO herdr::logging: session saved event="persist.save" subsystem="persist" outcome="ok" path=/home/aoeu/.config/herdr/session.json workspaces=1
2026-07-01T19:32:09.630434Z  INFO herdr::logging: tab focused event="tab.focus" subsystem="tab" outcome="ok" workspace_id="w6" tab_id="w6:tG"
2026-07-01T19:32:14.637675Z  INFO herdr::logging: session saved event="persist.save" subsystem="persist" outcome="ok" path=/home/aoeu/.config/herdr/session.json workspaces=1
2026-07-01T19:32:16.520599Z  INFO herdr::logging: tab focused event="tab.focus" subsystem="tab" outcome="ok" workspace_id="w6" tab_id="w6:tJ"
2026-07-01T19:32:21.537127Z  INFO herdr::logging: session saved event="persist.save" subsystem="persist" outcome="ok" path=/home/aoeu/.config/herdr/session.json workspaces=1
2026-07-01T19:32:25.713933Z  INFO herdr::logging: spawning pane terminal event="pane.spawn.start" subsystem="pane" outcome="started" pane_id=14 rows=46 cols=185 scrollback_limit_bytes=10000000
2026-07-01T19:32:25.718223Z  INFO herdr::logging: pane child spawned event="pane.spawned" subsystem="pane" outcome="ok" pane_id=14 pid=15405
2026-07-01T19:32:25.718819Z  INFO herdr::logging: tab focused event="tab.focus" subsystem="tab" outcome="ok" workspace_id="w6" tab_id="w6:tK"
2026-07-01T19:32:25.718869Z  INFO herdr::logging: tab created event="tab.create" subsystem="tab" outcome="ok" workspace_id="w6" tab_id="w6:tK" pane_id=14
2026-07-01T19:32:30.754567Z  INFO herdr::logging: session saved event="persist.save" subsystem="persist" outcome="ok" path=/home/aoeu/.config/herdr/session.json workspaces=1
2026-07-01T19:33:23.855706Z  WARN herdr::raw_input: flushing lone escape after input timeout; if this follows an alt chord or focus switch it may reach the pane as plain esc bytes=[27]
2026-07-01T19:33:35.446886Z  INFO herdr::logging: tab focused event="tab.focus" subsystem="tab" outcome="ok" workspace_id="w6" tab_id="w6:tJ"
2026-07-01T19:33:40.457040Z  INFO herdr::logging: session saved event="persist.save" subsystem="persist" outcome="ok" path=/home/aoeu/.config/herdr/session.json workspaces=1
2026-07-01T19:34:16.821264Z  INFO herdr::logging: tab focused event="tab.focus" subsystem="tab" outcome="ok" workspace_id="w6" tab_id="w6:tD"
2026-07-01T19:34:17.892047Z  INFO herdr::logging: tab focused event="tab.focus" subsystem="tab" outcome="ok" workspace_id="w6" tab_id="w6:tG"
2026-07-01T19:34:21.225206Z  WARN herdr::raw_input: flushing lone escape after input timeout; if this follows an alt chord or focus switch it may reach the pane as plain esc bytes=[27]
2026-07-01T19:34:21.431429Z  WARN herdr::raw_input: flushing lone escape after input timeout; if this follows an alt chord or focus switch it may reach the pane as plain esc bytes=[27]
2026-07-01T19:34:21.586568Z  WARN herdr::raw_input: flushing lone escape after input timeout; if this follows an alt chord or focus switch it may reach the pane as plain esc bytes=[27]
2026-07-01T19:34:21.743130Z  WARN herdr::raw_input: flushing lone escape after input timeout; if this follows an alt chord or focus switch it may reach the pane as plain esc bytes=[27]
2026-07-01T19:34:22.896824Z  INFO herdr::logging: session saved event="persist.save" subsystem="persist" outcome="ok" path=/home/aoeu/.config/herdr/session.json workspaces=1
2026-07-01T19:34:25.516599Z  INFO herdr::logging: tab focused event="tab.focus" subsystem="tab" outcome="ok" workspace_id="w6" tab_id="w6:tJ"
2026-07-01T19:34:30.523589Z  INFO herdr::logging: session saved event="persist.save" subsystem="persist" outcome="ok" path=/home/aoeu/.config/herdr/session.json workspaces=1
2026-07-01T19:35:08.428108Z  INFO herdr::logging: tab focused event="tab.focus" subsystem="tab" outcome="ok" workspace_id="w6" tab_id="w6:tK"
2026-07-01T19:35:11.985606Z  INFO herdr::logging: tab focused event="tab.focus" subsystem="tab" outcome="ok" workspace_id="w6" tab_id="w6:tJ"
2026-07-01T19:35:17.010121Z  INFO herdr::logging: session saved event="persist.save" subsystem="persist" outcome="ok" path=/home/aoeu/.config/herdr/session.json workspaces=1
2026-07-01T19:35:39.431744Z  INFO herdr::logging: tab focused event="tab.focus" subsystem="tab" outcome="ok" workspace_id="w6" tab_id="w6:tK"
2026-07-01T19:35:44.436982Z  INFO herdr::logging: session saved event="persist.save" subsystem="persist" outcome="ok" path=/home/aoeu/.config/herdr/session.json workspaces=1
2026-07-01T19:36:08.554314Z  INFO herdr::logging: tab focused event="tab.focus" subsystem="tab" outcome="ok" workspace_id="w6" tab_id="w6:tJ"
2026-07-01T19:36:13.567788Z  INFO herdr::logging: session saved event="persist.save" subsystem="persist" outcome="ok" path=/home/aoeu/.config/herdr/session.json workspaces=1
2026-07-01T19:36:38.448569Z  INFO herdr::logging: tab focused event="tab.focus" subsystem="tab" outcome="ok" workspace_id="w6" tab_id="w6:tK"
2026-07-01T19:36:43.455955Z  INFO herdr::logging: session saved event="persist.save" subsystem="persist" outcome="ok" path=/home/aoeu/.config/herdr/session.json workspaces=1
2026-07-01T19:37:10.032043Z  INFO herdr::logging: tab focused event="tab.focus" subsystem="tab" outcome="ok" workspace_id="w6" tab_id="w6:tJ"
2026-07-01T19:37:13.043596Z  INFO herdr::logging: tab focused event="tab.focus" subsystem="tab" outcome="ok" workspace_id="w6" tab_id="w6:tK"
2026-07-01T19:37:17.036744Z  INFO herdr::logging: pane child exited event="pane.exit" subsystem="pane" outcome="completed" pane_id=14 status="ExitStatus { code: 0, signal: None }"
2026-07-01T19:37:17.036878Z  INFO herdr::pane: pane session terminated pane=14 pid=15405 signal=Hangup
2026-07-01T19:37:20.363036Z  INFO herdr::pane: agent changed pane=13 previous_agent=Some(OpenCode) agent=None pgid=Some(5976)
2026-07-01T19:37:23.046607Z  INFO herdr::logging: pane child exited event="pane.exit" subsystem="pane" outcome="completed" pane_id=13 status="ExitStatus { code: 0, signal: None }"
2026-07-01T19:37:23.046744Z  INFO herdr::pane: pane session terminated pane=13 pid=5976 signal=Hangup
2026-07-01T19:37:24.863640Z  WARN herdr::raw_input: flushing lone escape after input timeout; if this follows an alt chord or focus switch it may reach the pane as plain esc bytes=[27]
2026-07-01T19:37:25.048884Z  WARN herdr::raw_input: flushing lone escape after input timeout; if this follows an alt chord or focus switch it may reach the pane as plain esc bytes=[27]
2026-07-01T19:37:25.209753Z  WARN herdr::raw_input: flushing lone escape after input timeout; if this follows an alt chord or focus switch it may reach the pane as plain esc bytes=[27]
2026-07-01T19:37:28.052322Z  INFO herdr::logging: session saved event="persist.save" subsystem="persist" outcome="ok" path=/home/aoeu/.config/herdr/session.json workspaces=1
2026-07-01T19:37:45.645225Z  WARN herdr::raw_input: flushing lone escape after input timeout; if this follows an alt chord or focus switch it may reach the pane as plain esc bytes=[27]
2026-07-01T19:37:45.821829Z  WARN herdr::raw_input: flushing lone escape after input timeout; if this follows an alt chord or focus switch it may reach the pane as plain esc bytes=[27]
2026-07-01T19:37:45.982031Z  WARN herdr::raw_input: flushing lone escape after input timeout; if this follows an alt chord or focus switch it may reach the pane as plain esc bytes=[27]
2026-07-01T19:37:46.131409Z  WARN herdr::raw_input: flushing lone escape after input timeout; if this follows an alt chord or focus switch it may reach the pane as plain esc bytes=[27]
2026-07-01T19:37:57.627242Z  INFO herdr::logging: spawning pane terminal event="pane.spawn.start" subsystem="pane" outcome="started" pane_id=15 rows=46 cols=162 scrollback_limit_bytes=10000000
2026-07-01T19:37:57.630152Z  INFO herdr::logging: pane child spawned event="pane.spawned" subsystem="pane" outcome="ok" pane_id=15 pid=25031
2026-07-01T19:37:57.630714Z  INFO herdr::logging: tab focused event="tab.focus" subsystem="tab" outcome="ok" workspace_id="w6" tab_id="w6:tM"
2026-07-01T19:37:57.630761Z  INFO herdr::logging: tab created event="tab.create" subsystem="tab" outcome="ok" workspace_id="w6" tab_id="w6:tM" pane_id=15
2026-07-01T19:38:02.662258Z  INFO herdr::logging: session saved event="persist.save" subsystem="persist" outcome="ok" path=/home/aoeu/.config/herdr/session.json workspaces=1
2026-07-01T19:38:14.462647Z  WARN herdr::raw_input: flushing lone escape after input timeout; if this follows an alt chord or focus switch it may reach the pane as plain esc bytes=[27]
2026-07-01T19:38:25.422489Z  INFO herdr::pane: agent changed pane=15 previous_agent=None agent=Some(OpenCode) process=opencode pgid=Some(25417)
2026-07-01T19:38:26.769198Z  INFO herdr::logging: session saved event="persist.save" subsystem="persist" outcome="ok" path=/home/aoeu/.config/herdr/session.json workspaces=1
2026-07-01T19:38:45.329597Z  INFO herdr::pane: agent changed pane=15 previous_agent=None agent=Some(OpenCode) process=opencode pgid=Some(25417)
2026-07-01T19:38:50.254983Z  INFO herdr::logging: session saved event="persist.save" subsystem="persist" outcome="ok" path=/home/aoeu/.config/herdr/session.json workspaces=1
2026-07-01T19:43:19.819370Z  WARN herdr::app: unknown theme, falling back theme="red" fallback="catppuccin"
2026-07-01T19:44:06.717156Z  WARN herdr::app: unknown theme, falling back theme="red" fallback="catppuccin"
2026-07-01T19:45:32.304467Z  WARN herdr::app: unknown theme, falling back theme="red" fallback="catppuccin"
2026-07-01T19:45:54.573196Z  WARN herdr::app: unknown theme, falling back theme="red" fallback="catppuccin"
2026-07-01T19:46:00.226614Z  INFO herdr::logging: checking for updates event="update.check.start" subsystem="update" outcome="started"
2026-07-01T19:46:57.005034Z  WARN herdr::app: unknown theme, falling back theme="red" fallback="catppuccin"
2026-07-01T19:46:59.701902Z  WARN herdr::app: unknown theme, falling back theme="red" fallback="catppuccin"
2026-07-01T19:47:03.698373Z  INFO herdr::logging: tab focused event="tab.focus" subsystem="tab" outcome="ok" workspace_id="w6" tab_id="w6:tG"
2026-07-01T19:47:04.755025Z  INFO herdr::logging: tab focused event="tab.focus" subsystem="tab" outcome="ok" workspace_id="w6" tab_id="w6:tM"
2026-07-01T19:47:09.767405Z  INFO herdr::logging: session saved event="persist.save" subsystem="persist" outcome="ok" path=/home/aoeu/.config/herdr/session.json workspaces=1
2026-07-01T19:48:06.402511Z  WARN herdr::app: unknown theme, falling back theme="red" fallback="catppuccin"
2026-07-01T19:48:54.386776Z  WARN herdr::app: unknown theme, falling back theme="red" fallback="catppuccin"
2026-07-01T19:49:04.226125Z  INFO herdr::pane: agent changed pane=15 previous_agent=Some(OpenCode) agent=None pgid=Some(25031)
2026-07-01T19:49:08.923691Z  INFO herdr::logging: session saved event="persist.save" subsystem="persist" outcome="ok" path=/home/aoeu/.config/herdr/session.json workspaces=1
